frame,t_ms,lh_x0,lh_y0,lh_z0,lh_x1,lh_y1,lh_z1,lh_x2,lh_y2,lh_z2,lh_x3,lh_y3,lh_z3,lh_x4,lh_y4,lh_z4,lh_x5,lh_y5,lh_z5,lh_x6,lh_y6,lh_z6,lh_x7,lh_y7,lh_z7,lh_x8,lh_y8,lh_z8,lh_x9,lh_y9,lh_z9,lh_x10,lh_y10,lh_z10,lh_x11,lh_y11,lh_z11,lh_x12,lh_y12,lh_z12,lh_x13,lh_y13,lh_z13,lh_x14,lh_y14,lh_z14,lh_x15,lh_y15,lh_z15,lh_x16,lh_y16,lh_z16,lh_x17,lh_y17,lh_z17,lh_x18,lh_y18,lh_z18,lh_x19,lh_y19,lh_z19,lh_x20,lh_y20,lh_z20,rh_x0,rh_y0,rh_z0,rh_x1,rh_y1,rh_z1,rh_x2,rh_y2,rh_z2,rh_x3,rh_y3,rh_z3,rh_x4,rh_y4,rh_z4,rh_x5,rh_y5,rh_z5,rh_x6,rh_y6,rh_z6,rh_x7,rh_y7,rh_z7,rh_x8,rh_y8,rh_z8,rh_x9,rh_y9,rh_z9,rh_x10,rh_y10,rh_z10,rh_x11,rh_y11,rh_z11,rh_x12,rh_y12,rh_z12,rh_x13,rh_y13,rh_z13,rh_x14,rh_y14,rh_z14,rh_x15,rh_y15,rh_z15,rh_x16,rh_y16,rh_z16,rh_x17,rh_y17,rh_z17,rh_x18,rh_y18,rh_z18,rh_x19,rh_y19,rh_z19,rh_x20,rh_y20,rh_z20,l_shoulder_x,l_shoulder_y,l_shoulder_z,l_shoulder_vis,l_shoulder_pres,r_shoulder_x,r_shoulder_y,r_shoulder_z,r_shoulder_vis,r_shoulder_pres,l_elbow_x,l_elbow_y,l_elbow_z,l_elbow_vis,l_elbow_pres,r_elbow_x,r_elbow_y,r_elbow_z,r_elbow_vis,r_elbow_pres,l_wrist_x,l_wrist_y,l_wrist_z,l_wrist_vis,l_wrist_pres,r_wrist_x,r_wrist_y,r_wrist_z,r_wrist_vis,r_wrist_pres,lbrow_outer_x,lbrow_outer_y,lbrow_outer_z,lbrow_inner_x,lbrow_inner_y,lbrow_inner_z,rbrow_inner_x,rbrow_inner_y,rbrow_inner_z,rbrow_outer_x,rbrow_outer_y,rbrow_outer_z,mouth_right_x,mouth_right_y,mouth_right_z,mouth_left_x,mouth_left_y,mouth_left_z
0,0,0.5547386407852173,0.7755447030067444,1.1014773093620533e-07,0.5266168117523193,0.7629832625389099,0.0008628111099824309,0.5033625960350037,0.776500940322876,-0.0013384096091613173,0.490206241607666,0.801177978515625,-0.003483160864561796,0.4825877547264099,0.8236060738563538,-0.005888277664780617,0.5052425861358643,0.7793592214584351,-0.01184350810945034,0.4788109064102173,0.8021703362464905,-0.016446294263005257,0.46455079317092896,0.8172000050544739,-0.017511960119009018,0.45452120900154114,0.8279104232788086,-0.01723433844745159,0.5145262479782104,0.8057333827018738,-0.01413873303681612,0.4869755804538727,0.8402368426322937,-0.017583662644028664,0.47399112582206726,0.8493778705596924,-0.016032123938202858,0.46775758266448975,0.851676881313324,-0.014673220925033092,0.5233790278434753,0.8298872709274292,-0.015484754927456379,0.4955163896083832,0.8613333106040955,-0.0172265637665987,0.48734572529792786,0.8573024272918701,-0.013061939738690853,0.4871547520160675,0.8486350774765015,-0.009751536883413792,0.5301995873451233,0.8480189442634583,-0.016642509028315544,0.5063516497612,0.8685269355773926,-0.016417641192674637,0.49922600388526917,0.8616824746131897,-0.011651725508272648,0.49948203563690186,0.8527807593345642,-0.007676337379962206,,,,,,,,,,,,,,,,,,,,,,,,,,,,,,,,,,,,,,,,,,,,,,,,,,,,,,,,,,,,,,,,0.5770459175109863,0.3874075710773468,-0.24554410576820374,0.9998446702957153,0.9990735054016113,0.37616464495658875,0.41777893900871277,-0.19589179754257202,0.999893307685852,0.9994093179702759,0.6413178443908691,0.6680313348770142,-0.26335594058036804,0.9979885816574097,0.9939181804656982,0.32550546526908875,0.7139266133308411,-0.30159634351730347,0.9949707388877869,0.992355227470398,0.5416271686553955,0.7804588079452515,-0.46950477361679077,0.9845369458198547,0.991010308265686,0.44858112931251526,0.7770777940750122,-0.6130423545837402,0.9654953479766846,0.9910665154457092,0.43222251534461975,0.10736086219549179,0.0003695251070894301,0.4210377633571625,0.12154173851013184,0.01152618508785963,0.5088827610015869,0.11192595213651657,0.010708996094763279,0.4966101348400116,0.10018268972635269,-0.00036425015423446894,0.4507761001586914,0.22666466236114502,-0.0004901394131593406,0.4875450134277344,0.2240438461303711,-0.0010231159394606948
1,100,0.5530591607093811,0.7785711288452148,1.3737518145262584e-07,0.5262868404388428,0.766276478767395,0.000564850342925638,0.503207802772522,0.7781330347061157,-0.0013340329751372337,0.48938795924186707,0.7994582653045654,-0.0029731332324445248,0.4806416630744934,0.8193880319595337,-0.004980487748980522,0.5052468776702881,0.7805675268173218,-0.01248390693217516,0.47937092185020447,0.8031432032585144,-0.016838837414979935,0.465328574180603,0.8176858425140381,-0.017766550183296204,0.45539534091949463,0.8285212516784668,-0.017465855926275253,0.514460563659668,0.8062626719474792,-0.014395718462765217,0.488228976726532,0.8383992314338684,-0.017445074394345284,0.47553956508636475,0.8485764265060425,-0.016121426597237587,0.4689169228076935,0.8531278967857361,-0.014937127940356731,0.5231732726097107,0.8296829462051392,-0.01530630886554718,0.49769341945648193,0.8602486252784729,-0.016186542809009552,0.4893050491809845,0.8583570122718811,-0.012321491725742817,0.48787662386894226,0.8519598841667175,-0.00949092861264944,0.5297010540962219,0.8475521206855774,-0.01607653684914112,0.5075868368148804,0.8690276145935059,-0.0152195505797863,0.5008905529975891,0.8642539381980896,-0.010601854883134365,0.5009945034980774,0.8569145798683167,-0.006847189273685217,0.43113693594932556,0.775669276714325,4.154291843860847e-08,0.4587569534778595,0.7632341384887695,0.0016984159592539072,0.486603707075119,0.775092363357544,0.0009676369954831898,0.5059641599655151,0.7913896441459656,-0.0008528447360731661,0.5179728269577026,0.8098289966583252,-0.002461869502440095,0.49213114380836487,0.7845167517662048,-0.0011110423365607858,0.5166864991188049,0.8031558394432068,-0.00841520819813013,0.532407820224762,0.8188205361366272,-0.013723536394536495,0.5439513921737671,0.8306781053543091,-0.016705667600035667,0.4913073480129242,0.8018555045127869,-0.004783525597304106,0.5150570273399353,0.8207707405090332,-0.010623684152960777,0.5298184752464294,0.8328925371170044,-0.014008722268044949,0.5429425835609436,0.8421554565429688,-0.0158904530107975,0.48910078406333923,0.8192467093467712,-0.008643441833555698,0.5112143158912659,0.8365331888198853,-0.013512413017451763,0.5244388580322266,0.8474245667457581,-0.013465866446495056,0.5367254614830017,0.8541352152824402,-0.012662796303629875,0.4854172468185425,0.834335446357727,-0.012550713494420052,0.5045045018196106,0.8484776020050049,-0.014646722935140133,0.5164033770561218,0.8559014797210693,-0.013022431172430515,0.5269374847412109,0.8581652641296387,-0.01135389693081379,0.5768396258354187,0.38291019201278687,-0.2334599792957306,0.9998425245285034,0.9991273283958435,0.37568172812461853,0.4175375998020172,-0.19813218712806702,0.9998922348022461,0.9994207620620728,0.6413173675537109,0.6680248975753784,-0.25116631388664246,0.9980685114860535,0.9960682392120361,0.32518020272254944,0.7137324810028076,-0.3100665509700775,0.9952455163002014,0.9944227337837219,0.5433250665664673,0.7801176309585571,-0.465684711933136,0.9852624535560608,0.9935085773468018,0.44244498014450073,0.777068018913269,-0.6356228590011597,0.9676566123962402,0.9917945265769958,0.43301650881767273,0.10778531432151794,-0.000241981033468619,0.4217405319213867,0.12227702140808105,0.0109099755063653,0.5092408657073975,0.11420883238315582,0.010535964742302895,0.4970413148403168,0.10251493006944656,-0.0007433348218910396,0.4499206840991974,0.2287174016237259,-2.025675530603621e-05,0.48797985911369324,0.22519659996032715,-0.00018808411550708115
2,200,0.550805389881134,0.7803800106048584,1.4406380444142997e-07,0.5251178741455078,0.7676397562026978,-0.0002948151377495378,0.5018320083618164,0.7802456617355347,-0.0026601653080433607,0.48763006925582886,0.802298903465271,-0.004506715573370457,0.4785793423652649,0.8226369619369507,-0.0066995746456086636,0.5041402578353882,0.781083345413208,-0.014154926873743534,0.4783419966697693,0.8041062951087952,-0.01888401247560978,0.46396780014038086,0.818706750869751,-0.01986273005604744,0.453852117061615,0.828736424446106,-0.019570520147681236,0.5131651759147644,0.8071866035461426,-0.015797195956110954,0.48717987537384033,0.8405781984329224,-0.019195059314370155,0.47422319650650024,0.8503885269165039,-0.017812643200159073,0.4674971103668213,0.8538616895675659,-0.016592446714639664,0.5218058228492737,0.8309782147407532,-0.016457444056868553,0.4961481988430023,0.8620913624763489,-0.017960520461201668,0.4879424273967743,0.8587452173233032,-0.014156701974570751,0.4870290458202362,0.8508777618408203,-0.011267323978245258,0.528428852558136,0.8490562438964844,-0.016993219032883644,0.5060638189315796,0.8698842525482178,-0.017013827338814735,0.49981555342674255,0.8638494610786438,-0.012762738391757011,0.500559389591217,0.8557720184326172,-0.009158754721283913,0.4257933497428894,0.7704896926879883,1.0200880495858655e-07,0.45476004481315613,0.7595199942588806,0.002961227670311928,0.4820229709148407,0.7711458206176758,0.0027876547537744045,0.5001837611198425,0.7877721786499023,0.001633848063647747,0.5115396976470947,0.8068122863769531,0.0006077445577830076,0.487953782081604,0.7718153595924377,0.00014147422916721553,0.508961021900177,0.7956297993659973,-0.005839083343744278,0.5238824486732483,0.8166542053222656,-0.010628730058670044,0.5346410870552063,0.8327699899673462,-0.013405206613242626,0.4831773340702057,0.7897396087646484,-0.003915811888873577,0.50467449426651,0.8139927983283997,-0.0076005165465176105,0.5181962251663208,0.8329436182975769,-0.009536447934806347,0.5298725366592407,0.8500065207481384,-0.010727069340646267,0.4767288267612457,0.8088831901550293,-0.007974358275532722,0.4980674386024475,0.8294175863265991,-0.01043875515460968,0.510056734085083,0.8463512063026428,-0.008215519599616528,0.5208248496055603,0.8608502745628357,-0.006373489275574684,0.46907076239585876,0.8273822665214539,-0.012169715948402882,0.4880550801753998,0.8431242108345032,-0.012470078654587269,0.4987243413925171,0.8551601767539978,-0.009084178134799004,0.5083187818527222,0.8644949793815613,-0.006353409960865974,0.5767733454704285,0.38059917092323303,-0.22661009430885315,0.9998404383659363,0.9990713596343994,0.3749813437461853,0.4169022738933563,-0.19874081015586853,0.9998903870582581,0.9993481040000916,0.6413198709487915,0.6687353253364563,-0.2409529983997345,0.9980844259262085,0.9939665794372559,0.32518091797828674,0.713711142539978,-0.31491807103157043,0.9953994750976562,0.9918524622917175,0.543228805065155,0.7801112532615662,-0.4517139792442322,0.9855867624282837,0.9904569983482361,0.4397967457771301,0.7766081690788269,-0.6388391256332397,0.9690700769424438,0.9887813329696655,0.43345338106155396,0.10923843830823898,-1.6701653294148855e-05,0.42214417457580566,0.12353824824094772,0.011124584823846817,0.5095595121383667,0.11580444872379303,0.010627390816807747,0.4973163604736328,0.10407055169343948,-0.0005724416114389896,0.44989249110221863,0.22900883853435516,-3.554706563591026e-05,0.4882763624191284,0.22623661160469055,-0.000296800717478618
3,300,0.5497128367424011,0.7815969586372375,1.4481481969141896e-07,0.5244340896606445,0.7683058977127075,-0.0007389073725789785,0.5013823509216309,0.7808607220649719,-0.003327774815261364,0.4874018132686615,0.8028895258903503,-0.005271618254482746,0.47849470376968384,0.8228389024734497,-0.007591539993882179,0.5033899545669556,0.7817414999008179,-0.01523829810321331,0.47724074125289917,0.8042473793029785,-0.0201334897428751,0.4628596305847168,0.8187559843063354,-0.02111225202679634,0.4527014493942261,0.8285308480262756,-0.02082310989499092,0.5123062133789062,0.8083580136299133,-0.016700446605682373,0.4861122667789459,0.8420530557632446,-0.02016478031873703,0.47322094440460205,0.8520563244819641,-0.01876750774681568,0.4667115807533264,0.8554674386978149,-0.017570525407791138,0.520964503288269,0.8322925567626953,-0.01715932972729206,0.49523863196372986,0.8640177249908447,-0.018854504451155663,0.4874177873134613,0.8597075939178467,-0.015210414305329323,0.48696544766426086,0.8508889675140381,-0.012439324520528316,0.5275888442993164,0.8500262498855591,-0.017495129257440567,0.5054194927215576,0.8713652491569519,-0.01801716536283493,0.49959635734558105,0.8647512197494507,-0.014052776619791985,0.5007458329200745,0.8560150265693665,-0.010585621930658817,0.4252856373786926,0.7723392248153687,1.1074357786355904e-07,0.4537765085697174,0.7603009939193726,0.0032144226133823395,0.48076942563056946,0.7717484831809998,0.003438633866608143,0.4981037378311157,0.7880846858024597,0.002607205184176564,0.5094729661941528,0.8052808046340942,0.0019823831971734762,0.4855363070964813,0.7724272608757019,0.0015330901369452477,0.5060136318206787,0.7936062216758728,-0.003980002831667662,0.5210510492324829,0.8126601576805115,-0.008499915711581707,0.5319482684135437,0.8266482353210449,-0.011099351570010185,0.4807007610797882,0.7902178764343262,-0.0027666985988616943,0.5019351840019226,0.812498927116394,-0.00615977868437767,0.5158718228340149,0.830001950263977,-0.008202464319765568,0.5279321074485779,0.8448723554611206,-0.009434434585273266,0.4746207594871521,0.8093631267547607,-0.007130186539143324,0.49519839882850647,0.8289226293563843,-0.009455036371946335,0.5076320171356201,0.8447418212890625,-0.007618767209351063,0.5189127326011658,0.857464611530304,-0.006018044427037239,0.4674575626850128,0.8283583521842957,-0.011630484834313393,0.48570483922958374,0.8436424732208252,-0.011977185495197773,0.4966493248939514,0.8550085425376892,-0.008873384445905685,0.5066626667976379,0.8637404441833496,-0.006330008152872324,0.5767744779586792,0.3803772032260895,-0.21767906844615936,0.9998400211334229,0.9993188381195068,0.3740106225013733,0.41676613688468933,-0.19875487685203552,0.9998915195465088,0.9995782971382141,0.6413090825080872,0.6695079207420349,-0.23538203537464142,0.9981067776679993,0.9965506792068481,0.3243534564971924,0.7136670351028442,-0.31675446033477783,0.9955918788909912,0.9952073693275452,0.5431168675422668,0.7801038026809692,-0.45213955640792847,0.9859983921051025,0.9946876764297485,0.43861469626426697,0.7808107137680054,-0.6460620760917664,0.9706509709358215,0.9933351278305054,0.43296194076538086,0.10983140021562576,-0.0006409516208805144,0.4215249717235565,0.12426403909921646,0.010485747829079628,0.508939266204834,0.11725343763828278,0.010378185659646988,0.4967041015625,0.1055520549416542,-0.0009713444742374122,0.44927966594696045,0.23082348704338074,0.00025680079124867916,0.4879852831363678,0.22788754105567932,0.00017892298637889326
4,400,0.5489227771759033,0.7816556096076965,1.4428614747430402e-07,0.5236642956733704,0.7683690190315247,-0.00036948485649190843,0.5002177357673645,0.7801991701126099,-0.002791943261399865,0.48555877804756165,0.8013710975646973,-0.004583579022437334,0.4761798679828644,0.8210216760635376,-0.006739432457834482,0.5021907687187195,0.7815297245979309,-0.014930950477719307,0.47662416100502014,0.8043283820152283,-0.020026659592986107,0.46220454573631287,0.8188508152961731,-0.02109450288116932,0.4520028531551361,0.828693687915802,-0.02078600786626339,0.5111124515533447,0.807571291923523,-0.016625193879008293,0.4852465093135834,0.8417288661003113,-0.02031628228724003,0.4719810485839844,0.8520528078079224,-0.018843287602066994,0.46472349762916565,0.8554596304893494,-0.017460154369473457,0.5196583271026611,0.8315982818603516,-0.01734321191906929,0.4941352307796478,0.8624249696731567,-0.019062485545873642,0.48475608229637146,0.8610234260559082,-0.015307529829442501,0.4822230935096741,0.8543572425842285,-0.012399992905557156,0.5264019966125488,0.8501049876213074,-0.017942368984222412,0.504148006439209,0.8710533976554871,-0.01822405867278576,0.49658092856407166,0.8665523529052734,-0.014122109860181808,0.49548983573913574,0.8593997359275818,-0.010544509626924992,0.42382651567459106,0.772014319896698,1.0761879565279742e-07,0.45215854048728943,0.7598341703414917,0.0028787613846361637,0.47876298427581787,0.7716020345687866,0.00308755855076015,0.49538931250572205,0.7885755300521851,0.002401794074103236,0.506362795829773,0.8053560853004456,0.0019253859063610435,0.4827030301094055,0.7742601633071899,0.0011809627758339047,0.5019749999046326,0.7953062057495117,-0.004266486968845129,0.5167269110679626,0.8134969472885132,-0.008760983124375343,0.5275238156318665,0.8264032602310181,-0.011368359439074993,0.47749054431915283,0.7916260361671448,-0.0027989798691123724,0.4978167712688446,0.8134790062904358,-0.006052566692233086,0.5117064118385315,0.829875111579895,-0.007900928147137165,0.5236934423446655,0.8433353900909424,-0.00901956856250763,0.47102677822113037,0.809699535369873,-0.006873061880469322,0.4907127618789673,0.8288438320159912,-0.009287304244935513,0.5034696459770203,0.8438823223114014,-0.00748886913061142,0.5151906609535217,0.855581521987915,-0.005879285745322704,0.4635277986526489,0.8272308707237244,-0.011071866378188133,0.4810671806335449,0.842551052570343,-0.011742103844881058,0.4921007752418518,0.8534958362579346,-0.008911265060305595,0.5023356080055237,0.861550509929657,-0.006528864614665508,0.5767826437950134,0.38040685653686523,-0.21819552779197693,0.9998418688774109,0.9994175434112549,0.3729321360588074,0.4171014428138733,-0.19337187707424164,0.9998930096626282,0.9996034502983093,0.6392584443092346,0.6705653667449951,-0.23771099746227264,0.9981564879417419,0.9973037242889404,0.3233186900615692,0.7136917114257812,-0.31329864263534546,0.9957987666130066,0.9964509010314941,0.5423433184623718,0.7801088690757751,-0.45771488547325134,0.9866876006126404,0.9964520931243896,0.43835219740867615,0.78094083070755,-0.6457328796386719,0.972518265247345,0.9956112504005432,0.4319016933441162,0.11127637326717377,-0.0008629917283542454,0.4203130602836609,0.12552593648433685,0.010190258733928204,0.5077705979347229,0.1184363067150116,0.010621770285069942,0.49572861194610596,0.10669516026973724,-0.0007880650227889419,0.4478393495082855,0.2317330688238144,0.00015412812354043126,0.48640239238739014,0.22891712188720703,0.00030696552130393684
5,500,0.5481273531913757,0.7817597389221191,1.4089759758917353e-07,0.523202121257782,0.767903745174408,-0.0003571215202100575,0.5003780126571655,0.7793753147125244,-0.003266220213845372,0.4860203266143799,0.8000573515892029,-0.005473370663821697,0.47709688544273376,0.819600522518158,-0.008116370998322964,0.5026717185974121,0.779193103313446,-0.0170458871871233,0.4760650396347046,0.8019508719444275,-0.02243957482278347,0.4615750312805176,0.8179407715797424,-0.02339995838701725,0.4517313539981842,0.8290887475013733,-0.023000886663794518,0.5115284323692322,0.8059824705123901,-0.01893582008779049,0.48356515169143677,0.841912567615509,-0.02299666404724121,0.4702889919281006,0.8517510890960693,-0.02130770869553089,0.4641835391521454,0.8543092012405396,-0.01976625993847847,0.5199553966522217,0.8303999304771423,-0.01967145875096321,0.4921741485595703,0.863657534122467,-0.02170187048614025,0.4835323095321655,0.8597796559333801,-0.017813213169574738,0.48292478919029236,0.8508616089820862,-0.014780711382627487,0.5264630913734436,0.8489406108856201,-0.020215816795825958,0.503044068813324,0.8711115121841431,-0.021063899621367455,0.49583184719085693,0.8649562001228333,-0.017121559008955956,0.4958924651145935,0.8562057018280029,-0.013593437150120735,0.4231175184249878,0.7720822095870972,1.1045742098758637e-07,0.45099595189094543,0.7592037320137024,0.0016982335364446044,0.47775062918663025,0.7707931399345398,0.0019213128834962845,0.4940715730190277,0.7876078486442566,0.0016338302521035075,0.5047616958618164,0.8039589524269104,0.0015689616557210684,0.48126015067100525,0.7758341431617737,-7.597217336297035e-05,0.5003582239151001,0.7959040999412537,-0.0053367214277386665,0.5149697661399841,0.8132773637771606,-0.009629941545426846,0.5258969068527222,0.8258672952651978,-0.012105882167816162,0.47534123063087463,0.7945876717567444,-0.0032673878595232964,0.49535033106803894,0.8155214786529541,-0.006384703796356916,0.5092700123786926,0.831280529499054,-0.008175492286682129,0.52141273021698,0.8446590900421143,-0.009251471608877182,0.4681992530822754,0.813141942024231,-0.006556356325745583,0.4873810112476349,0.8310778141021729,-0.008832582272589207,0.4998898208141327,0.8450222611427307,-0.007109382189810276,0.5113565921783447,0.8561800122261047,-0.005556194577366114,0.46019479632377625,0.8299866914749146,-0.010064966976642609,0.47749072313308716,0.8440957069396973,-0.010936962440609932,0.48839840292930603,0.8538252115249634,-0.008336539380252361,0.4984334707260132,0.8613030314445496,-0.006040995474904776,0.5761900544166565,0.38045623898506165,-0.2155991494655609,0.9998438954353333,0.9994094371795654,0.37151461839675903,0.417449951171875,-0.1916607916355133,0.9998944401741028,0.9995871186256409,0.6387985944747925,0.6708123683929443,-0.23862943053245544,0.9982290267944336,0.9979090690612793,0.3222598731517792,0.7146221399307251,-0.3080369830131531,0.996018648147583,0.9970120191574097,0.5423071980476379,0.7798498272895813,-0.46601977944374084,0.9874794483184814,0.997395396232605,0.4381410479545593,0.7806404232978821,-0.6443468332290649,0.9744207859039307,0.9963059425354004,0.4302419126033783,0.11277295649051666,-0.0013116877526044846,0.4185929596424103,0.12681499123573303,0.009758911095559597,0.5061532855033875,0.11935021728277206,0.010378675535321236,0.49403297901153564,0.10767653584480286,-0.001069211750291288,0.44618576765060425,0.23281288146972656,0.00029180385172367096,0.4847457706928253,0.23026545345783234,0.000547100615222007
6,600,0.5441707372665405,0.7813546657562256,1.521072334753626e-07,0.5197118520736694,0.7665932178497314,-0.001476361765526235,0.49702078104019165,0.778610348701477,-0.005299844313412905,0.482387512922287,0.801007866859436,-0.008148685097694397,0.4737324118614197,0.8222361207008362,-0.011491132900118828,0.4998401999473572,0.7780534029006958,-0.019343668594956398,0.4728999137878418,0.8017863035202026,-0.02565261349081993,0.4580063223838806,0.816889226436615,-0.027158508077263832,0.44719845056533813,0.8272534012794495,-0.027131779119372368,0.5089951157569885,0.8050867915153503,-0.02089405246078968,0.4809877276420593,0.8421938419342041,-0.02570568397641182,0.4674833416938782,0.8522083759307861,-0.024143964052200317,0.4607108533382416,0.8544811010360718,-0.022716565057635307,0.5174620747566223,0.8295904994010925,-0.021338963881134987,0.4895000457763672,0.8633778691291809,-0.02408401109278202,0.48006367683410645,0.8595266342163086,-0.020081769675016403,0.4785712659358978,0.8502275943756104,-0.016913551837205887,0.5238420367240906,0.8482165932655334,-0.021675510331988335,0.49992188811302185,0.8709232211112976,-0.02316213771700859,0.4920046627521515,0.8647207021713257,-0.019398344680666924,0.4912053048610687,0.8558274507522583,-0.015980850905179977,0.41928255558013916,0.7729457020759583,1.0996939892038426e-07,0.44590944051742554,0.7589781284332275,0.002027269685640931,0.4722956418991089,0.770408034324646,0.0017938939854502678,0.4894426763057709,0.787653923034668,0.0009115521679632366,0.5002759099006653,0.8056848049163818,0.00032075209310278296,0.47759151458740234,0.7723424434661865,4.306915434426628e-05,0.4962433874607086,0.7944461703300476,-0.0056729489006102085,0.5106498003005981,0.8139438629150391,-0.010234742425382137,0.5210563540458679,0.8284823298454285,-0.012868751771748066,0.47253286838531494,0.7908207774162292,-0.003528693225234747,0.4919466972351074,0.8126810193061829,-0.0071333288215100765,0.5057030320167542,0.8292109370231628,-0.009110216051340103,0.5177668333053589,0.8435822129249573,-0.010262657888233662,0.46612274646759033,0.8097667098045349,-0.0071958499029278755,0.48517727851867676,0.8286401629447937,-0.009965598583221436,0.4974043071269989,0.8430511951446533,-0.008205830119550228,0.5087073445320129,0.8547357320785522,-0.006551709957420826,0.45859840512275696,0.827613353729248,-0.011043856851756573,0.47560742497444153,0.8427347540855408,-0.012161282822489738,0.48618486523628235,0.8528432250022888,-0.009498585015535355,0.49626535177230835,0.8607158660888672,-0.00709359860047698,0.5744909048080444,0.380160391330719,-0.2331189215183258,0.9998446106910706,0.9992672801017761,0.36760491132736206,0.41860678791999817,-0.19483838975429535,0.9998936653137207,0.9994016885757446,0.635755717754364,0.6721583604812622,-0.2453921139240265,0.9982138872146606,0.9964062571525574,0.31752264499664307,0.7153113484382629,-0.302141934633255,0.9960005283355713,0.9947664737701416,0.5369542837142944,0.7821047306060791,-0.4704553186893463,0.9877392649650574,0.9945459365844727,0.43271246552467346,0.7842836380004883,-0.6436880230903625,0.9752530455589294,0.9925112724304199,0.4270542860031128,0.11272484064102173,-0.0015754073392599821,0.41535240411758423,0.12647847831249237,0.009570330381393433,0.5034862756729126,0.11923730373382568,0.010325511917471886,0.49153321981430054,0.10780897736549377,-0.0012466072803363204,0.4434225261211395,0.23233619332313538,0.0003935883578378707,0.48200300335884094,0.2301683872938156,0.0006131500122137368
7,700,0.5396230220794678,0.7826975584030151,1.5568475930649583e-07,0.5155957341194153,0.7678147554397583,-0.0015298770740628242,0.4930802285671234,0.7802733778953552,-0.005433408543467522,0.47866538166999817,0.8029339909553528,-0.008351610973477364,0.47000378370285034,0.8241391181945801,-0.011708295904099941,0.49598178267478943,0.7791734337806702,-0.019872181117534637,0.4687962532043457,0.8040302395820618,-0.026172222569584846,0.4537641704082489,0.8192040324211121,-0.027523087337613106,0.44263023138046265,0.8291968703269958,-0.027427252382040024,0.504714846611023,0.8060490489006042,-0.02139454521238804,0.4763941466808319,0.843745768070221,-0.02611028030514717,0.4630964696407318,0.8533003926277161,-0.02431814931333065,0.45650315284729004,0.8548803925514221,-0.022837068885564804,0.5129445195198059,0.8302615284919739,-0.021769929677248,0.4843069612979889,0.8642520308494568,-0.02456027828156948,0.4759548306465149,0.8584051728248596,-0.02032085694372654,0.4757733643054962,0.8474741578102112,-0.01703072153031826,0.5191159844398499,0.8485862612724304,-0.022031638771295547,0.4948725700378418,0.8713735342025757,-0.023750819265842438,0.4878512918949127,0.864029586315155,-0.019987283274531364,0.48834025859832764,0.8543336391448975,-0.016573449596762657,0.4148399531841278,0.7741824388504028,9.770159437039183e-08,0.44122809171676636,0.7598127722740173,0.003024111967533827,0.4673856794834137,0.7697861194610596,0.0033585098572075367,0.48420459032058716,0.7856695652008057,0.0027489562053233385,0.49482810497283936,0.8029708862304688,0.0024038509000092745,0.472799152135849,0.7715412378311157,0.0019817042630165815,0.4910813868045807,0.792178213596344,-0.0031715412624180317,0.505137026309967,0.8103184700012207,-0.007391300518065691,0.5150889158248901,0.8235204815864563,-0.009786934591829777,0.46842101216316223,0.7904940843582153,-0.001957298256456852,0.4874943792819977,0.8107476830482483,-0.004935922101140022,0.5004863142967224,0.8261159062385559,-0.006468907464295626,0.511771559715271,0.8392035365104675,-0.007284712046384811,0.46262842416763306,0.8098329305648804,-0.006015073508024216,0.48123639822006226,0.8272333741188049,-0.008218470960855484,0.4923039674758911,0.8407635688781738,-0.005889321677386761,0.5025289058685303,0.8515839576721191,-0.003832523012533784,0.4555407166481018,0.8281159400939941,-0.010242859832942486,0.47209304571151733,0.8422998189926147,-0.010709086433053017,0.48173171281814575,0.8518924117088318,-0.00745762325823307,0.49079179763793945,0.8590436577796936,-0.004638071171939373,0.5683241486549377,0.3807370066642761,-0.2338155210018158,0.9998443722724915,0.9992048144340515,0.3616938292980194,0.4185921847820282,-0.1953440010547638,0.999891996383667,0.9993353486061096,0.630341112613678,0.6730634570121765,-0.2565939724445343,0.9982073903083801,0.9970123767852783,0.3102880120277405,0.7152925133705139,-0.30218690633773804,0.9959861040115356,0.995753288269043,0.5337153673171997,0.7828772068023682,-0.5112110376358032,0.9881033897399902,0.9956595301628113,0.4225402772426605,0.784163773059845,-0.6592769622802734,0.9761896729469299,0.9936996698379517,0.4232558012008667,0.11322623491287231,-0.002095889300107956,0.4113211929798126,0.1269351989030838,0.008934748359024525,0.49935048818588257,0.12025859951972961,0.010405893437564373,0.48741698265075684,0.1089584082365036,-0.0013053519651293755,0.4394393861293793,0.23383241891860962,0.00035317326546646655,0.4777619242668152,0.23096276819705963,0.0009547169902361929
8,800,0.5376063585281372,0.7856723666191101,1.6084494802726113e-07,0.5135414600372314,0.7714515924453735,-0.0011444303672760725,0.492074579000473,0.784319281578064,-0.004605529829859734,0.4791680574417114,0.8066386580467224,-0.007254284340888262,0.47114142775535583,0.8270450234413147,-0.010295869782567024,0.49239665269851685,0.7838423848152161,-0.01761690527200699,0.465265691280365,0.8074604868888855,-0.02331986092031002,0.45038896799087524,0.8222484588623047,-0.024523893371224403,0.43946319818496704,0.8324252367019653,-0.024377353489398956,0.500970184803009,0.8104402422904968,-0.019069936126470566,0.47492530941963196,0.845589280128479,-0.023719770833849907,0.4608352482318878,0.8567318916320801,-0.02254076860845089,0.45272159576416016,0.8607218265533447,-0.021388374269008636,0.5093136429786682,0.8344135880470276,-0.019474290311336517,0.48307305574417114,0.8688622713088989,-0.022326437756419182,0.4737159013748169,0.8650089502334595,-0.01890472136437893,0.47162362933158875,0.8557121753692627,-0.016069786623120308,0.515813410282135,0.852127194404602,-0.019711468368768692,0.4933750331401825,0.874085009098053,-0.021343844011425972,0.4856700599193573,0.8675558567047119,-0.017915278673171997,0.4845436215400696,0.8580148220062256,-0.014650094322860241,0.41249164938926697,0.7770766615867615,1.0908335923431878e-07,0.4391078054904938,0.762369692325592,0.002653115661814809,0.4655555784702301,0.7721651792526245,0.003389523597434163,0.4821702241897583,0.7872346043586731,0.003408196847885847,0.4928732216358185,0.8031343221664429,0.0037024517077952623,0.47042036056518555,0.7742913365364075,0.0015432476066052914,0.48969516158103943,0.794237494468689,-0.003177640261128545,0.5042955279350281,0.8116450309753418,-0.00693879509344697,0.5145346522331238,0.8243184685707092,-0.008944631554186344,0.46578723192214966,0.7935823202133179,-0.0018950909143313766,0.4857531189918518,0.8131617307662964,-0.0045028505846858025,0.49907851219177246,0.8282053470611572,-0.005832972005009651,0.5105041861534119,0.8411931395530701,-0.0064545320346951485,0.46013522148132324,0.8132649064064026,-0.005378007888793945,0.47921091318130493,0.8299347162246704,-0.006965591572225094,0.49027037620544434,0.8428525328636169,-0.004431671462953091,0.5003481507301331,0.8534271121025085,-0.0022736110258847475,0.4533699154853821,0.8316953778266907,-0.009093786589801311,0.4702834486961365,0.845106840133667,-0.009219981729984283,0.47983890771865845,0.854049563407898,-0.005870985332876444,0.4886835217475891,0.8608483076095581,-0.002933004405349493,0.5644509196281433,0.38466572761535645,-0.2333105504512787,0.9998446106910706,0.9992794394493103,0.3579232394695282,0.42030322551727295,-0.1866602599620819,0.9998883008956909,0.999213695526123,0.6256043910980225,0.6744607090950012,-0.23304888606071472,0.9980381727218628,0.9961245656013489,0.30603471398353577,0.7135494947433472,-0.2684515118598938,0.9955897927284241,0.9940489530563354,0.5260637402534485,0.7899478673934937,-0.44136708974838257,0.9869453310966492,0.9914020895957947,0.4226202070713043,0.7854026556015015,-0.5907922983169556,0.974338948726654,0.988734245300293,0.4200259745121002,0.11525483429431915,-0.0019005603389814496,0.40817296504974365,0.12897291779518127,0.009166783653199673,0.49630141258239746,0.12231189012527466,0.01043392252177,0.48430582880973816,0.11110562831163406,-0.0012775082141160965,0.43653932213783264,0.23645636439323425,0.0003206148976460099,0.4747249484062195,0.2333129346370697,0.0008745570667088032
9,900,0.5333102941513062,0.7874265909194946,1.6034880445658928e-07,0.5084666609764099,0.7733562588691711,-0.0010018596658483148,0.48652157187461853,0.785548746585846,-0.004901840351521969,0.4725489020347595,0.8075063824653625,-0.007982339709997177,0.4642307460308075,0.8279805779457092,-0.01150897890329361,0.4884193539619446,0.7850905656814575,-0.019178731366991997,0.46125996112823486,0.8103823065757751,-0.025474710389971733,0.44632360339164734,0.8254966139793396,-0.02669142559170723,0.4355510175228119,0.8356492519378662,-0.026357224211096764,0.4972546696662903,0.8119897842407227,-0.0209184680134058,0.4692683815956116,0.8498284816741943,-0.025851082056760788,0.45607835054397583,0.8594441413879395,-0.02407447062432766,0.4497615098953247,0.8607044219970703,-0.022322090342640877,0.5055633783340454,0.8360501527786255,-0.021511422470211983,0.47783520817756653,0.8708944916725159,-0.024248439818620682,0.4682506322860718,0.8670969605445862,-0.020183492451906204,0.4664318263530731,0.8568562865257263,-0.016879750415682793,0.5118831992149353,0.8539149761199951,-0.021948639303445816,0.4885924458503723,0.8766059279441833,-0.023296847939491272,0.4802398383617401,0.8710721135139465,-0.01958051510155201,0.4785224199295044,0.8619387745857239,-0.016125964000821114,0.40597811341285706,0.7779951095581055,9.243296972272219e-08,0.4330126643180847,0.7646979093551636,0.0035057859495282173,0.459194153547287,0.774319052696228,0.004217368550598621,0.47585153579711914,0.7890554070472717,0.0038795454893261194,0.48642227053642273,0.8052058219909668,0.0038002722430974245,0.46465587615966797,0.775183916091919,0.002461872063577175,0.4830801784992218,0.7953289151191711,-0.0024608932435512543,0.4971582889556885,0.8135329484939575,-0.00643811235204339,0.5068745017051697,0.8267108201980591,-0.008623753674328327,0.46001136302948,0.793693482875824,-0.0016276681562885642,0.47896525263786316,0.8134243488311768,-0.004319658037275076,0.49146780371665955,0.8289232850074768,-0.005675149150192738,0.5022332072257996,0.8419845700263977,-0.00636706268414855,0.45394110679626465,0.8130225539207458,-0.005794905591756105,0.4719121754169464,0.8302204608917236,-0.007636432070285082,0.4818228483200073,0.8440475463867188,-0.00510135293006897,0.49094173312187195,0.8550751209259033,-0.0029314665589481592,0.4465038776397705,0.831681489944458,-0.010129586793482304,0.46254363656044006,0.8457958102226257,-0.010394743643701077,0.4713785648345947,0.8555662631988525,-0.007066385354846716,0.4795515537261963,0.8628486394882202,-0.004162500146776438,0.5597847700119019,0.38992100954055786,-0.22007279098033905,0.9998462796211243,0.9994539618492126,0.35339996218681335,0.42248252034187317,-0.18132875859737396,0.9998868703842163,0.9993583559989929,0.6211761832237244,0.6774408221244812,-0.2173035591840744,0.9980446696281433,0.9978601336479187,0.29998472332954407,0.7154572606086731,-0.2605782747268677,0.9956134557723999,0.995904266834259,0.5210773348808289,0.794590950012207,-0.44442468881607056,0.9871023893356323,0.9956757426261902,0.42045068740844727,0.7879540920257568,-0.5937238931655884,0.9746003150939941,0.9928687214851379,0.4169349670410156,0.11821910738945007,-0.0022178692743182182,0.4050986170768738,0.13178987801074982,0.008869023993611336,0.4930036664009094,0.12512847781181335,0.01000307872891426,0.48104795813560486,0.11397044360637665,-0.0016742550069466233,0.4334554970264435,0.23886273801326752,0.0006060322048142552,0.4716690480709076,0.2363223433494568,0.0011164025636389852
10,1000,0.5274898409843445,0.7905402183532715,1.6525376622666954e-07,0.5027242302894592,0.7766922116279602,-0.0005869382875971496,0.480835884809494,0.7890567183494568,-0.0043300967663526535,0.46661490201950073,0.8106510639190674,-0.007292740046977997,0.4579285681247711,0.8310468196868896,-0.010683183558285236,0.48244112730026245,0.788326621055603,-0.0189695842564106,0.4550792872905731,0.8139257431030273,-0.02501509338617325,0.44005611538887024,0.8287585377693176,-0.025958489626646042,0.4294014573097229,0.8386508822441101,-0.02540081925690174,0.49108031392097473,0.8152769207954407,-0.02076001465320587,0.462662011384964,0.8525060415267944,-0.025463348254561424,0.44983357191085815,0.8619338274002075,-0.02347356267273426,0.4438023865222931,0.8634948134422302,-0.021512191742658615,0.4991307258605957,0.8394084572792053,-0.02134195901453495,0.47127336263656616,0.8733018040657043,-0.023602185770869255,0.4619757831096649,0.8693050146102905,-0.01930287666618824,0.4602925479412079,0.8595057129859924,-0.01592016965150833,0.5052587985992432,0.8572967648506165,-0.021743815392255783,0.4822365641593933,0.8794320821762085,-0.022531313821673393,0.4742841124534607,0.8738783001899719,-0.01854807510972023,0.4727776348590851,0.8649821281433105,-0.014963270165026188,0.4013657569885254,0.7815837860107422,9.54341601300257e-08,0.4286796748638153,0.7677618861198425,0.003341941861435771,0.4550556242465973,0.777255117893219,0.004064543172717094,0.47121158242225647,0.7924104928970337,0.003811278147622943,0.48131731152534485,0.8090164661407471,0.0037998880725353956,0.4601338505744934,0.7788300514221191,0.0020693116821348667,0.47824209928512573,0.7993217706680298,-0.002754319692030549,0.49212318658828735,0.8172785043716431,-0.006561174988746643,0.501728892326355,0.830044686794281,-0.008651223964989185,0.4551240801811218,0.7975009083747864,-0.0019059072947129607,0.47381797432899475,0.8178910613059998,-0.004677783697843552,0.4859572947025299,0.8334337472915649,-0.005978447385132313,0.49650514125823975,0.8463132977485657,-0.006586710922420025,0.44875264167785645,0.8169286251068115,-0.0059470259584486485,0.46641770005226135,0.8347530961036682,-0.00788933876901865,0.4759535491466522,0.8486456274986267,-0.005404631141573191,0.4849991202354431,0.8595355749130249,-0.0032126065343618393,0.44106435775756836,0.835609495639801,-0.010145222768187523,0.4569779336452484,0.850220799446106,-0.010547870770096779,0.46562808752059937,0.8598823547363281,-0.007343566510826349,0.4737246632575989,0.8668602108955383,-0.004481024574488401,0.5567126274108887,0.3926593065261841,-0.23994021117687225,0.9998466372489929,0.9992349147796631,0.3483198881149292,0.42281705141067505,-0.21422512829303741,0.9998841881752014,0.999123752117157,0.6161867380142212,0.6781688928604126,-0.21928949654102325,0.9979369640350342,0.9961961507797241,0.2899128794670105,0.7171729207038879,-0.2894943952560425,0.9954838752746582,0.9931403994560242,0.5152642130851746,0.7985450625419617,-0.46110615134239197,0.9864330887794495,0.9900418519973755,0.4117549955844879,0.7881162762641907,-0.6422675848007202,0.974075436592102,0.9873097538948059,0.4117686152458191,0.1209140345454216,-0.0021689338609576225,0.3998033404350281,0.13450148701667786,0.008870383724570274,0.4874984920024872,0.12835216522216797,0.010303856804966927,0.4755728542804718,0.11718226969242096,-0.0014070682227611542,0.4281099736690521,0.24108827114105225,0.0004704590537585318,0.4660598635673523,0.23835188150405884,0.0011409178841859102
11,1100,0.5221705436706543,0.795769989490509,1.7060980894711975e-07,0.49732086062431335,0.7821765542030334,-0.0010769774671643972,0.4755221903324127,0.7947441339492798,-0.004588867537677288,0.46161723136901855,0.8170647621154785,-0.0073184361681342125,0.45298662781715393,0.8377123475074768,-0.010429305024445057,0.4767857789993286,0.794979453086853,-0.01766759529709816,0.44968217611312866,0.818996012210846,-0.023531131446361542,0.43502378463745117,0.8341882824897766,-0.024837903678417206,0.4241456091403961,0.8450077176094055,-0.024669338017702103,0.48555395007133484,0.8218920230865479,-0.019129788503050804,0.45915043354034424,0.8556365966796875,-0.02377026341855526,0.44511085748672485,0.8677307367324829,-0.022409046068787575,0.4368942081928253,0.8726384043693542,-0.0210406593978405,0.49377498030662537,0.8462586402893066,-0.019562765955924988,0.46760353446006775,0.8776080012321472,-0.02187563106417656,0.45749998092651367,0.8768905401229858,-0.018030889332294464,0.4539852738380432,0.8706116080284119,-0.015025699511170387,0.5002571940422058,0.864357054233551,-0.019895900040864944,0.4781321883201599,0.8843421339988708,-0.020447054877877235,0.46977266669273376,0.8804236650466919,-0.01645294576883316,0.4673057794570923,0.8734778165817261,-0.012936960905790329,0.397445410490036,0.7867299318313599,1.025145834887553e-07,0.4249541163444519,0.77268385887146,0.003031901316717267,0.4511488676071167,0.7820284366607666,0.003380467649549246,0.4677172303199768,0.797132670879364,0.0028558082412928343,0.4780833125114441,0.8139369487762451,0.002563438843935728,0.4558689296245575,0.784221351146698,0.0010882606729865074,0.4742131531238556,0.8044223785400391,-0.004139304161071777,0.4881698191165924,0.8230164051055908,-0.008164851926267147,0.4978114068508148,0.8365943431854248,-0.01033061183989048,0.4508900046348572,0.8031926155090332,-0.002830980345606804,0.47002339363098145,0.8233800530433655,-0.005965646356344223,0.4826236367225647,0.8394113779067993,-0.007408116478472948,0.49341052770614624,0.8529279232025146,-0.008051429875195026,0.44469743967056274,0.8229333162307739,-0.006771984975785017,0.4629592001438141,0.8408023715019226,-0.009041759185492992,0.4736179709434509,0.8551581501960754,-0.00674434145912528,0.4834868609905243,0.866706132888794,-0.004635753110051155,0.43715745210647583,0.8418172001838684,-0.010836578905582428,0.45353612303733826,0.856819212436676,-0.0114926528185606,0.46315333247184753,0.8672739267349243,-0.008358079940080643,0.47223982214927673,0.8752535581588745,-0.005512732081115246,0.5515669584274292,0.39800918102264404,-0.23416288197040558,0.9998480677604675,0.9993257522583008,0.34342139959335327,0.4247781038284302,-0.2129552811384201,0.9998801350593567,0.9990562796592712,0.6102827787399292,0.6791353821754456,-0.22109727561473846,0.997851550579071,0.9959053993225098,0.2916014790534973,0.7179507613182068,-0.28897231817245483,0.9953015446662903,0.9915896058082581,0.5110775232315063,0.8024675250053406,-0.459062397480011,0.9861738085746765,0.9909048676490784,0.40972766280174255,0.7980916500091553,-0.6441970467567444,0.9738306403160095,0.985665500164032,0.40688326954841614,0.12481182813644409,-0.0024900289718061686,0.39502790570259094,0.1384018063545227,0.008630583994090557,0.4832780361175537,0.13290509581565857,0.00991804152727127,0.47122904658317566,0.12161855399608612,-0.0018401423003524542,0.4237150549888611,0.24465802311897278,0.0005843151593580842,0.4610639214515686,0.24231356382369995,0.0012089012889191508
12,1200,0.5172303318977356,0.7977614402770996,1.7176095923332468e-07,0.49238941073417664,0.7838993072509766,-0.00026705427444539964,0.4703429043292999,0.7941762804985046,-0.003649243386462331,0.455365389585495,0.8143791556358337,-0.006320376880466938,0.44589754939079285,0.8334505558013916,-0.009371605701744556,0.4732953608036041,0.7954501509666443,-0.018645472824573517,0.44594159722328186,0.819955050945282,-0.024907024577260017,0.430998295545578,0.8343085050582886,-0.02581002376973629,0.42022109031677246,0.8442030549049377,-0.02504429593682289,0.48185810446739197,0.821784257888794,-0.02058887854218483,0.45330625772476196,0.8561117053031921,-0.025733917951583862,0.4376344084739685,0.8687833547592163,-0.02402506396174431,0.4281749427318573,0.8750702738761902,-0.022084282711148262,0.48955196142196655,0.8463834524154663,-0.021339628845453262,0.4619969129562378,0.877811849117279,-0.023919442668557167,0.4504093527793884,0.8786701560020447,-0.020033705979585648,0.4457273781299591,0.874356210231781,-0.016725245863199234,0.4954080879688263,0.8652177453041077,-0.021852942183613777,0.4719364047050476,0.8874008059501648,-0.022216884419322014,0.46254149079322815,0.8845806121826172,-0.01800304464995861,0.4596191644668579,0.8785210847854614,-0.01420293003320694,0.3934749364852905,0.7908693552017212,1.0290885654740123e-07,0.42069146037101746,0.7760154008865356,0.002914461772888899,0.44697025418281555,0.7844296097755432,0.003454889403656125,0.4635998010635376,0.7990589737892151,0.003151713637635112,0.47422850131988525,0.8151042461395264,0.003088104072958231,0.4506893455982208,0.7868156433105469,0.000912077899556607,0.4691028594970703,0.8064171671867371,-0.00433511845767498,0.48312994837760925,0.8249361515045166,-0.008220230229198933,0.49308180809020996,0.8388193845748901,-0.010264101438224316,0.44603678584098816,0.8061500787734985,-0.002845456823706627,0.4652746021747589,0.8259269595146179,-0.006041347980499268,0.4778054654598236,0.8416115045547485,-0.0073019880801439285,0.48869532346725464,0.8555090427398682,-0.007780945859849453,0.44006553292274475,0.8260051012039185,-0.006634138990193605,0.45839712023735046,0.8433563113212585,-0.00907357782125473,0.4690479636192322,0.8573651909828186,-0.006701393984258175,0.4789903163909912,0.8691158294677734,-0.0044726720079779625,0.4327015280723572,0.8444307446479797,-0.010546221397817135,0.44914302229881287,0.8591822981834412,-0.011389438062906265,0.45910584926605225,0.8695759773254395,-0.008355662226676941,0.4684717059135437,0.877964198589325,-0.005557476542890072,0.5479241609573364,0.4011634290218353,-0.2372230589389801,0.9998477697372437,0.9992327690124512,0.3399032652378082,0.4266376495361328,-0.20870745182037354,0.999879002571106,0.9992320537567139,0.6058233380317688,0.6845629215240479,-0.2413559854030609,0.9978142976760864,0.9964388608932495,0.2841120660305023,0.718413233757019,-0.2994270324707031,0.9952398538589478,0.9935593605041504,0.5090247988700867,0.8024523258209229,-0.4835209250450134,0.9862707257270813,0.9930981993675232,0.4062731862068176,0.8007732629776001,-0.6702530980110168,0.9741589426994324,0.9899436235427856,0.40395113825798035,0.12706215679645538,-0.0024231469724327326,0.391898512840271,0.1404634565114975,0.008385884575545788,0.47952473163604736,0.13496801257133484,0.010836695320904255,0.46770837903022766,0.12399272620677948,-0.000983498990535736,0.4202006459236145,0.2465669810771942,8.541705756215379e-05,0.4582502245903015,0.24396851658821106,0.0012450878275558352
13,1300,0.5113546252250671,0.7983874082565308,1.7415989361779793e-07,0.48670145869255066,0.7839138507843018,-0.0011015890631824732,0.4642140567302704,0.7951551675796509,-0.004937215242534876,0.44919919967651367,0.816870927810669,-0.007932284846901894,0.43973156809806824,0.8370832800865173,-0.011345436796545982,0.46819767355918884,0.7941697835922241,-0.01968001015484333,0.44077059626579285,0.8203433156013489,-0.026170864701271057,0.42584919929504395,0.8356956243515015,-0.027360552921891212,0.41495856642723083,0.8467710018157959,-0.026853244751691818,0.47724848985671997,0.8211134672164917,-0.021426256746053696,0.4485596716403961,0.8560675978660583,-0.02652440220117569,0.4325391948223114,0.8691009283065796,-0.025092968717217445,0.42267319560050964,0.8760889172554016,-0.023584889248013496,0.4852251410484314,0.8464851975440979,-0.02201729826629162,0.4569638669490814,0.878623366355896,-0.024657629430294037,0.4455716609954834,0.8780502676963806,-0.020977701991796494,0.44137781858444214,0.8728354573249817,-0.017955943942070007,0.49091824889183044,0.866283655166626,-0.022445354610681534,0.46664828062057495,0.8887024521827698,-0.023114250972867012,0.4573800563812256,0.8846728801727295,-0.019121360033750534,0.4550287127494812,0.8778063058853149,-0.015577629208564758,0.3881629705429077,0.7889522314071655,1.1502814345476509e-07,0.4154191017150879,0.7747792601585388,0.0034986224491149187,0.4419458210468292,0.7841777801513672,0.0040597268380224705,0.4588428735733032,0.800113320350647,0.0037284374702721834,0.46963977813720703,0.8172876834869385,0.0036663180217146873,0.44566434621810913,0.7852920889854431,0.0018356643849983811,0.463931143283844,0.8071275949478149,-0.0030644519720226526,0.47800618410110474,0.8269436359405518,-0.006777123548090458,0.4876399636268616,0.8412133455276489,-0.008737036027014256,0.4409400224685669,0.8044981360435486,-0.0021428579930216074,0.4597993791103363,0.8273978233337402,-0.004843730945140123,0.47264528274536133,0.844362735748291,-0.005937705282121897,0.48354005813598633,0.8586186766624451,-0.006388534791767597,0.43496569991111755,0.8244662284851074,-0.006151065696030855,0.4531152844429016,0.8448588848114014,-0.008025548420846462,0.46365833282470703,0.8604249954223633,-0.005291062407195568,0.4731549918651581,0.8727693557739258,-0.002909549744799733,0.4275605082511902,0.8431369662284851,-0.010265765711665154,0.4437010884284973,0.8601898550987244,-0.010534712113440037,0.4532114565372467,0.8718400597572327,-0.00717958016321063,0.4621361494064331,0.8805407285690308,-0.004231690429151058,0.5436679720878601,0.4025547504425049,-0.2512928545475006,0.9998497366905212,0.9993258714675903,0.33564409613609314,0.42804405093193054,-0.2238832712173462,0.9998794794082642,0.9992967844009399,0.6031583547592163,0.6873056292533875,-0.2745726704597473,0.9978139400482178,0.9966877102851868,0.27979812026023865,0.7215359807014465,-0.3317869305610657,0.9952663779258728,0.994318425655365,0.5053468942642212,0.8032417297363281,-0.5399811267852783,0.9865592122077942,0.9943032264709473,0.40406107902526855,0.8046059608459473,-0.7171590328216553,0.9748572707176208,0.9917667508125305,0.40023186802864075,0.1279151737689972,-0.0014447136782109737,0.3882543444633484,0.14136795699596405,0.009215152822434902,0.47541671991348267,0.13582301139831543,0.011584692634642124,0.46362975239753723,0.12450651824474335,-2.8294030926190317e-05,0.41624918580055237,0.24651752412319183,-0.0006637395708821714,0.45394814014434814,0.2442242056131363,0.00046421861043199897
14,1400,0.5096811652183533,0.8056633472442627,1.9027066855414887e-07,0.48606979846954346,0.79007488489151,-0.0021478338167071342,0.4638054370880127,0.8015450239181519,-0.006142494268715382,0.4493691921234131,0.8233850002288818,-0.009019504301249981,0.43974441289901733,0.8432289958000183,-0.012148100882768631,0.46605297923088074,0.8023797273635864,-0.020015625283122063,0.43861764669418335,0.8279116749763489,-0.026419945061206818,0.4234417974948883,0.8439640402793884,-0.027566270902752876,0.4124451279640198,0.8551726937294006,-0.027008995413780212,0.47435563802719116,0.8306449055671692,-0.02095692791044712,0.4455319344997406,0.8633880615234375,-0.026616519317030907,0.42803341150283813,0.8767889738082886,-0.025594085454940796,0.41665124893188477,0.8842797875404358,-0.02406865730881691,0.48161956667900085,0.8565142154693604,-0.020777005702257156,0.45282530784606934,0.8882553577423096,-0.023923765867948532,0.44172555208206177,0.8859832286834717,-0.020534934476017952,0.4376896023750305,0.8794369101524353,-0.017386211082339287,0.48709121346473694,0.8758648037910461,-0.020462900400161743,0.4631122350692749,0.8978221416473389,-0.021472809836268425,0.45430511236190796,0.8924464583396912,-0.017598913982510567,0.45235180854797363,0.8840751647949219,-0.013890314847230911,0.3847067952156067,0.7956865429878235,1.0940095052092147e-07,0.4125707745552063,0.781173050403595,0.0032716873101890087,0.4395309090614319,0.7907530069351196,0.004077041056007147,0.45615023374557495,0.8066667914390564,0.004036284051835537,0.46675845980644226,0.8240206837654114,0.004181897267699242,0.44283798336982727,0.7928668856620789,0.001235462725162506,0.46175140142440796,0.8120343089103699,-0.003606304759159684,0.4758296608924866,0.830880343914032,-0.007132486905902624,0.48545846343040466,0.8455184698104858,-0.008915415033698082,0.43752625584602356,0.8140411972999573,-0.002574668265879154,0.45700886845588684,0.8330499529838562,-0.005421798210591078,0.46988141536712646,0.8488706350326538,-0.006749546620994806,0.48084205389022827,0.8628740310668945,-0.0072362227365374565,0.43076908588409424,0.8356439471244812,-0.006288381293416023,0.4495597183704376,0.8517184257507324,-0.008424496278166771,0.4603205919265747,0.8657757043838501,-0.006034128367900848,0.4703197181224823,0.8775755167007446,-0.003800366772338748,0.4223722219467163,0.8554453253746033,-0.01003305148333311,0.439100444316864,0.8687311410903931,-0.01071804016828537,0.44927942752838135,0.878437876701355,-0.00749535858631134,0.4589287042617798,0.8863091468811035,-0.004506102297455072,0.5415860414505005,0.40705421566963196,-0.24998316168785095,0.9998509287834167,0.9992293119430542,0.33336296677589417,0.432702898979187,-0.22002145648002625,0.999879002571106,0.9992896318435669,0.5999957323074341,0.6941643953323364,-0.2773762345314026,0.9978482127189636,0.9959309697151184,0.2783796489238739,0.7251930832862854,-0.3280082941055298,0.9953742623329163,0.9941177368164062,0.497647225856781,0.8073210716247559,-0.5441204309463501,0.9870589375495911,0.9943918585777283,0.4009351134300232,0.8092061281204224,-0.712168276309967,0.9760540723800659,0.9925846457481384,0.39821264147758484,0.1292683333158493,-0.0007616823422722518,0.386406809091568,0.14299732446670532,0.00996188260614872,0.4733433425426483,0.13716083765029907,0.011365239508450031,0.46136561036109924,0.12574520707130432,-3.308103259769268e-05,0.4140929579734802,0.2477700114250183,-0.0005489755421876907,0.4518139064311981,0.24565747380256653,0.00012684370449278504
15,1500,0.5064136385917664,0.8083808422088623,1.9419626084982156e-07,0.48298296332359314,0.792550265789032,-0.002129992237314582,0.4610079228878021,0.801605224609375,-0.005943635944277048,0.44610464572906494,0.8226183652877808,-0.008578937500715256,0.4362141489982605,0.8416436910629272,-0.011345693841576576,0.46474817395210266,0.8071224689483643,-0.02041851356625557,0.4364261329174042,0.8353927135467529,-0.027254797518253326,0.4209195375442505,0.8502557873725891,-0.028094472363591194,0.4096115827560425,0.8594436645507812,-0.02699691615998745,0.47283273935317993,0.8351946473121643,-0.02107606641948223,0.44256511330604553,0.8701618313789368,-0.02764476090669632,0.424752801656723,0.8836761116981506,-0.026396293193101883,0.4132188558578491,0.8899182081222534,-0.024158727377653122,0.47919338941574097,0.8600888848304749,-0.02064007893204689,0.4509597420692444,0.8915611505508423,-0.02397746406495571,0.43776246905326843,0.8941454887390137,-0.020752374082803726,0.43113815784454346,0.8904165029525757,-0.01730984076857567,0.4836629033088684,0.8783825635910034,-0.020081140100955963,0.4596686363220215,0.9021756649017334,-0.02042348124086857,0.44894179701805115,0.9016880989074707,-0.016553953289985657,0.44450879096984863,0.8961488604545593,-0.012725620530545712,0.37936538457870483,0.7972296476364136,9.969502201556679e-08,0.40668314695358276,0.7843332290649414,0.003643802599981427,0.43363699316978455,0.7945939898490906,0.00478200102224946,0.4512538015842438,0.8088603019714355,0.004872614983469248,0.463081955909729,0.8238744139671326,0.00521126389503479,0.4378794729709625,0.7955268025398254,0.003660957794636488,0.4563955068588257,0.8146941065788269,-0.0009899254655465484,0.46949851512908936,0.8347893953323364,-0.004821297246962786,0.4781619608402252,0.8502225875854492,-0.006773007567971945,0.43297702074050903,0.8168663382530212,-0.0003033161337953061,0.45204779505729675,0.836306631565094,-0.0027068480849266052,0.46400028467178345,0.8529908061027527,-0.004198585636913776,0.4741479158401489,0.8673484325408936,-0.004875286016613245,0.4267514646053314,0.838215172290802,-0.00437441049143672,0.44548681378364563,0.8546292185783386,-0.006171832792460918,0.45551931858062744,0.8692868947982788,-0.003645970718935132,0.46449050307273865,0.8814713954925537,-0.001368334866128862,0.41904541850090027,0.8578163385391235,-0.008539492264389992,0.43588176369667053,0.871370255947113,-0.008689247071743011,0.44528311491012573,0.8818210959434509,-0.0050924974493682384,0.45396608114242554,0.8901891112327576,-0.0019296824466437101,0.5406932234764099,0.4076850116252899,-0.25928646326065063,0.9998471736907959,0.9986733198165894,0.33252057433128357,0.43588414788246155,-0.21848540008068085,0.9998733401298523,0.9987571239471436,0.5997653603553772,0.6964222192764282,-0.27724531292915344,0.9978584051132202,0.9936413168907166,0.2786574065685272,0.7266709208488464,-0.32466191053390503,0.9953466057777405,0.9918796420097351,0.49533557891845703,0.8086032271385193,-0.5338157415390015,0.9874358177185059,0.9912135004997253,0.3963669538497925,0.8117673397064209,-0.7087246775627136,0.9769798517227173,0.9895744919776917,0.39748114347457886,0.1284683793783188,0.0007591365720145404,0.3858497738838196,0.1422683447599411,0.01128538977354765,0.4724233150482178,0.13703553378582,0.012387862429022789,0.46042102575302124,0.1252930909395218,0.0012952511897310615,0.41392332315444946,0.24619285762310028,-0.0016413601115345955,0.4506289064884186,0.24387823045253754,-0.0010095895268023014
16,1600,0.5041419267654419,0.8021426200866699,1.7354163617255836e-07,0.4830428659915924,0.7815105319023132,-0.004771864973008633,0.45781150460243225,0.7766205668449402,-0.009278292767703533,0.43815380334854126,0.7786740660667419,-0.012161653488874435,0.42503273487091064,0.7774972319602966,-0.015161771327257156,0.4631273150444031,0.8012017011642456,-0.02238346077501774,0.436079204082489,0.8285768628120422,-0.028805704787373543,0.42065703868865967,0.8436428308486938,-0.029293853789567947,0.4095395803451538,0.8540387153625488,-0.028560880571603775,0.470046728849411,0.8313586711883545,-0.021954448893666267,0.44141364097595215,0.8649582862854004,-0.028550783172249794,0.4244166314601898,0.8780738711357117,-0.028043478727340698,0.41254279017448425,0.8848466873168945,-0.0269079077988863,0.4752584993839264,0.8564231395721436,-0.02060573175549507,0.4486492872238159,0.8855222463607788,-0.02451557293534279,0.4332413375377655,0.8913634419441223,-0.023293370380997658,0.42286771535873413,0.8915376663208008,-0.021877717226743698,0.4786109924316406,0.8742626309394836,-0.019338874146342278,0.45630866289138794,0.8952697515487671,-0.02123715914785862,0.4432508647441864,0.8985927700996399,-0.02000395581126213,0.4340618848800659,0.8974451422691345,-0.018557477742433548,0.3741515874862671,0.7810221314430237,9.609188822423675e-08,0.4021393060684204,0.7684744596481323,0.0036582762841135263,0.42885103821754456,0.780662477016449,0.005079022608697414,0.44452106952667236,0.7978618741035461,0.005544796120375395,0.45438724756240845,0.8147861957550049,0.006254291161894798,0.43397149443626404,0.7808488607406616,0.003439119318500161,0.45223569869995117,0.800666093826294,-0.0005197716527618468,0.4649140238761902,0.8201550245285034,-0.003769269213080406,0.47352418303489685,0.8345769643783569,-0.005434010177850723,0.42746177315711975,0.8050761222839355,-0.0004053883021697402,0.4460243880748749,0.8243792057037354,-0.002358744153752923,0.4569741189479828,0.840266227722168,-0.0035698339343070984,0.4664234519004822,0.8533452153205872,-0.004121800418943167,0.41998764872550964,0.828976571559906,-0.004268552176654339,0.43789681792259216,0.8450008034706116,-0.005842334590852261,0.44802457094192505,0.8583759069442749,-0.0033971883822232485,0.4575624167919159,0.8688967823982239,-0.0011677250731736422,0.41168639063835144,0.8502609133720398,-0.008205247111618519,0.42803072929382324,0.8638249039649963,-0.008107736706733704,0.4372939467430115,0.873039960861206,-0.004504228010773659,0.4460012912750244,0.880133330821991,-0.0012935972772538662,0.5402613878250122,0.4095153510570526,-0.26776909828186035,0.9998449683189392,0.9987493753433228,0.3317975103855133,0.4375506639480591,-0.22161865234375,0.9998710751533508,0.998971700668335,0.5993508696556091,0.7000499367713928,-0.29754072427749634,0.9978947639465332,0.9948746562004089,0.27571362257003784,0.7303511500358582,-0.33872440457344055,0.9954383969306946,0.9938733577728271,0.4942844808101654,0.8067353367805481,-0.5674444437026978,0.9879564046859741,0.9936221241950989,0.395368367433548,0.8053653240203857,-0.7430746555328369,0.9781498908996582,0.9927656650543213,0.3960883915424347,0.12630514800548553,0.0028531416319310665,0.3845585882663727,0.1412915587425232,0.013188067823648453,0.4712992012500763,0.13490211963653564,0.013918554410338402,0.4591977894306183,0.12215064465999603,0.0031773243099451065,0.4126453399658203,0.24539361894130707,-0.002918865066021681,0.44891366362571716,0.24269574880599976,-0.0024832175113260746
17,1700,0.5088823437690735,0.7869572043418884,1.3923396124937426e-07,0.48678162693977356,0.7692123651504517,-0.005301198922097683,0.4611637592315674,0.7734251022338867,-0.009694846346974373,0.44125330448150635,0.7792811989784241,-0.012486465275287628,0.4264097213745117,0.774653434753418,-0.015435690060257912,0.4698479175567627,0.7926926612854004,-0.021691126748919487,0.4467480778694153,0.8174355030059814,-0.028419040143489838,0.4326036870479584,0.8297169208526611,-0.029565488919615746,0.4217302203178406,0.8371992707252502,-0.029521726071834564,0.4777640700340271,0.8200666308403015,-0.021232718601822853,0.4519960284233093,0.8525105714797974,-0.02887837588787079,0.43358954787254333,0.8675169348716736,-0.029895467683672905,0.41996100544929504,0.8759121894836426,-0.029970655217766762,0.4837307333946228,0.84151291847229,-0.02002008445560932,0.4603111445903778,0.871657133102417,-0.025604913011193275,0.443320095539093,0.8826127052307129,-0.026841040700674057,0.430769145488739,0.8869330883026123,-0.026991356164216995,0.48793378472328186,0.8562282919883728,-0.01878996752202511,0.468472421169281,0.8826277256011963,-0.022271184250712395,0.455058217048645,0.8925802707672119,-0.023174382746219635,0.44472044706344604,0.896304726600647,-0.0234061311930418,0.368961900472641,0.761969268321991,1.1658169540851304e-07,0.39571627974510193,0.7500519752502441,0.0007898210315033793,0.4213581681251526,0.7650327682495117,-0.00027193487039767206,0.4370117783546448,0.7873333096504211,-0.0016978931380435824,0.4456743597984314,0.806652307510376,-0.002905538771301508,0.4281037747859955,0.7652917504310608,-0.003786242799833417,0.44898730516433716,0.7888330221176147,-0.009132610633969307,0.4630575478076935,0.8088861107826233,-0.013007882051169872,0.47345593571662903,0.8222848176956177,-0.01507306657731533,0.41999441385269165,0.7893723249435425,-0.007075761444866657,0.44111180305480957,0.8144366145133972,-0.009959996677935123,0.45326799154281616,0.832738995552063,-0.011383098550140858,0.4632990062236786,0.8470619320869446,-0.01242536399513483,0.41105613112449646,0.8137511610984802,-0.010217316448688507,0.4316583573818207,0.8357325196266174,-0.012035630643367767,0.44252681732177734,0.8518403172492981,-0.010034349747002125,0.4507654011249542,0.8638321757316589,-0.008408092893660069,0.4022955000400543,0.8357548117637634,-0.01364400889724493,0.421037495136261,0.8532527089118958,-0.013620448298752308,0.4305155277252197,0.8643084764480591,-0.010232264176011086,0.4373900592327118,0.8727789521217346,-0.007322319783270359,0.5398885011672974,0.4119794964790344,-0.2706810235977173,0.9998475909233093,0.999189555644989,0.3313050866127014,0.43835368752479553,-0.22406336665153503,0.9998735785484314,0.9994432330131531,0.599148154258728,0.7010040879249573,-0.32433563470840454,0.9979960918426514,0.9957633018493652,0.2752213180065155,0.7314596176147461,-0.3631250858306885,0.9956907033920288,0.9956594109535217,0.4946810305118561,0.7909687757492065,-0.6112667322158813,0.9887242913246155,0.9964606165885925,0.3956228196620941,0.7895704507827759,-0.7695334553718567,0.9796372056007385,0.9960818886756897,0.3947785198688507,0.12598732113838196,0.0035187567118555307,0.3832133412361145,0.14123135805130005,0.013842741958796978,0.4703829288482666,0.13444660604000092,0.014331454411149025,0.4581770896911621,0.12151255458593369,0.0036683445796370506,0.4113231301307678,0.24493920803070068,-0.003152770921587944,0.4478724002838135,0.24246209859848022,-0.002852535340934992
18,1800,0.5271424055099487,0.7404706478118896,4.804948616765614e-08,0.5053145885467529,0.7129351496696472,-0.005841081030666828,0.4820888340473175,0.7201118469238281,-0.008611316792666912,0.4664217233657837,0.7430185079574585,-0.009834256023168564,0.4552246332168579,0.7597240805625916,-0.010232245549559593,0.49308541417121887,0.7521641850471497,-0.013597673736512661,0.4682791531085968,0.7841335535049438,-0.01826278492808342,0.46181443333625793,0.7828497290611267,-0.01870369166135788,0.46348604559898376,0.7748483419418335,-0.0173968318849802,0.5017849802970886,0.7765474319458008,-0.010925996117293835,0.47518113255500793,0.8064629435539246,-0.013513043522834778,0.4690450131893158,0.8002329468727112,-0.01309912372380495,0.4721331000328064,0.7900983095169067,-0.012597911059856415,0.5080428123474121,0.7941259145736694,-0.00796540267765522,0.4829539656639099,0.8197382092475891,-0.008623521775007248,0.4770182967185974,0.8128942847251892,-0.00740166986361146,0.4794144332408905,0.8033995628356934,-0.006655683275312185,0.5118820667266846,0.8058951497077942,-0.0052447933703660965,0.49106651544570923,0.827563464641571,-0.005307313986122608,0.4839279353618622,0.8233484625816345,-0.004250878468155861,0.4842562973499298,0.8156865835189819,-0.0033933077938854694,0.3362026810646057,0.7033315300941467,4.817180965233092e-08,0.3640798032283783,0.6922613382339478,0.0013323529856279492,0.39116302132606506,0.7075045704841614,-0.0024984083138406277,0.4064429700374603,0.7323211431503296,-0.007332439534366131,0.4121659994125366,0.7584385871887207,-0.012199962511658669,0.39955928921699524,0.7015731334686279,-0.01108233630657196,0.4256724417209625,0.7260452508926392,-0.018416812643408775,0.4426174461841583,0.7431553602218628,-0.022471163421869278,0.455007940530777,0.7567200064659119,-0.02507542259991169,0.389852374792099,0.7224554419517517,-0.017064597457647324,0.4152262210845947,0.7695601582527161,-0.02594054490327835,0.409795343875885,0.7746243476867676,-0.02625928819179535,0.4000411033630371,0.7661024332046509,-0.02472515217959881,0.37685325741767883,0.7446321845054626,-0.022229302674531937,0.4007187783718109,0.788602888584137,-0.027368824928998947,0.394551545381546,0.7869462966918945,-0.021223055198788643,0.38531339168548584,0.7748215794563293,-0.015857137739658356,0.36320826411247253,0.7648645043373108,-0.027535170316696167,0.3853147625923157,0.7998085618019104,-0.027806129306554794,0.38148751854896545,0.7972115874290466,-0.021056829020380974,0.3734203279018402,0.7863991260528564,-0.015896141529083252,0.5365380644798279,0.4150834381580353,-0.24336686730384827,0.9998540878295898,0.9996335506439209,0.3279385566711426,0.43750423192977905,-0.17843762040138245,0.9998810887336731,0.9998082518577576,0.5927556753158569,0.7012519240379333,-0.3901561498641968,0.9981762766838074,0.998715877532959,0.26410728693008423,0.7365297079086304,-0.39492255449295044,0.9960755109786987,0.9988106489181519,0.5078287720680237,0.7517279982566833,-0.8206294178962708,0.9898090958595276,0.999552309513092,0.34941112995147705,0.7264341711997986,-0.9443429112434387,0.9816083312034607,0.9996627569198608,0.3910978436470032,0.13150618970394135,0.0022625199053436518,0.3796832263469696,0.1459670513868332,0.01301684882491827,0.46638157963752747,0.13886278867721558,0.01232223678380251,0.4541001617908478,0.12668608129024506,0.0016169693553820252,0.4074009656906128,0.24936825037002563,-0.0015746589051559567,0.4445170760154724,0.24720488488674164,-0.0019005262292921543
19,1900,0.5362680554389954,0.715684711933136,-4.1792549865249384e-08,0.5221323370933533,0.6700024604797363,-0.010933245532214642,0.49979525804519653,0.6559804081916809,-0.015741165727376938,0.47890999913215637,0.6644359827041626,-0.018229922279715538,0.4625107944011688,0.6727917790412903,-0.019126778468489647,0.49372678995132446,0.71310955286026,-0.013944256119430065,0.47163358330726624,0.6969833374023438,-0.020620157942175865,0.4783596098423004,0.6831210255622864,-0.023860692977905273,0.48761001229286194,0.6845138669013977,-0.024991661310195923,0.4942184388637543,0.7397854924201965,-0.010107744485139847,0.47128844261169434,0.7225619554519653,-0.014867790974676609,0.4769943654537201,0.7057034969329834,-0.016535986214876175,0.4865317642688751,0.7056363224983215,-0.017378533259034157,0.4955481290817261,0.7554128766059875,-0.0068121422082185745,0.4739895462989807,0.7404502034187317,-0.010488691739737988,0.47870081663131714,0.7230993509292603,-0.009343557991087437,0.4872756600379944,0.7222124934196472,-0.0082528842613101,0.49698251485824585,0.7647884488105774,-0.004215281922370195,0.47860822081565857,0.75359708070755,-0.007053740788251162,0.481108158826828,0.7392035722732544,-0.00569655979052186,0.4883889853954315,0.7369896173477173,-0.004137047100812197,0.32354193925857544,0.6847997307777405,-1.354783218943112e-08,0.3541029095649719,0.6716936230659485,0.0029803456272929907,0.38421371579170227,0.6810271143913269,-5.9874662838410586e-05,0.4065721035003662,0.6996668577194214,-0.004305269103497267,0.4213640093803406,0.7149668335914612,-0.00828567985445261,0.38426271080970764,0.6533035635948181,-0.008674130775034428,0.40762054920196533,0.6436852216720581,-0.017644930630922318,0.4248312711715698,0.6361199617385864,-0.02237623743712902,0.4381117820739746,0.6312991976737976,-0.02516639046370983,0.3772709369659424,0.6672801375389099,-0.015556084923446178,0.40686720609664917,0.7111004590988159,-0.02613624930381775,0.3981897234916687,0.7141098380088806,-0.026115844026207924,0.3876221179962158,0.7046973705291748,-0.02364419214427471,0.36769333481788635,0.6884192824363708,-0.02183697745203972,0.3936537206172943,0.7294349670410156,-0.02935788407921791,0.38351908326148987,0.7249641418457031,-0.022865010425448418,0.37503665685653687,0.7127199172973633,-0.01654255948960781,0.357079416513443,0.7103762030601501,-0.027962585911154747,0.37808817625045776,0.7437799572944641,-0.028488313779234886,0.3699190616607666,0.7362496852874756,-0.020516907796263695,0.36177200078964233,0.7213520407676697,-0.014483287930488586,0.534021258354187,0.41716712713241577,-0.2843823730945587,0.9998492002487183,0.9990828037261963,0.3239215016365051,0.4406493604183197,-0.21755000948905945,0.9998860955238342,0.9997602105140686,0.5885862112045288,0.7090991139411926,-0.46730485558509827,0.998324453830719,0.9964935183525085,0.26286938786506653,0.7618990540504456,-0.4700388014316559,0.9963976144790649,0.9976467490196228,0.5067101716995239,0.683184802532196,-0.922897219657898,0.9907566905021667,0.9992485642433167,0.3352673351764679,0.7001636028289795,-1.0458862781524658,0.9833418726921082,0.9995156526565552,0.38881441950798035,0.13634856045246124,0.001975004095584154,0.3776680827140808,0.150835320353508,0.012678807601332664,0.4636073708534241,0.1437988579273224,0.011612622998654842,0.4512873888015747,0.1316792219877243,0.0010367772774770856,0.4055524170398712,0.2542807161808014,-0.0012347042793408036,0.44193652272224426,0.2521042227745056,-0.0017174703534692526
20,2000,0.5325619578361511,0.6787420511245728,2.833938772539568e-08,0.5267854928970337,0.630486011505127,-0.01028125174343586,0.5070943236351013,0.6051446795463562,-0.015611122362315655,0.4851895868778229,0.601952314376831,-0.017939027398824692,0.4689561426639557,0.6052339673042297,-0.01856106147170067,0.5052827596664429,0.6577418446540833,-0.02350146695971489,0.4772442877292633,0.6403666734695435,-0.030277207493782043,0.4857291579246521,0.6240012645721436,-0.030300389975309372,0.49643245339393616,0.6276437640190125,-0.028160564601421356,0.5001742243766785,0.6825996041297913,-0.019047275185585022,0.47170788049697876,0.6550717353820801,-0.024592861533164978,0.47922661900520325,0.6355536580085754,-0.024485206231474876,0.48920297622680664,0.6407288312911987,-0.02360202744603157,0.49602121114730835,0.6985909342765808,-0.014193800278007984,0.4703718423843384,0.6687514185905457,-0.01740666851401329,0.4775922894477844,0.6487988829612732,-0.015366415493190289,0.48674073815345764,0.6512948870658875,-0.013522920198738575,0.4926810562610626,0.7095177173614502,-0.009737393818795681,0.4732833802700043,0.6835474967956543,-0.012661580927670002,0.4779742956161499,0.6659213304519653,-0.011684195138514042,0.4866529703140259,0.665966808795929,-0.010331995785236359,0.3329288065433502,0.6667459011077881,1.5662177332842475e-08,0.36173000931739807,0.6484324336051941,0.0021358109079301357,0.3889453411102295,0.6411482691764832,-0.0030920139979571104,0.4085681438446045,0.6506176590919495,-0.010451734066009521,0.42068609595298767,0.6657410860061646,-0.018016142770648003,0.39066165685653687,0.5974393486976624,-0.009109579026699066,0.4111193120479584,0.580348551273346,-0.01779172755777836,0.4250817596912384,0.5633318424224854,-0.02381070703268051,0.43538352847099304,0.5490047931671143,-0.028522856533527374,0.38132745027542114,0.6076579093933105,-0.01723586395382881,0.40770867466926575,0.650930643081665,-0.027524324133992195,0.40083128213882446,0.663888692855835,-0.02828449010848999,0.392572283744812,0.6593409180641174,-0.02823200821876526,0.3698815107345581,0.6279107332229614,-0.02496473863720894,0.3949759602546692,0.6706033945083618,-0.03261851519346237,0.38752055168151855,0.6744768023490906,-0.02711840160191059,0.3801703453063965,0.6663867235183716,-0.023107079789042473,0.35799190402030945,0.6516750454902649,-0.03303606063127518,0.37971433997154236,0.6833541393280029,-0.035356394946575165,0.37497320771217346,0.6855142116546631,-0.029140226542949677,0.3677501380443573,0.6774219870567322,-0.024734675884246826,0.5341402292251587,0.421923965215683,-0.3029882609844208,0.9998584389686584,0.9997400641441345,0.32266759872436523,0.4427589774131775,-0.27384036779403687,0.9998939037322998,0.999870777130127,0.5889642834663391,0.7388992309570312,-0.5401333570480347,0.9984608292579651,0.9974942207336426,0.2611148953437805,0.7757084965705872,-0.5382421612739563,0.996720552444458,0.9983342289924622,0.5256616473197937,0.6655513644218445,-1.0654757022857666,0.991637647151947,0.9996408224105835,0.3426649570465088,0.6697937250137329,-1.1049473285675049,0.9849640727043152,0.9998003840446472,0.38648128509521484,0.14224044978618622,0.0024687235709279776,0.375585675239563,0.15647757053375244,0.013342375867068768,0.4612049460411072,0.1497015357017517,0.010814494453370571,0.44886595010757446,0.13771000504493713,0.0005236862925812602,0.4027355909347534,0.26118385791778564,-0.000935159157961607,0.4389602541923523,0.259326696395874,-0.002155262976884842
21,2100,0.5299530625343323,0.6726388931274414,1.720746922728722e-08,0.5286544561386108,0.619074285030365,-0.011416732333600521,0.510389506816864,0.5847728252410889,-0.017278799787163734,0.48980405926704407,0.5720717906951904,-0.02018120512366295,0.47213423252105713,0.5750058889389038,-0.021574297919869423,0.5042349100112915,0.6296647787094116,-0.02369786985218525,0.4764919877052307,0.6163344979286194,-0.03253865987062454,0.47318243980407715,0.6126158833503723,-0.03490749001502991,0.4746401906013489,0.6203147172927856,-0.03471215441823006,0.4957233667373657,0.656212568283081,-0.01965930126607418,0.47154730558395386,0.6188337206840515,-0.028300054371356964,0.48038676381111145,0.6059169769287109,-0.028567874804139137,0.4911998510360718,0.6129796504974365,-0.02716449461877346,0.48965492844581604,0.6727063059806824,-0.015498176217079163,0.4691798686981201,0.6338025331497192,-0.02031123824417591,0.47770559787750244,0.622298002243042,-0.016221409663558006,0.48695075511932373,0.6277307271957397,-0.012775417417287827,0.48524409532546997,0.6823947429656982,-0.012260007672011852,0.4705084562301636,0.6465138792991638,-0.014900066889822483,0.4779755175113678,0.6362640857696533,-0.012355956248939037,0.4859340190887451,0.6392578482627869,-0.009978720918297768,0.3534822165966034,0.6510940790176392,6.971301758085247e-08,0.3780044615268707,0.6365644931793213,-0.0003637542831711471,0.4014166295528412,0.6300944685935974,-0.007866560481488705,0.4189709424972534,0.6376008987426758,-0.016905799508094788,0.42806193232536316,0.6535122990608215,-0.026609370484948158,0.39684128761291504,0.5841844081878662,-0.01647922210395336,0.4149788022041321,0.5609850883483887,-0.028359780088067055,0.42893722653388977,0.5398465394973755,-0.03563185781240463,0.4390023946762085,0.5220704078674316,-0.0406261682510376,0.3872397840023041,0.5908817052841187,-0.023543914780020714,0.41758057475090027,0.6285675168037415,-0.03564300388097763,0.41212737560272217,0.6464075446128845,-0.03484979271888733,0.4032297730445862,0.6450946927070618,-0.033118508756160736,0.3768097758293152,0.6105062365531921,-0.0303006824105978,0.4040970504283905,0.6527493000030518,-0.04006708785891533,0.3980162441730499,0.6583887338638306,-0.03388174623250961,0.3907175362110138,0.6503649353981018,-0.02875913679599762,0.3674844205379486,0.6355862021446228,-0.037403617054224014,0.38966384530067444,0.6660836338996887,-0.041175466030836105,0.3859330117702484,0.6697534322738647,-0.034578997641801834,0.3787522614002228,0.6625145673751831,-0.02963504195213318,0.5341565608978271,0.426404744386673,-0.2845265567302704,0.999866247177124,0.9997444748878479,0.32238903641700745,0.4454858601093292,-0.26117178797721863,0.9999014735221863,0.9999029636383057,0.5893077254295349,0.7615167498588562,-0.5200786590576172,0.9985857009887695,0.9977359771728516,0.26675352454185486,0.7898145318031311,-0.5238395929336548,0.9970177412033081,0.99858558177948,0.5238357186317444,0.6488119959831238,-1.0392318964004517,0.9924378991127014,0.9997195601463318,0.3647178113460541,0.6531200408935547,-1.0804228782653809,0.9864299893379211,0.9998378753662109,0.38536664843559265,0.1493423879146576,0.0010176673531532288,0.3745393455028534,0.16333383321762085,0.012006822042167187,0.4604679048061371,0.15570950508117676,0.009790206328034401,0.4481668472290039,0.1439872682094574,-0.0006884434842504561,0.40241092443466187,0.2684336304664612,-0.00023939984384924173,0.4378804862499237,0.2662452459335327,-0.0013124508550390601
22,2200,0.5223179459571838,0.6739564538002014,9.802057832075661e-08,0.5261247754096985,0.6220965385437012,-0.013561437837779522,0.5113472938537598,0.583447277545929,-0.019147610291838646,0.4907796382904053,0.5653461217880249,-0.021212780848145485,0.47301048040390015,0.5631765127182007,-0.022118259221315384,0.4997382164001465,0.6281350255012512,-0.02316811867058277,0.4757033884525299,0.6188663244247437,-0.029187221080064774,0.46336081624031067,0.6143185496330261,-0.030269330367445946,0.4548680782318115,0.6191049814224243,-0.030144983902573586,0.4892781674861908,0.650266706943512,-0.017351729795336723,0.4707063138484955,0.6085532307624817,-0.02513977698981762,0.4800528585910797,0.5943599939346313,-0.025483984500169754,0.48980772495269775,0.6025111079216003,-0.023841291666030884,0.48264557123184204,0.6637850999832153,-0.01130991242825985,0.4673697054386139,0.622695803642273,-0.01611189916729927,0.4768909215927124,0.6110554933547974,-0.012710711918771267,0.4858567714691162,0.6174079775810242,-0.009139918722212315,0.4784889221191406,0.6724311113357544,-0.006277888547629118,0.46791261434555054,0.6369907855987549,-0.0096421018242836,0.4738104045391083,0.6253244876861572,-0.008253536187112331,0.4806077182292938,0.6282517910003662,-0.006193591747432947,0.35730642080307007,0.6704761385917664,6.391547913153772e-08,0.3819812536239624,0.6564297080039978,0.0015901976730674505,0.4056205749511719,0.6473496556282043,-0.0047834934666752815,0.4230350852012634,0.6536254286766052,-0.013251924887299538,0.43317359685897827,0.6700147986412048,-0.02237219735980034,0.40483352541923523,0.6003832817077637,-0.013153045438230038,0.4254102408885956,0.5777449011802673,-0.024153225123882294,0.43984416127204895,0.5567168593406677,-0.030967900529503822,0.4509877860546112,0.5389811396598816,-0.03578851372003555,0.39573749899864197,0.6057395339012146,-0.020917046815156937,0.42540833353996277,0.6456570625305176,-0.03301917016506195,0.419849693775177,0.6659302115440369,-0.033145055174827576,0.41132283210754395,0.6666444540023804,-0.03187577426433563,0.3859507739543915,0.6245639324188232,-0.028174912557005882,0.41165122389793396,0.6684410572052002,-0.03714688494801521,0.40423282980918884,0.6765406727790833,-0.03126302734017372,0.39664939045906067,0.6698575615882874,-0.026327230036258698,0.376933753490448,0.6493610143661499,-0.03573596477508545,0.398452490568161,0.6825881600379944,-0.038749828934669495,0.3938029706478119,0.6891091465950012,-0.03223385289311409,0.3869510889053345,0.6839107275009155,-0.02720344066619873,0.5347107648849487,0.43271809816360474,-0.26911383867263794,0.9998739957809448,0.9997748732566833,0.3224096894264221,0.448042094707489,-0.26007214188575745,0.9999083280563354,0.9999094009399414,0.5890759229660034,0.7731484174728394,-0.5263959169387817,0.9986944794654846,0.9975703358650208,0.26825326681137085,0.7905183434486389,-0.5274537205696106,0.9972856044769287,0.9986357092857361,0.521487832069397,0.644585132598877,-1.0530165433883667,0.9931540489196777,0.9997499585151672,0.38043683767318726,0.6501258015632629,-1.0747913122177124,0.9877466559410095,0.9998863935470581,0.3849175274372101,0.15891723334789276,-0.0015896866098046303,0.3739127814769745,0.17177996039390564,0.009681472554802895,0.4597092270851135,0.16549545526504517,0.007613964378833771,0.4475094676017761,0.15457215905189514,-0.003189650597050786,0.4013167917728424,0.27837586402893066,0.00140319240745157,0.43710455298423767,0.276691734790802,0.0003988552780356258
23,2300,0.5143553018569946,0.6822338104248047,1.0829219831975934e-07,0.5206263661384583,0.6349718570709229,-0.0166622307151556,0.5080714225769043,0.5979773998260498,-0.023820821195840836,0.488574355840683,0.5802391171455383,-0.025791950523853302,0.4716363251209259,0.5789804458618164,-0.02645125798881054,0.4891657829284668,0.645825207233429,-0.03245265409350395,0.46795427799224854,0.6418489217758179,-0.041817694902420044,0.45268455147743225,0.6432507038116455,-0.04671844094991684,0.4397045075893402,0.6520366072654724,-0.049342747777700424,0.47841235995292664,0.6640500426292419,-0.024438554421067238,0.4682973623275757,0.6207553148269653,-0.031186489388346672,0.48007500171661377,0.6056297421455383,-0.030568372458219528,0.4889618158340454,0.6111018657684326,-0.029505442827939987,0.4721725285053253,0.6733006834983826,-0.016163567081093788,0.4633854329586029,0.6302883625030518,-0.019726896658539772,0.4751204550266266,0.6192582845687866,-0.015199755318462849,0.482923686504364,0.6244094371795654,-0.011989681981503963,0.4692782163619995,0.676581084728241,-0.009118601679801941,0.46401020884513855,0.6404245495796204,-0.011231999844312668,0.4716250002384186,0.6297708749771118,-0.008297429420053959,0.47765111923217773,0.6330013871192932,-0.00570910656824708,,,,,,,,,,,,,,,,,,,,,,,,,,,,,,,,,,,,,,,,,,,,,,,,,,,,,,,,,,,,,,,,0.5345345735549927,0.4387773275375366,-0.22205550968647003,0.9998798966407776,0.9997305274009705,0.32241684198379517,0.4517959654331207,-0.21356084942817688,0.999914288520813,0.9998916387557983,0.5877975821495056,0.7696745991706848,-0.4591386318206787,0.9987894892692566,0.9982159733772278,0.27084407210350037,0.7896788716316223,-0.4631664752960205,0.9975294470787048,0.9987756609916687,0.5158228278160095,0.6517582535743713,-0.9649407267570496,0.9937910437583923,0.9997192025184631,0.397186279296875,0.662877082824707,-0.9804285764694214,0.9889219999313354,0.9998183846473694,0.3857114315032959,0.16890618205070496,-0.0032288897782564163,0.37462371587753296,0.18152865767478943,0.008148867636919022,0.4606541097164154,0.17643329501152039,0.006825737655162811,0.4486696124076843,0.1654072105884552,-0.0043306369334459305,0.40196675062179565,0.288716197013855,0.0022525854874402285,0.43897509574890137,0.2873688340187073,0.001584819401614368
24,2400,0.5087460875511169,0.688656747341156,4.549414001076002e-08,0.5124983787536621,0.6494299173355103,-0.017274167388677597,0.5026797652244568,0.621344804763794,-0.023702401667833328,0.4861971437931061,0.6043338179588318,-0.026718057692050934,0.4709611237049103,0.6060419082641602,-0.028850315138697624,0.4794043302536011,0.6669999957084656,-0.02150258608162403,0.4582172632217407,0.6678812503814697,-0.0297953300178051,0.44469785690307617,0.6728693842887878,-0.0353044830262661,0.4336170554161072,0.6854647994041443,-0.03859962522983551,0.4722505509853363,0.6793451905250549,-0.014700639992952347,0.4643966853618622,0.6428253054618835,-0.02677786350250244,0.4753340482711792,0.6337410807609558,-0.03101486712694168,0.48244231939315796,0.6466461420059204,-0.031462330371141434,0.4681774973869324,0.6856744885444641,-0.008599955588579178,0.46285003423690796,0.6469591856002808,-0.019855745136737823,0.4734877347946167,0.6387642025947571,-0.02032225765287876,0.4797605574131012,0.6500502824783325,-0.017677467316389084,0.46542802453041077,0.6895788908004761,-0.0034428087528795004,0.4530631899833679,0.6690315008163452,-0.011355648748576641,0.4552824795246124,0.6646748781204224,-0.011321143247187138,0.45866531133651733,0.6740747690200806,-0.00928428489714861,0.3567810356616974,0.7418626546859741,-5.4884999656223954e-08,0.3877982795238495,0.7378414869308472,-0.00027007440803572536,0.4154362082481384,0.7439447045326233,-0.007736387196928263,0.4331342875957489,0.7661141157150269,-0.01739211566746235,0.44140487909317017,0.7895920872688293,-0.027142126113176346,0.4232199788093567,0.6995653510093689,-0.011973942629992962,0.447232186794281,0.6817259788513184,-0.022206924855709076,0.4607269763946533,0.6679005026817322,-0.02850978821516037,0.47162559628486633,0.6562492847442627,-0.033218864351511,0.4138088822364807,0.7091031074523926,-0.019811246544122696,0.43808040022850037,0.7586761713027954,-0.03241487964987755,0.42778998613357544,0.7743921279907227,-0.033440303057432175,0.4194123148918152,0.7732535600662231,-0.03292691335082054,0.4019121825695038,0.7290239930152893,-0.02741904743015766,0.422912061214447,0.781213104724884,-0.035927630960941315,0.41133683919906616,0.7815520763397217,-0.02983771823346615,0.4030122458934784,0.7700294852256775,-0.025238564237952232,0.38974061608314514,0.7520059943199158,-0.035707686096429825,0.40579187870025635,0.7898110151290894,-0.03742026537656784,0.3980613350868225,0.7881112098693848,-0.030368968844413757,0.39195600152015686,0.7760700583457947,-0.025519968941807747,0.5345506072044373,0.4514073133468628,-0.23502258956432343,0.9998837113380432,0.9996438026428223,0.322091281414032,0.4578545093536377,-0.21531040966510773,0.9999175071716309,0.9998277425765991,0.5868833661079407,0.7788863182067871,-0.47165852785110474,0.9988593459129333,0.9972406625747681,0.2700525224208832,0.7889094948768616,-0.42173734307289124,0.9977156519889832,0.9980939030647278,0.5149113535881042,0.6677857637405396,-0.974310040473938,0.9943438172340393,0.9995962977409363,0.39566075801849365,0.7292836308479309,-0.937669575214386,0.9899168014526367,0.9992554783821106,0.3873046040534973,0.1736019402742386,-0.0033642398193478584,0.37611591815948486,0.18543043732643127,0.007928303442895412,0.46110087633132935,0.18279704451560974,0.0064827450551092625,0.4490399658679962,0.17221078276634216,-0.004556422121822834,0.40295761823654175,0.29376673698425293,0.002137386240065098,0.43866729736328125,0.29312893748283386,0.001426364528015256
25,2500,0.5146346092224121,0.7068637609481812,-3.8903312571392235e-08,0.5164710283279419,0.6721159219741821,-0.014823148027062416,0.5055670738220215,0.6470411419868469,-0.02186054363846779,0.48840534687042236,0.632428765296936,-0.02597159892320633,0.4730890095233917,0.6340175867080688,-0.02820403315126896,0.4823223352432251,0.6986210346221924,-0.019076665863394737,0.4728148877620697,0.6577994227409363,-0.029128853231668472,0.4841255247592926,0.6572417616844177,-0.034700166434049606,0.4906691610813141,0.672725260257721,-0.03750081732869148,0.4757288098335266,0.7076348066329956,-0.014093040488660336,0.46720075607299805,0.6600924134254456,-0.024270201101899147,0.4799633324146271,0.6578905582427979,-0.027802180498838425,0.4856696128845215,0.6735782027244568,-0.029154270887374878,0.47172170877456665,0.7088048458099365,-0.009953271597623825,0.4662456810474396,0.6642606258392334,-0.019226327538490295,0.47848865389823914,0.6644731760025024,-0.0186770036816597,0.4832899868488312,0.6797424554824829,-0.016850177198648453,0.46922969818115234,0.7086429595947266,-0.006679832935333252,0.46603652834892273,0.6695184111595154,-0.01246350072324276,0.4761137068271637,0.6702677607536316,-0.011532066389918327,0.4815351366996765,0.683161735534668,-0.009940104559063911,0.3493613600730896,0.7624598145484924,-2.8625217751709897e-09,0.3770425617694855,0.7526569366455078,0.001217328361235559,0.40498223900794983,0.7606264352798462,-0.0049433158710598946,0.4231383204460144,0.7861741185188293,-0.012708311900496483,0.4330710768699646,0.8140490651130676,-0.02040325105190277,0.4138970971107483,0.7301903963088989,-0.013551678508520126,0.44145846366882324,0.7199271321296692,-0.02304241620004177,0.45859241485595703,0.7116753458976746,-0.02846119925379753,0.4718109667301178,0.7045422792434692,-0.03244872763752937,0.4053399860858917,0.742429256439209,-0.021424556151032448,0.43130654096603394,0.7915606498718262,-0.03367007151246071,0.42286190390586853,0.8019964098930359,-0.03457850590348244,0.4144919812679291,0.7955719828605652,-0.03380884230136871,0.39433398842811584,0.7626678943634033,-0.02860569953918457,0.41590115427970886,0.8119295239448547,-0.03644143044948578,0.40628984570503235,0.810139536857605,-0.030001940205693245,0.3990998864173889,0.7962017059326172,-0.024989886209368706,0.3830491304397583,0.7852739691734314,-0.03614374250173569,0.4013444781303406,0.8210739493370056,-0.037240106612443924,0.3943262994289398,0.8180592060089111,-0.029846709221601486,0.38795313239097595,0.8048004508018494,-0.024696778506040573,0.5336298942565918,0.45190513134002686,-0.2569469213485718,0.9998790621757507,0.9991052746772766,0.3219284415245056,0.4597550332546234,-0.22443905472755432,0.9999147057533264,0.9995161294937134,0.5808907747268677,0.7674331665039062,-0.47074398398399353,0.9988600611686707,0.9948651194572449,0.2656017541885376,0.7785021662712097,-0.4068280756473541,0.997825026512146,0.9965084195137024,0.510581374168396,0.6990224123001099,-0.9544669985771179,0.9947130084037781,0.9985437393188477,0.39406684041023254,0.7530530095100403,-0.8962665796279907,0.9906536340713501,0.9979281425476074,0.38802647590637207,0.1751125454902649,-0.0028122998774051666,0.37674593925476074,0.18755382299423218,0.00838415790349245,0.46210816502571106,0.1839267611503601,0.007190001662820578,0.4501309394836426,0.1728237420320511,-0.0038236123509705067,0.40351518988609314,0.29460105299949646,0.0017258351435884833,0.4391133785247803,0.2946067154407501,0.0011258535087108612
26,2600,0.5147727727890015,0.6924541592597961,-3.336688436661461e-08,0.5147059559822083,0.6560801863670349,-0.005887829232960939,0.5005382299423218,0.6333110332489014,-0.006509043276309967,0.4852738082408905,0.6260597109794617,-0.00675936508923769,0.47494345903396606,0.629146933555603,-0.00570406811311841,0.4792804718017578,0.664490282535553,-0.0006110047688707709,0.4730905294418335,0.6400825381278992,-0.007119345013052225,0.48548218607902527,0.6412711143493652,-0.010597720742225647,0.4907793402671814,0.6510984301567078,-0.011843601241707802,0.47538894414901733,0.6756872534751892,9.267679160984699e-06,0.47054004669189453,0.6443949341773987,-0.006988137029111385,0.4853903353214264,0.6479274034500122,-0.00972608383744955,0.488232284784317,0.6601080894470215,-0.010013200342655182,0.47371187806129456,0.6854780912399292,-0.0006928542861714959,0.4713980257511139,0.6528424024581909,-0.009816941805183887,0.486629456281662,0.6554557085037231,-0.00946259219199419,0.48907095193862915,0.6658750772476196,-0.006837477441877127,0.4731488525867462,0.6962705850601196,-0.0015406382735818624,0.4727018475532532,0.6675401926040649,-0.007815324701368809,0.4830922782421112,0.6690607070922852,-0.0065844315104186535,0.485071063041687,0.678418755531311,-0.004311979282647371,0.3463591933250427,0.762168288230896,3.748239052470126e-08,0.37571409344673157,0.7543759942054749,0.0019320040009915829,0.4045664370059967,0.7638132572174072,-0.004021332133561373,0.4234124422073364,0.7895108461380005,-0.011500492691993713,0.4335600435733795,0.8144909739494324,-0.01889672316610813,0.41076380014419556,0.7285550832748413,-0.013358350843191147,0.4384262263774872,0.7160226702690125,-0.023252828046679497,0.45689868927001953,0.7049450874328613,-0.029057195410132408,0.4706399440765381,0.6939032077789307,-0.03317161649465561,0.40318021178245544,0.7399036288261414,-0.021448157727718353,0.4282699525356293,0.7918394804000854,-0.03294797241687775,0.4187541604042053,0.8017950057983398,-0.032738737761974335,0.40965524315834045,0.7923281192779541,-0.03129572421312332,0.39147448539733887,0.7590621709823608,-0.028898347169160843,0.4123995006084442,0.8100424408912659,-0.037002019584178925,0.4025779664516449,0.8099281191825867,-0.029728220775723457,0.3954940736293793,0.7968230247497559,-0.024079415947198868,0.37906843423843384,0.7812327146530151,-0.036481134593486786,0.3967627286911011,0.818645179271698,-0.0375848226249218,0.3890976309776306,0.8168463706970215,-0.029106250032782555,0.38242781162261963,0.8040454983711243,-0.023245396092534065,0.5336198210716248,0.45376595854759216,-0.27851301431655884,0.9998790621757507,0.9993269443511963,0.3219892978668213,0.45985832810401917,-0.22493593394756317,0.9999150633811951,0.9996657371520996,0.5807045698165894,0.7672344446182251,-0.4856019914150238,0.9988852739334106,0.9941449761390686,0.2628491520881653,0.7772849798202515,-0.4027680456638336,0.9979283809661865,0.996570348739624,0.5075958967208862,0.6986101865768433,-0.964947521686554,0.9950999617576599,0.9987574815750122,0.3887501657009125,0.7552435398101807,-0.9088468551635742,0.9913691878318787,0.9982768297195435,0.38838744163513184,0.1751529574394226,-0.0024303458631038666,0.37709754705429077,0.18752652406692505,0.008782903663814068,0.46238964796066284,0.184173583984375,0.007433740422129631,0.4503699243068695,0.17296713590621948,-0.0035326655488461256,0.4035402238368988,0.2940135598182678,0.0016263725701719522,0.4400942921638489,0.29423120617866516,0.0009699041256681085
27,2700,0.5233216285705566,0.6848165988922119,-3.186830355161874e-08,0.5272107124328613,0.6486385464668274,-0.01727554015815258,0.5167168974876404,0.6198189854621887,-0.025977300480008125,0.500234842300415,0.6051974296569824,-0.030829312279820442,0.4846295118331909,0.5991109609603882,-0.03353554382920265,0.48955368995666504,0.6650668978691101,-0.026235736906528473,0.48324522376060486,0.6153494715690613,-0.037033647298812866,0.49490034580230713,0.6136646270751953,-0.04116035997867584,0.5006625056266785,0.6272460222244263,-0.042670562863349915,0.48275279998779297,0.6794185638427734,-0.02040674537420273,0.4793216288089752,0.6228294372558594,-0.029769040644168854,0.4919489026069641,0.6193826198577881,-0.03011765517294407,0.4969009757041931,0.6332662105560303,-0.029468078166246414,0.4797142446041107,0.6846182942390442,-0.015556607395410538,0.47780272364616394,0.6298419833183289,-0.02348628081381321,0.48958274722099304,0.6268305778503418,-0.020522139966487885,0.4944184720516205,0.638671338558197,-0.01762882061302662,0.4793176054954529,0.6856783628463745,-0.011922089383006096,0.47572943568229675,0.645376980304718,-0.01781926304101944,0.4848402738571167,0.64556485414505,-0.0167764350771904,0.49020934104919434,0.6577086448669434,-0.015081129036843777,0.3418482542037964,0.7593912482261658,3.7756574755576366e-08,0.3716197907924652,0.7482559680938721,0.0009388362523168325,0.4009797275066376,0.7560376524925232,-0.004778318107128143,0.42126819491386414,0.7808408141136169,-0.01177207101136446,0.4336639642715454,0.8066366910934448,-0.01848198100924492,0.4058326780796051,0.7222869396209717,-0.01281454972922802,0.4322638511657715,0.7184110283851624,-0.021571343764662743,0.44888800382614136,0.7109370827674866,-0.02645833231508732,0.4621583819389343,0.7027848958969116,-0.03025772050023079,0.3978734612464905,0.7355484366416931,-0.020396018400788307,0.4250561594963074,0.783893883228302,-0.031138870865106583,0.4164389669895172,0.7959498167037964,-0.03126559779047966,0.4076904058456421,0.791608989238739,-0.03030404821038246,0.3867465555667877,0.7561770677566528,-0.02742070145905018,0.4091096520423889,0.803791880607605,-0.034280844032764435,0.39923906326293945,0.8037068843841553,-0.027003221213817596,0.39158350229263306,0.7931424379348755,-0.021642601117491722,0.3746291399002075,0.7794578075408936,-0.03483983129262924,0.3935970067977905,0.8140689730644226,-0.0354117788374424,0.3863968253135681,0.8126783967018127,-0.027622748166322708,0.3795795440673828,0.8022546768188477,-0.022421572357416153,0.5335772633552551,0.4550211727619171,-0.2779984772205353,0.9998821020126343,0.9995415210723877,0.32225731015205383,0.46027034521102905,-0.2231331765651703,0.999917209148407,0.9997633099555969,0.583545446395874,0.7672351598739624,-0.49796628952026367,0.9989110231399536,0.9954972267150879,0.260997474193573,0.7772813439369202,-0.40708035230636597,0.998046875,0.9973973035812378,0.5222048163414001,0.6882985234260559,-1.0007492303848267,0.9954796433448792,0.9992231130599976,0.3778907358646393,0.7578160762786865,-0.9145005345344543,0.9920820593833923,0.9988425374031067,0.3881016671657562,0.17528165876865387,-0.00252316752448678,0.3768898546695709,0.18818044662475586,0.00870976597070694,0.462038516998291,0.18223464488983154,0.007463573012501001,0.4499855637550354,0.17094692587852478,-0.0035205374006181955,0.40365278720855713,0.292985200881958,0.0017994908848777413,0.440635621547699,0.2922942340373993,0.0011107232421636581
28,2800,0.5400448441505432,0.6654596924781799,-2.73634128689082e-08,0.5416103005409241,0.6119336485862732,-0.009744018316268921,0.5256153345108032,0.5708169341087341,-0.013903091661632061,0.5043778419494629,0.5529959201812744,-0.015523162670433521,0.49056482315063477,0.5595163106918335,-0.015343938954174519,0.4998096525669098,0.6143626570701599,-0.018289955332875252,0.4849857985973358,0.5706367492675781,-0.02250579372048378,0.5008032321929932,0.5634781718254089,-0.022462140768766403,0.5114140510559082,0.5710505247116089,-0.021344099193811417,0.49276891350746155,0.6352709531784058,-0.013618052005767822,0.4818636476993561,0.5878286361694336,-0.016240255907177925,0.49665969610214233,0.579021155834198,-0.01562107540667057,0.5057756900787354,0.5882589817047119,-0.015279723331332207,0.4911273717880249,0.646051824092865,-0.008655259385704994,0.48393678665161133,0.6019464731216431,-0.009537396021187305,0.49706152081489563,0.5943201780319214,-0.007283376529812813,0.5052595138549805,0.6026896238327026,-0.006118809804320335,0.4924775958061218,0.6510025262832642,-0.0043042548932135105,0.4867611825466156,0.6160496473312378,-0.00423842016607523,0.4956407845020294,0.6057672500610352,-0.0022483225911855698,0.5027255415916443,0.6115481853485107,-0.0008601174922659993,0.3348625898361206,0.7599360346794128,1.5901223449077406e-08,0.3650771677494049,0.7438406348228455,0.001314300810918212,0.3965242803096771,0.7498031854629517,-0.0032964095007628202,0.4199894368648529,0.7684597373008728,-0.008921482600271702,0.4349956810474396,0.7855902314186096,-0.01408847514539957,0.39601126313209534,0.7209470272064209,-0.010136823169887066,0.42178699374198914,0.7190490961074829,-0.01769115775823593,0.4382050335407257,0.7126754522323608,-0.0213173720985651,0.4516109228134155,0.7058374285697937,-0.024103127419948578,0.38937297463417053,0.7396116852760315,-0.017251424491405487,0.42279717326164246,0.7776572704315186,-0.028027167543768883,0.4137367904186249,0.7862698435783386,-0.02816414088010788,0.4031647741794586,0.7801224589347839,-0.02629331313073635,0.38057172298431396,0.7634168863296509,-0.023771608248353004,0.40919187664985657,0.8027805685997009,-0.031154314056038857,0.39874207973480225,0.8023989200592041,-0.02426905930042267,0.38981109857559204,0.7916533946990967,-0.018312163650989532,0.37055444717407227,0.7880048155784607,-0.030428266152739525,0.3938458263874054,0.8158548474311829,-0.031213896349072456,0.3864944577217102,0.8141810297966003,-0.02380104549229145,0.37880778312683105,0.8039087057113647,-0.018522774800658226,0.5314819812774658,0.45594778656959534,-0.2748004198074341,0.9998840689659119,0.9995006322860718,0.322296142578125,0.46303680539131165,-0.24383321404457092,0.9999208450317383,0.9998267292976379,0.590175449848175,0.7694238424301147,-0.506834864616394,0.9989352226257324,0.9944177865982056,0.2568668723106384,0.7832610011100769,-0.4635253846645355,0.9981770515441895,0.996976375579834,0.5443604588508606,0.665273129940033,-1.0457184314727783,0.9958527088165283,0.9993000030517578,0.36418798565864563,0.7614296674728394,-1.0070650577545166,0.9927796721458435,0.9990584254264832,0.38852423429489136,0.17178328335285187,7.82639835961163e-05,0.3775039315223694,0.18552185595035553,0.011029942892491817,0.46260982751846313,0.17869791388511658,0.009470880031585693,0.4504717290401459,0.16688388586044312,-0.0011447941651567817,0.4042961001396179,0.28867506980895996,0.0001457872858736664,0.4410551190376282,0.2869800329208374,-0.0005595828406512737
29,2900,0.5522663593292236,0.6136113405227661,-1.2078047006980341e-07,0.5429649353027344,0.5725105404853821,0.0036272720899432898,0.5219480395317078,0.5424524545669556,3.660924994619563e-05,0.5013993382453918,0.5308653116226196,-0.0045489780604839325,0.4884032905101776,0.5290399789810181,-0.009862557984888554,0.5255864858627319,0.5381792187690735,-0.01116721611469984,0.49727320671081543,0.5225461721420288,-0.017438005656003952,0.49199753999710083,0.5311453938484192,-0.02012145146727562,0.49335792660713196,0.5401013493537903,-0.021387463435530663,0.523332417011261,0.5664262175559998,-0.016791217029094696,0.4883080720901489,0.5506274700164795,-0.02125963382422924,0.4909856617450714,0.556126058101654,-0.02014128863811493,0.500151515007019,0.5618180632591248,-0.020154958590865135,0.5200696587562561,0.59422367811203,-0.021349400281906128,0.4877813160419464,0.5776917338371277,-0.025195932015776634,0.4926152229309082,0.5802534818649292,-0.020383775234222412,0.5017492175102234,0.5847751498222351,-0.017579171806573868,0.5161315202713013,0.6185547113418579,-0.025239454582333565,0.4897613525390625,0.6011151075363159,-0.027014754712581635,0.4943649172782898,0.601195216178894,-0.021726850420236588,0.5033281445503235,0.6052182912826538,-0.0181499645113945,0.3447311520576477,0.7503835558891296,2.6516246975916147e-08,0.3680213689804077,0.7197275757789612,-0.0004049570416100323,0.3963567912578583,0.7134376764297485,-0.003203202271834016,0.4197049140930176,0.7218432426452637,-0.006228945683687925,0.43598026037216187,0.7331615090370178,-0.00862558651715517,0.3937777578830719,0.7035171389579773,-0.0068962546065449715,0.41936826705932617,0.6987155675888062,-0.012206187471747398,0.43454796075820923,0.6956906318664551,-0.01436220295727253,0.4462529420852661,0.6924331784248352,-0.015493473969399929,0.3920679986476898,0.7319678068161011,-0.010849079117178917,0.4244805872440338,0.7451500296592712,-0.02011057175695896,0.4181411564350128,0.7460888624191284,-0.02099020965397358,0.40692374110221863,0.7400510311126709,-0.0189252607524395,0.3890838921070099,0.7602989673614502,-0.014368917793035507,0.4170845150947571,0.7738566994667053,-0.0201436635106802,0.4102652966976166,0.7725449800491333,-0.014988290145993233,0.40110307931900024,0.766380786895752,-0.00953611359000206,0.3856554329395294,0.7840649485588074,-0.018009133636951447,0.4095507562160492,0.7935845851898193,-0.01746780425310135,0.40422511100769043,0.7917289733886719,-0.011003012768924236,0.39579373598098755,0.7870750427246094,-0.005889267195016146,0.5321512222290039,0.45597267150878906,-0.19112229347229004,0.9998876452445984,0.9996237754821777,0.32593515515327454,0.46318134665489197,-0.218897745013237,0.9999247193336487,0.9998651742935181,0.5943666696548462,0.7831798791885376,-0.44930973649024963,0.9989325404167175,0.9957314133644104,0.26186826825141907,0.7886316776275635,-0.4469992220401764,0.9983168840408325,0.9973600506782532,0.542456865310669,0.6141404509544373,-0.973689079284668,0.9961751103401184,0.9995232820510864,0.38176488876342773,0.7343977093696594,-0.917397677898407,0.9934144616127014,0.9992013573646545,0.3883095383644104,0.16843613982200623,0.0005672368570230901,0.37736761569976807,0.1821366548538208,0.01156346034258604,0.4627002775669098,0.17497870326042175,0.00968368723988533,0.45038288831710815,0.16350743174552917,-0.0008857757202349603,0.4049111008644104,0.2852340638637543,-8.479731332045048e-05,0.44138291478157043,0.28302860260009766,-0.0009488158393651247
30,3000,0.547152042388916,0.6081697940826416,4.831188249454499e-08,0.5274999737739563,0.5775156617164612,0.0005206751520745456,0.5057985186576843,0.5588055849075317,-0.004242676310241222,0.4874568283557892,0.558022141456604,-0.009773488156497478,0.4758701026439667,0.5681902170181274,-0.016235878691077232,0.5143278241157532,0.5255531668663025,-0.010065235197544098,0.5019354224205017,0.4969140887260437,-0.01932750828564167,0.49255305528640747,0.4752407968044281,-0.02493136376142502,0.4857800304889679,0.456142783164978,-0.02876710146665573,0.5198183655738831,0.5404568314552307,-0.01554267480969429,0.4843796491622925,0.557433009147644,-0.025040188804268837,0.4822571277618408,0.5735552906990051,-0.026360634714365005,0.48736751079559326,0.5791929960250854,-0.02667049691081047,0.5243241190910339,0.5654333829879761,-0.020675823092460632,0.4904491901397705,0.5882442593574524,-0.030772263184189796,0.4954827129840851,0.5941940546035767,-0.02712106518447399,0.5051615834236145,0.5911478996276855,-0.022716009989380836,0.5275891423225403,0.5917889475822449,-0.025425903499126434,0.4989679753780365,0.6066365242004395,-0.03293952718377113,0.503771185874939,0.6104029417037964,-0.029537079855799675,0.5134357213973999,0.6068297028541565,-0.025477100163698196,,,,,,,,,,,,,,,,,,,,,,,,,,,,,,,,,,,,,,,,,,,,,,,,,,,,,,,,,,,,,,,,0.5324425101280212,0.45541465282440186,-0.17835800349712372,0.9998933672904968,0.9997542500495911,0.3284977078437805,0.46353399753570557,-0.2052929699420929,0.9999293088912964,0.9999110698699951,0.5981923937797546,0.7912299036979675,-0.44061723351478577,0.9989570379257202,0.9957603812217712,0.2659066319465637,0.79662024974823,-0.45454874634742737,0.998453676700592,0.9974143505096436,0.5416606664657593,0.6059338450431824,-0.9507522583007812,0.9964917302131653,0.9996540546417236,0.39206451177597046,0.7078701853752136,-0.9250143766403198,0.9940240383148193,0.9996616840362549,0.38881924748420715,0.16759636998176575,0.0012960316380485892,0.37786540389060974,0.18167543411254883,0.012128684669733047,0.46265488862991333,0.17451448738574982,0.010260609909892082,0.45041173696517944,0.1626874804496765,-0.00015942068421281874,0.405012309551239,0.2847732901573181,-0.0004067522822879255,0.441630482673645,0.28224995732307434,-0.0013035403098911047
31,3100,0.5440050363540649,0.6284832954406738,-1.8801449286343086e-08,0.5193488597869873,0.6105333566665649,0.0009684879914857447,0.4994182586669922,0.596634566783905,-0.0037760180421173573,0.4840436577796936,0.600213348865509,-0.010515480302274227,0.47588035464286804,0.6141730546951294,-0.018336044624447823,0.4985750913619995,0.552429735660553,-0.006971715483814478,0.4841405153274536,0.5307486057281494,-0.013997994363307953,0.4733446538448334,0.5110511779785156,-0.01870487816631794,0.4638444781303406,0.496075838804245,-0.022842511534690857,0.5076428055763245,0.5610844492912292,-0.013777906075119972,0.48053306341171265,0.5910828709602356,-0.02393454872071743,0.47877037525177,0.6066685914993286,-0.026490235701203346,0.48007088899612427,0.6118249297142029,-0.027492811903357506,0.516667902469635,0.5811046957969666,-0.02032485231757164,0.4914022982120514,0.6182628870010376,-0.028571559116244316,0.5002424120903015,0.6211148500442505,-0.026124902069568634,0.5091145038604736,0.6123855113983154,-0.02356583997607231,0.5249731540679932,0.604222297668457,-0.026991643011569977,0.5042391419410706,0.6326664686203003,-0.03217168524861336,0.5101357102394104,0.6348357200622559,-0.029304565861821175,0.5180768370628357,0.6263159513473511,-0.026355421170592308,,,,,,,,,,,,,,,,,,,,,,,,,,,,,,,,,,,,,,,,,,,,,,,,,,,,,,,,,,,,,,,,0.5340811014175415,0.45612654089927673,-0.18437664210796356,0.9998961091041565,0.9995914101600647,0.3286755084991455,0.4688544273376465,-0.21328993141651154,0.999933123588562,0.9998975992202759,0.6044915914535522,0.7929414510726929,-0.4368816912174225,0.9989627599716187,0.994436502456665,0.27021002769470215,0.8088561296463013,-0.4675973355770111,0.9985644817352295,0.9972701668739319,0.5393000841140747,0.612478494644165,-0.945236086845398,0.9967520236968994,0.9994335770606995,0.3924727737903595,0.7036688327789307,-0.9526641964912415,0.9945521354675293,0.9995623230934143,0.38831403851509094,0.1697520911693573,0.0009182390058413148,0.37749356031417847,0.18380527198314667,0.01195455901324749,0.46251338720321655,0.1750907599925995,0.009635413065552711,0.45020562410354614,0.1636647880077362,-0.000840099120978266,0.4044032096862793,0.28639641404151917,0.00010311510413885117,0.4417511224746704,0.284057080745697,-0.0010451620910316706
32,3200,0.5419372320175171,0.6613054871559143,-4.733533742751206e-08,0.51441890001297,0.6557609438896179,-0.0014328709803521633,0.49098238348960876,0.6508641839027405,-0.006974917836487293,0.4727594554424286,0.6595613956451416,-0.01377401128411293,0.45787444710731506,0.668689489364624,-0.021458959206938744,0.4857092499732971,0.5975997447967529,-0.010580376721918583,0.46567797660827637,0.5807501673698425,-0.019213203340768814,0.4518502354621887,0.5614539980888367,-0.02559509687125683,0.4403270184993744,0.5454144477844238,-0.031154755502939224,0.4965847134590149,0.5987876057624817,-0.016012288630008698,0.47204533219337463,0.6482949256896973,-0.026749705895781517,0.476479709148407,0.6676566004753113,-0.028836457058787346,0.48197609186172485,0.6683347821235657,-0.02994241565465927,0.5087772011756897,0.6133916974067688,-0.021460464224219322,0.4878250062465668,0.6661865711212158,-0.029854442924261093,0.49599313735961914,0.6697317361831665,-0.026028616353869438,0.5029190182685852,0.6584689617156982,-0.02322409115731716,0.5203089118003845,0.6323409080505371,-0.027351709082722664,0.5015885233879089,0.6723591685295105,-0.03378419205546379,0.5066876411437988,0.6775484681129456,-0.03079868294298649,0.5128071308135986,0.668544590473175,-0.02774989977478981,0.3839188814163208,0.736729621887207,-8.217383395958677e-08,0.3795565366744995,0.6843333840370178,-0.016842147335410118,0.39482831954956055,0.6432998776435852,-0.021165745332837105,0.41666528582572937,0.6246570348739624,-0.020973606035113335,0.4339294135570526,0.6253339052200317,-0.01949623040854931,0.4185425043106079,0.6854496002197266,-0.018447663635015488,0.4418542683124542,0.6725424528121948,-0.02162099815905094,0.4518996477127075,0.6714116930961609,-0.022578487172722816,0.4615425765514374,0.6720802187919617,-0.02327815815806389,0.4276514947414398,0.7015084028244019,-0.010626762174069881,0.4393015503883362,0.6603930592536926,-0.01512816920876503,0.4248785674571991,0.6499454975128174,-0.015942074358463287,0.41437768936157227,0.6539279222488403,-0.015592155046761036,0.4306223690509796,0.7060471177101135,-0.0035795962903648615,0.4407060444355011,0.6647566556930542,-0.011189643293619156,0.4260661005973816,0.6576716303825378,-0.012094356119632721,0.4171788692474365,0.661339282989502,-0.01033760979771614,0.42959001660346985,0.7031619548797607,0.002927119843661785,0.4367424249649048,0.6686946153640747,-0.0012586215743795037,0.42825594544410706,0.6605470180511475,-0.0006142607890069485,0.42086610198020935,0.6655558347702026,0.0010727376211434603,0.5380969643592834,0.45670732855796814,-0.18570181727409363,0.99989914894104,0.9996750354766846,0.32897645235061646,0.4709465503692627,-0.21472737193107605,0.9999362230300903,0.9998886585235596,0.6048832535743713,0.7900482416152954,-0.4387587606906891,0.9989978075027466,0.9961153268814087,0.2736501693725586,0.8076635003089905,-0.47013506293296814,0.9986676573753357,0.9975099563598633,0.5318742990493774,0.6397653222084045,-0.937939465045929,0.9970049858093262,0.9995083808898926,0.3926277458667755,0.7001117467880249,-0.9686086773872375,0.9950357675552368,0.9996620416641235,0.3874832093715668,0.17353780567646027,0.0005369710270315409,0.37671107053756714,0.1869249939918518,0.011670725420117378,0.4612380266189575,0.17912417650222778,0.00903787836432457,0.44898319244384766,0.1678776741027832,-0.001422961475327611,0.4036268889904022,0.29051774740219116,0.0005006961291655898,0.4405296742916107,0.28820520639419556,-0.0007849772227928042
33,3300,0.5440321564674377,0.692561686038971,-8.74304788567315e-08,0.5154718160629272,0.6856784224510193,0.00037689891178160906,0.49048706889152527,0.682060182094574,-0.003968429751694202,0.47475665807724,0.6945172548294067,-0.009918752126395702,0.46689143776893616,0.7118869423866272,-0.016837159171700478,0.4816403388977051,0.6417896151542664,-0.009363014250993729,0.4585183262825012,0.6317569017410278,-0.018196456134319305,0.44340646266937256,0.6194413900375366,-0.02463538944721222,0.43018612265586853,0.6088272333145142,-0.030409501865506172,0.4928111135959625,0.6412909030914307,-0.015908457338809967,0.47371959686279297,0.6993419528007507,-0.027418000623583794,0.4833398759365082,0.7138379812240601,-0.029419632628560066,0.4912036061286926,0.7082204818725586,-0.0304134339094162,0.5066414475440979,0.6543276906013489,-0.02242327854037285,0.4890345633029938,0.711764395236969,-0.03112817369401455,0.4983416795730591,0.7116323113441467,-0.02716255933046341,0.5051022171974182,0.6957147717475891,-0.02420032024383545,0.5206380486488342,0.6715067625045776,-0.02922118827700615,0.5039240717887878,0.7157493829727173,-0.03509778901934624,0.5102394819259644,0.7168547511100769,-0.03185794875025749,0.516308605670929,0.7031468152999878,-0.02886837348341942,0.3758397698402405,0.7502154111862183,-4.878145531961309e-08,0.37283703684806824,0.7048563361167908,-0.015608657151460648,0.38817381858825684,0.6621156334877014,-0.021179404109716415,0.4086676239967346,0.6350462436676025,-0.022357473149895668,0.42606326937675476,0.6283774971961975,-0.022608492523431778,0.4090386629104614,0.7152001857757568,-0.021771322935819626,0.43206170201301575,0.7029996514320374,-0.0300106480717659,0.4487709403038025,0.6975512504577637,-0.034074876457452774,0.4624654948711395,0.6956256628036499,-0.03659599646925926,0.42020130157470703,0.7267633676528931,-0.015052694827318192,0.43034571409225464,0.6654067635536194,-0.02409369871020317,0.41619086265563965,0.6595986485481262,-0.023672474548220634,0.40792611241340637,0.6747961044311523,-0.021529560908675194,0.4250248670578003,0.7289760112762451,-0.009089764207601547,0.4319487512111664,0.6714563965797424,-0.019688742235302925,0.4194294810295105,0.6673450469970703,-0.017124902456998825,0.41257166862487793,0.6803320646286011,-0.0124841732904315,0.42653384804725647,0.7269046902656555,-0.003814841853454709,0.431095689535141,0.6800433993339539,-0.0123162055388093,0.42233553528785706,0.6771166920661926,-0.011463229544460773,0.4155285358428955,0.6894184350967407,-0.008639833889901638,0.5399000644683838,0.4588589668273926,-0.2098197638988495,0.9999017119407654,0.9996771812438965,0.32973966002464294,0.47535011172294617,-0.21946728229522705,0.9999387860298157,0.9998769760131836,0.6034349203109741,0.7895672917366028,-0.4385262131690979,0.9990325570106506,0.9960792660713196,0.2742213010787964,0.8096917867660522,-0.4682426452636719,0.9987544417381287,0.997320830821991,0.5318545699119568,0.6753794550895691,-0.9361642003059387,0.9972338676452637,0.9993867874145508,0.3915730118751526,0.7074494957923889,-0.9804233312606812,0.9954675436019897,0.9995965361595154,0.38800302147865295,0.175882950425148,-1.4009568076289725e-05,0.377417653799057,0.1892087459564209,0.011337455362081528,0.46241942048072815,0.18326544761657715,0.007993384264409542,0.4500267207622528,0.17206484079360962,-0.002516048261895776,0.4048139750957489,0.2949254810810089,0.0009321556426584721,0.44081613421440125,0.2936963140964508,-0.0006232059677131474
34,3400,0.5278105735778809,0.6963419318199158,5.226108612532698e-08,0.502388060092926,0.7050668001174927,-0.0013294441159814596,0.48226648569107056,0.7218856811523438,-0.008980625309050083,0.47304749488830566,0.7419281005859375,-0.016898706555366516,0.47503629326820374,0.7516005039215088,-0.026478948071599007,0.48066771030426025,0.6784945130348206,-0.02039080671966076,0.4626173675060272,0.6823856830596924,-0.03131770342588425,0.44774705171585083,0.6809594035148621,-0.03799280896782875,0.43631047010421753,0.6783095598220825,-0.04278479143977165,0.4934229850769043,0.6787148118019104,-0.025898875668644905,0.4770415127277374,0.7439194321632385,-0.03583776578307152,0.48127052187919617,0.755905032157898,-0.03637194633483887,0.48764628171920776,0.7514501810073853,-0.036849040538072586,0.5090802907943726,0.6897640228271484,-0.03069053217768669,0.49351486563682556,0.7567778825759888,-0.040152471512556076,0.4964880049228668,0.754854679107666,-0.03578401729464531,0.5023311376571655,0.7393718957901001,-0.031888753175735474,0.5229119658470154,0.7055988907814026,-0.035272616893053055,0.507861316204071,0.7555298209190369,-0.043891601264476776,0.5094358921051025,0.7528528571128845,-0.04101595655083656,0.5144032835960388,0.7373031973838806,-0.03774184361100197,0.37862223386764526,0.758306622505188,-1.504266933238796e-08,0.37560904026031494,0.7170530557632446,-0.017625192180275917,0.3886866271495819,0.6786810159683228,-0.024874234572052956,0.4083045423030853,0.6547001600265503,-0.027954665943980217,0.4250650703907013,0.6489647626876831,-0.029866188764572144,0.4109201729297638,0.734059751033783,-0.02269223891198635,0.43443629145622253,0.7239959239959717,-0.03186456486582756,0.45142629742622375,0.7167193293571472,-0.035866107791662216,0.4647923707962036,0.7136142253875732,-0.03797963261604309,0.4205274283885956,0.7409614324569702,-0.01576051488518715,0.43156933784484863,0.6846176981925964,-0.027092624455690384,0.418374627828598,0.676720917224884,-0.026807917281985283,0.4104739725589752,0.6909491419792175,-0.02349446713924408,0.42457830905914307,0.7391788363456726,-0.00989663414657116,0.43251582980155945,0.6868785619735718,-0.022948937490582466,0.41984450817108154,0.6799202561378479,-0.020947467535734177,0.41370126605033875,0.6912834644317627,-0.015506410971283913,0.4256298243999481,0.7339006662368774,-0.004875951446592808,0.4315071702003479,0.6932139992713928,-0.014666253700852394,0.4224182069301605,0.687773585319519,-0.014022165909409523,0.4155239760875702,0.6977105140686035,-0.010588137432932854,0.5398474931716919,0.45901405811309814,-0.2261020690202713,0.9999026656150818,0.9996145963668823,0.32998496294021606,0.47650206089019775,-0.20503929257392883,0.9999397993087769,0.9998249411582947,0.6032836437225342,0.7686548829078674,-0.436976820230484,0.9990812540054321,0.9971798658370972,0.2760659456253052,0.8032581806182861,-0.4282350540161133,0.9988173246383667,0.997765302658081,0.5184110403060913,0.6989667415618896,-0.9112190008163452,0.9974331259727478,0.9993020296096802,0.3912612795829773,0.7249259948730469,-0.9564430117607117,0.9958250522613525,0.9994458556175232,0.38923415541648865,0.18061362206935883,-0.0008158101700246334,0.37843257188796997,0.19315724074840546,0.010446385480463505,0.4628763198852539,0.1869996190071106,0.007468906696885824,0.45062583684921265,0.176030695438385,-0.002991972491145134,0.40475910902023315,0.2990763187408447,0.001266108825802803,0.4409818649291992,0.29838666319847107,-0.00017374604067299515
35,3500,0.5389635562896729,0.7208036780357361,1.5845152745441737e-08,0.5142660140991211,0.7217065691947937,-0.0019928617402911186,0.49228474497795105,0.7401043772697449,-0.008462662808597088,0.4814125895500183,0.7701719403266907,-0.01524918619543314,0.4801851212978363,0.7903801202774048,-0.02343529649078846,0.48722073435783386,0.7138920426368713,-0.016696792095899582,0.46739351749420166,0.7186345458030701,-0.02490636520087719,0.4527505040168762,0.7185919284820557,-0.029629485681653023,0.44046321511268616,0.7178317308425903,-0.03395334631204605,0.49925166368484497,0.7175124883651733,-0.021665191277861595,0.4838119447231293,0.7833691239356995,-0.030331574380397797,0.49345991015434265,0.7885420322418213,-0.03014845959842205,0.500015377998352,0.7769986987113953,-0.030105464160442352,0.5141776204109192,0.7305849194526672,-0.026208853349089622,0.5005147457122803,0.7942212820053101,-0.03433867543935776,0.5076634883880615,0.7873798608779907,-0.03048117645084858,0.5114964842796326,0.7685229182243347,-0.027529602870345116,0.5288973450660706,0.7446824312210083,-0.030697226524353027,0.5155613422393799,0.7940531373023987,-0.03775200992822647,0.5203986167907715,0.7882981300354004,-0.03460211679339409,0.524724006652832,0.7716147899627686,-0.03144232556223869,0.3788851201534271,0.7678828239440918,-4.4338445803759896e-08,0.3772798180580139,0.731231153011322,-0.018185915425419807,0.3912486732006073,0.6967360973358154,-0.025070052593946457,0.41110849380493164,0.6751485466957092,-0.02764943614602089,0.42707154154777527,0.6674433350563049,-0.02874480001628399,0.4158172905445099,0.7496792674064636,-0.021410254761576653,0.4383751153945923,0.7352357506752014,-0.030069228261709213,0.44901537895202637,0.733417272567749,-0.034386616200208664,0.4557536542415619,0.7382562160491943,-0.03642914071679115,0.42357587814331055,0.7546681761741638,-0.013725466094911098,0.4349563419818878,0.7001555562019348,-0.024988360702991486,0.42037853598594666,0.69387286901474,-0.02618441730737686,0.4103964567184448,0.7089597582817078,-0.0235785860568285,0.42677968740463257,0.7525525689125061,-0.007150562014430761,0.43544715642929077,0.7032783627510071,-0.018719037994742393,0.4262250065803528,0.698107898235321,-0.01757000759243965,0.4231436848640442,0.71142578125,-0.013183956034481525,0.4273398220539093,0.748236358165741,-0.00155909382738173,0.4319553077220917,0.7095069885253906,-0.010582273826003075,0.4230489432811737,0.7058728337287903,-0.00995580106973648,0.4165160059928894,0.7181103229522705,-0.006555523723363876,0.5398134589195251,0.4591783881187439,-0.2201302945613861,0.9999014735221863,0.9995934367179871,0.33039605617523193,0.4768804907798767,-0.1908724009990692,0.9999393224716187,0.9997914433479309,0.5977841019630432,0.7612612247467041,-0.40094423294067383,0.9991086721420288,0.9973772764205933,0.2782529592514038,0.7984099388122559,-0.4063578248023987,0.9988570809364319,0.9976660013198853,0.5187742114067078,0.7282522320747375,-0.8653469085693359,0.9975822567939758,0.9991318583488464,0.38698142766952515,0.7413113117218018,-0.9360716938972473,0.9961002469062805,0.9991855025291443,0.39006537199020386,0.18318068981170654,-0.0017466559074819088,0.3792113661766052,0.19548094272613525,0.009730324149131775,0.4647994041442871,0.19080449640750885,0.007058070972561836,0.4527433514595032,0.18008705973625183,-0.003756169229745865,0.4061679542064667,0.3022221624851227,0.0015736506320536137,0.4420711398124695,0.3018944263458252,0.00030997482826933265
36,3600,0.5351832509040833,0.7457108497619629,7.755651409979691e-08,0.5085053443908691,0.7555078864097595,-0.0018904097378253937,0.48965805768966675,0.7826215028762817,-0.008400151506066322,0.4857257306575775,0.8148355484008789,-0.014604873955249786,0.4923129677772522,0.833426833152771,-0.022486397996544838,0.49089935421943665,0.7509780526161194,-0.02090626209974289,0.47082260251045227,0.7548987865447998,-0.030326493084430695,0.45624515414237976,0.7585539221763611,-0.034881480038166046,0.4454028904438019,0.7596175074577332,-0.03780669718980789,0.5060304999351501,0.7531870603561401,-0.025142714381217957,0.4917012155056,0.8174585700035095,-0.03462941199541092,0.49470749497413635,0.8329759836196899,-0.03503718599677086,0.5000709295272827,0.830286979675293,-0.03503376245498657,0.5228269100189209,0.7642192840576172,-0.02843289077281952,0.5096064805984497,0.8310620188713074,-0.037724561989307404,0.5111515522003174,0.8304188251495361,-0.03387348726391792,0.5148964524269104,0.81471848487854,-0.02975599467754364,0.5376878380775452,0.7785685062408447,-0.03129709139466286,0.5249374508857727,0.8294538259506226,-0.03873530775308609,0.525597333908081,0.8240194916725159,-0.03507978469133377,0.5292353630065918,0.8057601451873779,-0.031096413731575012,0.3811749517917633,0.7796706557273865,1.9268838968855562e-08,0.38019487261772156,0.7416579723358154,-0.01769276335835457,0.3938814401626587,0.7133989334106445,-0.024037310853600502,0.4120387136936188,0.6964350938796997,-0.026103634387254715,0.4275561571121216,0.6894700527191162,-0.026883728802204132,0.40820828080177307,0.7705007195472717,-0.021295631304383278,0.4251571595668793,0.773243248462677,-0.03281618282198906,0.4395242929458618,0.7805929183959961,-0.039823342114686966,0.4515809714794159,0.7888650894165039,-0.04377930983901024,0.4189912676811218,0.7719900012016296,-0.015113151632249355,0.4366474747657776,0.7297143936157227,-0.02745162509381771,0.42827966809272766,0.7216130495071411,-0.03031937964260578,0.42136988043785095,0.7302602529525757,-0.029088599607348442,0.42570486664772034,0.7670678496360779,-0.010266915895044804,0.4361858367919922,0.7188416719436646,-0.02507445216178894,0.42128217220306396,0.7149956822395325,-0.025568492710590363,0.41110947728157043,0.7284132838249207,-0.021075578406453133,0.4284854233264923,0.7628219723701477,-0.006301132496446371,0.4332807660102844,0.7251008152961731,-0.018235543742775917,0.4226662814617157,0.7218286991119385,-0.01916680485010147,0.4128636121749878,0.7330145835876465,-0.01635844074189663,0.538855791091919,0.45637843012809753,-0.20230022072792053,0.9999001622200012,0.9996004700660706,0.3314517140388489,0.4768083393573761,-0.17331573367118835,0.9999381303787231,0.9997535347938538,0.5931521058082581,0.7456759810447693,-0.3564320206642151,0.9991355538368225,0.9980880618095398,0.2785009741783142,0.7898396849632263,-0.3787807524204254,0.9988937973976135,0.9980509281158447,0.5216800570487976,0.7528192400932312,-0.7921083569526672,0.9977139234542847,0.9991501569747925,0.3849262297153473,0.7501955032348633,-0.8942546844482422,0.9963478446006775,0.9992125034332275,0.3915720582008362,0.18394413590431213,-0.0020070993341505527,0.3806851804256439,0.19645856320858002,0.009437001310288906,0.4662337899208069,0.19083575904369354,0.007418317254632711,0.45425793528556824,0.17990121245384216,-0.003551069414243102,0.40713876485824585,0.30229541659355164,0.0015832472126930952,0.44427186250686646,0.30201297998428345,0.0006384829757735133
37,3700,0.5477179288864136,0.7753720283508301,1.7427245424528337e-08,0.5239123702049255,0.7794644832611084,-0.0016526766121387482,0.5043937563896179,0.8058326840400696,-0.005598714109510183,0.4924585819244385,0.8378588557243347,-0.008978419937193394,0.4866081476211548,0.8634482026100159,-0.013209681026637554,0.5116139650344849,0.7730001211166382,-0.013778534717857838,0.49915847182273865,0.7804452180862427,-0.02185024879872799,0.48802220821380615,0.7922843098640442,-0.026670405641198158,0.4793795347213745,0.8016411662101746,-0.02948545105755329,0.5238003134727478,0.7853941321372986,-0.01695958897471428,0.5031046867370605,0.8420506119728088,-0.027198689058423042,0.5036423206329346,0.8477243185043335,-0.030033592134714127,0.5112965106964111,0.8379088044166565,-0.030149487778544426,0.5356766581535339,0.8037357330322266,-0.019190605729818344,0.5189399719238281,0.8625726103782654,-0.028393147513270378,0.519881546497345,0.8544289469718933,-0.026242811232805252,0.5259571671485901,0.8349978923797607,-0.022174453362822533,0.5471233129501343,0.8237106204032898,-0.020923102274537086,0.5338720679283142,0.8698921799659729,-0.026877008378505707,0.5338791608810425,0.8605483770370483,-0.023694824427366257,0.5382941961288452,0.8414869904518127,-0.02005462534725666,0.3733512759208679,0.7820860147476196,3.268733905770205e-08,0.37670159339904785,0.7388491630554199,-0.013846003450453281,0.39621448516845703,0.7136731147766113,-0.017282530665397644,0.41726577281951904,0.7057065963745117,-0.01702287420630455,0.43366336822509766,0.7042628526687622,-0.016040902584791183,0.40731680393218994,0.770476758480072,-0.014612209051847458,0.43025198578834534,0.7760271430015564,-0.019370490685105324,0.44817906618118286,0.7748960852622986,-0.022823335602879524,0.46132662892341614,0.7750664353370667,-0.024904703721404076,0.41402947902679443,0.7802801132202148,-0.0073393890634179115,0.4374876320362091,0.7529621720314026,-0.012153195217251778,0.4344826638698578,0.7324988842010498,-0.013439464382827282,0.4277474880218506,0.7295877933502197,-0.0127010028809309,0.4179428517818451,0.782653272151947,-0.0006996639422141016,0.437120258808136,0.7482542991638184,-0.00623411126434803,0.42755720019340515,0.7305969595909119,-0.00648949109017849,0.41656625270843506,0.7337877750396729,-0.004354824777692556,0.4204680621623993,0.7813764810562134,0.0052545820362865925,0.43292510509490967,0.7512373328208923,0.001666542491875589,0.42688286304473877,0.7369838953018188,0.0019543732050806284,0.41681087017059326,0.7402865886688232,0.0037674938794225454,0.5387719869613647,0.4554109275341034,-0.1915091872215271,0.9998998641967773,0.9996091723442078,0.3319537937641144,0.4765734076499939,-0.16132529079914093,0.9999359250068665,0.9996931552886963,0.588341474533081,0.7467370629310608,-0.3447301983833313,0.9991477131843567,0.9978725910186768,0.27916890382766724,0.7838791608810425,-0.3614770472049713,0.9989192485809326,0.9976987242698669,0.5221761465072632,0.7787445783615112,-0.7724816799163818,0.9978125691413879,0.9990174770355225,0.3860096335411072,0.7541497349739075,-0.8608874082565308,0.9965572953224182,0.9990923404693604,0.3931311070919037,0.17671748995780945,-0.0006344529101625085,0.38213518261909485,0.18956616520881653,0.010505789890885353,0.4669584631919861,0.183503657579422,0.008772289380431175,0.45495402812957764,0.1721176952123642,-0.0019474001601338387,0.4082222580909729,0.29574891924858093,0.0005840800586156547,0.4449099898338318,0.29480764269828796,-0.0002464558929204941
38,3800,0.5548940300941467,0.8267436027526855,-2.824094380571296e-08,0.5333455204963684,0.8207547068595886,-0.005479914601892233,0.5184227228164673,0.842064619064331,-0.0075403060764074326,0.5146533846855164,0.8726061582565308,-0.008597775362432003,0.5144736170768738,0.8956689834594727,-0.009674366563558578,0.5128175616264343,0.8544523119926453,-0.008652332238852978,0.5048782229423523,0.8843665719032288,-0.013513501733541489,0.5025575160980225,0.9039912819862366,-0.016217881813645363,0.502432107925415,0.9173228144645691,-0.01773497834801674,0.52425616979599,0.8740290403366089,-0.007488238625228405,0.5204246640205383,0.9048522710800171,-0.014139190316200256,0.5243754386901855,0.9003804922103882,-0.016373205929994583,0.5287519097328186,0.8876778483390808,-0.01634182408452034,0.5365553498268127,0.8903509974479675,-0.006408927962183952,0.5319154858589172,0.9180091619491577,-0.012011374346911907,0.5352346301078796,0.9121994376182556,-0.011643068864941597,0.5393668413162231,0.8989920020103455,-0.009862178936600685,0.5482861399650574,0.9022912383079529,-0.0054798368364572525,0.5443949699401855,0.9231885671615601,-0.009295901283621788,0.5462067723274231,0.9180477857589722,-0.008327329531311989,0.5489321947097778,0.9073455929756165,-0.00631358940154314,,,,,,,,,,,,,,,,,,,,,,,,,,,,,,,,,,,,,,,,,,,,,,,,,,,,,,,,,,,,,,,,0.5372217893600464,0.45526984333992004,-0.17089509963989258,0.9998981952667236,0.9995446801185608,0.33198288083076477,0.47501140832901,-0.1665562093257904,0.9999327063560486,0.9996040463447571,0.5846737623214722,0.7475861310958862,-0.24957597255706787,0.999100387096405,0.9971898198127747,0.27808892726898193,0.7858946323394775,-0.390353262424469,0.9989120960235596,0.9966729879379272,0.5304957628250122,0.8408669233322144,-0.6099521517753601,0.9977461695671082,0.9971686005592346,0.38563376665115356,0.7137907147407532,-0.8746529817581177,0.9967190027236938,0.9991499185562134,0.3924127221107483,0.16485929489135742,0.0027413852512836456,0.3818231225013733,0.17926228046417236,0.013732261955738068,0.4672139585018158,0.17436721920967102,0.010471572168171406,0.4549981653690338,0.16173502802848816,0.00032613519579172134,0.409035861492157,0.2869231402873993,-0.0008351642754860222,0.44311243295669556,0.28377872705459595,-0.002417106879875064
39,3900,0.5570589900016785,0.8580684661865234,-5.854491558210384e-09,0.5264966487884521,0.8614500164985657,-0.00904715247452259,0.509641706943512,0.9074798822402954,-0.012714329175651073,0.5038903951644897,0.9558919072151184,-0.013260013423860073,0.4970088005065918,0.9873424768447876,-0.013156386092305183,0.5295213460922241,0.8845985531806946,-0.023277083411812782,0.5228360891342163,0.9318453669548035,-0.030942192301154137,0.51804518699646,0.9392019510269165,-0.03274024277925491,0.517044186592102,0.9373607039451599,-0.0324646458029747,0.547314465045929,0.8985825777053833,-0.019646722823381424,0.534100353717804,0.9594539403915405,-0.026801839470863342,0.5286605358123779,0.9523822665214539,-0.027196476235985756,0.5306234359741211,0.9329698085784912,-0.02628135308623314,0.5595966577529907,0.912195086479187,-0.015430905856192112,0.5456733107566833,0.9617553949356079,-0.019477134570479393,0.5400655269622803,0.9525896906852722,-0.017170047387480736,0.5412590503692627,0.9367184638977051,-0.014942923560738564,0.5679450035095215,0.924950361251831,-0.011446917429566383,0.5555431246757507,0.9620911478996277,-0.012914120219647884,0.5504391193389893,0.9523197412490845,-0.010687552392482758,0.5516930222511292,0.93768310546875,-0.009006567299365997,0.34854310750961304,0.6468165516853333,-1.9523872296645095e-08,0.35630539059638977,0.5821402668952942,-0.0033675727900117636,0.37866470217704773,0.5317379832267761,-0.004562217742204666,0.3983074128627777,0.500137209892273,-0.005886397790163755,0.40869590640068054,0.47810909152030945,-0.007231013383716345,0.4113803207874298,0.5436566472053528,-0.004365821834653616,0.4406786262989044,0.5018218755722046,-0.008067510090768337,0.4559882581233978,0.47097697854042053,-0.012027496472001076,0.46712931990623474,0.44639164209365845,-0.015063709579408169,0.4169297218322754,0.5711140632629395,-0.0050275977700948715,0.43139785528182983,0.5327317118644714,-0.009973021224141121,0.4214816689491272,0.5218549370765686,-0.012907158583402634,0.41204461455345154,0.5222213268280029,-0.01398295909166336,0.41720256209373474,0.5949718952178955,-0.005438948981463909,0.427472859621048,0.5568684339523315,-0.00857199914753437,0.4166550934314728,0.5468905568122864,-0.007245459593832493,0.4063686728477478,0.5497477650642395,-0.005302257835865021,0.41507086157798767,0.6143655180931091,-0.006187615916132927,0.4217022657394409,0.5805276036262512,-0.006649787537753582,0.41302719712257385,0.5686145424842834,-0.0032011973671615124,0.40401527285575867,0.5697628855705261,0.0004539776418823749,0.5378105640411377,0.45500919222831726,-0.20574823021888733,0.9998974800109863,0.9995255470275879,0.3320741057395935,0.47480300068855286,-0.27774709463119507,0.9999280571937561,0.9994342923164368,0.5850507020950317,0.747300386428833,-0.18243658542633057,0.9989989995956421,0.9960088729858398,0.2759336233139038,0.7960163354873657,-0.5339230298995972,0.9988769888877869,0.994384765625,0.5327164530754089,0.888548731803894,-0.42956647276878357,0.997383713722229,0.9940603375434875,0.37783172726631165,0.6169477105140686,-0.9971134066581726,0.9968074560165405,0.999263346195221,0.3924986720085144,0.1610000729560852,0.004577436950057745,0.3817245662212372,0.17586763203144073,0.015232193283736706,0.4664280116558075,0.16812032461166382,0.012470127083361149,0.4542942941188812,0.15530583262443542,0.002574522979557514,0.4079974591732025,0.27865445613861084,-0.0021920434664934874,0.44248127937316895,0.2772984504699707,-0.0035641768481582403
40,4000,,,,,,,,,,,,,,,,,,,,,,,,,,,,,,,,,,,,,,,,,,,,,,,,,,,,,,,,,,,,,,,,,,,,,,,,,,,,,,,,,,,,,,,,,,,,,,,,,,,,,,,,,,,,,,,,,,,,,,,,,,,,,,,0.5376445055007935,0.45151486992836,-0.24383683502674103,0.9998844861984253,0.9984511137008667,0.3329312205314636,0.4738633930683136,-0.24516622722148895,0.999906599521637,0.9982923865318298,0.5849848389625549,0.7454073429107666,-0.23199138045310974,0.9984573721885681,0.9806515574455261,0.2799358367919922,0.7897982001304626,-0.4992307126522064,0.9982920289039612,0.9862375259399414,0.5298355221748352,0.9221644997596741,-0.43417030572891235,0.9950016140937805,0.9655985236167908,0.3653276562690735,0.5008050799369812,-0.9072473645210266,0.9962385892868042,0.9988381266593933,0.39198383688926697,0.16145458817481995,0.004377947188913822,0.38134416937828064,0.17649206519126892,0.015202010050415993,0.46528497338294983,0.16951918601989746,0.01055994350463152,0.4528602659702301,0.15636572241783142,0.0010505240643396974,0.40628933906555176,0.2826957404613495,-0.0008983726147562265,0.4427131712436676,0.28119343519210815,-0.003158463630825281
41,4100,,,,,,,,,,,,,,,,,,,,,,,,,,,,,,,,,,,,,,,,,,,,,,,,,,,,,,,,,,,,,,,,0.35004571080207825,0.45226022601127625,2.0074068629583053e-07,0.34836721420288086,0.4101709723472595,-0.0007960533257573843,0.35851263999938965,0.37474778294563293,-0.004904556553810835,0.3751309812068939,0.3630822002887726,-0.0098695307970047,0.3874150812625885,0.36568570137023926,-0.014654329046607018,0.3597690463066101,0.3531315326690674,-0.010148679837584496,0.3660450577735901,0.30495205521583557,-0.018199030309915543,0.3698382079601288,0.2735809087753296,-0.022363431751728058,0.372027724981308,0.2484649270772934,-0.02451958693563938,0.3726271092891693,0.36287543177604675,-0.015557581558823586,0.3915404975414276,0.31179478764533997,-0.022576404735445976,0.4034908711910248,0.2825855016708374,-0.02546868287026882,0.412638396024704,0.2587686777114868,-0.02641473338007927,0.38322213292121887,0.3828401565551758,-0.020555032417178154,0.4044261872768402,0.3657662570476532,-0.028101254254579544,0.39924293756484985,0.3811115324497223,-0.026194851845502853,0.3917146623134613,0.39219555258750916,-0.022335192188620567,0.3912470042705536,0.4082118272781372,-0.025712646543979645,0.4054988622665405,0.3998698890209198,-0.028797565028071404,0.4005459249019623,0.4101368188858032,-0.023913340643048286,0.3940965533256531,0.41670534014701843,-0.018925979733467102,0.5376627445220947,0.4515576958656311,-0.211518332362175,0.9998589754104614,0.9976836442947388,0.33296963572502136,0.4770512878894806,-0.14382795989513397,0.9998680949211121,0.997055172920227,0.579695463180542,0.7460914850234985,-0.21711835265159607,0.99797123670578,0.9770447015762329,0.28907912969589233,0.7804723381996155,-0.38951781392097473,0.9974916577339172,0.9847361445426941,0.5298072695732117,0.955108642578125,-0.4250613749027252,0.9933217763900757,0.9520291686058044,0.3533189296722412,0.4485459625720978,-0.8153364062309265,0.9958690404891968,0.9987974166870117,0.39057621359825134,0.17551776766777039,0.0030333909671753645,0.38032591342926025,0.18801167607307434,0.01393947470933199,0.464671790599823,0.18197232484817505,0.007813701406121254,0.4519377052783966,0.17041602730751038,-0.0012687480775639415,0.40790560841560364,0.29546165466308594,0.0001563299010740593,0.4398960769176483,0.29521414637565613,-0.0028581898659467697
42,4200,,,,,,,,,,,,,,,,,,,,,,,,,,,,,,,,,,,,,,,,,,,,,,,,,,,,,,,,,,,,,,,,0.35078054666519165,0.452040433883667,1.606781552254688e-07,0.35320112109184265,0.40268030762672424,0.0015683402307331562,0.36537566781044006,0.367971271276474,4.286107923689997e-06,0.3823968470096588,0.3621968626976013,-0.003482361091300845,0.3952421247959137,0.36896008253097534,-0.006539382506161928,0.36533838510513306,0.3463127315044403,0.0010072969598695636,0.374264657497406,0.30516231060028076,-0.004159251227974892,0.37946996092796326,0.27854835987091064,-0.007498269435018301,0.38400983810424805,0.2571442723274231,-0.009644401259720325,0.3779084086418152,0.3554779291152954,-0.004692802205681801,0.39441239833831787,0.3164311349391937,-0.009454012848436832,0.4056926369667053,0.295267790555954,-0.013233221136033535,0.415590763092041,0.2769356966018677,-0.015256157144904137,0.3883782625198364,0.37357965111732483,-0.010491480119526386,0.4067370593547821,0.3645417094230652,-0.016765011474490166,0.4037684202194214,0.38174763321876526,-0.017308872193098068,0.39795175194740295,0.39182397723197937,-0.0156698077917099,0.3966452479362488,0.39757126569747925,-0.016435127705335617,0.40853390097618103,0.39823877811431885,-0.019414912909269333,0.40482160449028015,0.4103970527648926,-0.017089495435357094,0.39944401383399963,0.41720879077911377,-0.014255786314606667,0.5378619432449341,0.45575401186943054,-0.21128752827644348,0.9998251795768738,0.9974505305290222,0.33444949984550476,0.47577598690986633,-0.104601189494133,0.9998145699501038,0.9965574741363525,0.5772899985313416,0.7586742639541626,-0.21716614067554474,0.9974244832992554,0.9774661660194397,0.30201250314712524,0.778508186340332,-0.346707284450531,0.9962558150291443,0.985634982585907,0.5420385599136353,0.9982120990753174,-0.40391382575035095,0.9916943907737732,0.9588720798492432,0.35636699199676514,0.4467901885509491,-0.77836674451828,0.9953309297561646,0.9989332556724548,0.3879452347755432,0.19727084040641785,0.0005396255874074996,0.3782683312892914,0.20853157341480255,0.011864616535604,0.46139317750930786,0.2011641561985016,0.0018448104383423924,0.4485093951225281,0.19123494625091553,-0.006536844186484814,0.4064333438873291,0.31467097997665405,0.003730847267434001,0.4385501742362976,0.3140736222267151,-0.001096126507036388
43,4300,,,,,,,,,,,,,,,,,,,,,,,,,,,,,,,,,,,,,,,,,,,,,,,,,,,,,,,,,,,,,,,,0.35324206948280334,0.46850505471229553,1.7017782738548703e-07,0.3577355146408081,0.42226988077163696,0.0016844861675053835,0.37099555134773254,0.3920493423938751,-0.0007292709196917713,0.3866560459136963,0.3860150873661041,-0.004966085776686668,0.39754921197891235,0.39099839329719543,-0.00893487874418497,0.3762550950050354,0.3692395091056824,-0.002406660234555602,0.3895362913608551,0.33539965748786926,-0.008647586219012737,0.3968883454799652,0.31345120072364807,-0.01268135104328394,0.40209078788757324,0.29617899656295776,-0.014839581213891506,0.3875066637992859,0.3822496831417084,-0.00782732106745243,0.40959495306015015,0.34789034724235535,-0.01278853788971901,0.4247741401195526,0.3261767625808716,-0.01627463847398758,0.4370253384113312,0.3090810775756836,-0.018018813803792,0.39641809463500977,0.4041694104671478,-0.013057597912847996,0.4147447645664215,0.39725396037101746,-0.017832936719059944,0.41003185510635376,0.41096046566963196,-0.017070159316062927,0.40274596214294434,0.42092782258987427,-0.014608588069677353,0.40298089385032654,0.4305869936943054,-0.01849653199315071,0.41470417380332947,0.4290258586406708,-0.01958445832133293,0.4112882614135742,0.43691349029541016,-0.01580812968313694,0.4057924449443817,0.44259533286094666,-0.01187961082905531,0.5390031933784485,0.463457316160202,-0.19206610321998596,0.9998048543930054,0.9982933402061462,0.3365113139152527,0.4771503806114197,-0.12128771841526031,0.9997779726982117,0.9973783493041992,0.5693476796150208,0.774013876914978,-0.17820855975151062,0.9963904023170471,0.9740355014801025,0.3051508367061615,0.7879307270050049,-0.37327858805656433,0.9950504302978516,0.9816300868988037,0.5530337691307068,1.028237223625183,-0.37810927629470825,0.9889944791793823,0.9351306557655334,0.35821864008903503,0.4680040180683136,-0.811446487903595,0.9946319460868835,0.9983445405960083,0.38833877444267273,0.21068617701530457,-0.005934193264693022,0.3791485130786896,0.21898770332336426,0.006162721663713455,0.46140339970588684,0.2191503643989563,-0.0037976931780576706,0.44805166125297546,0.21061241626739502,-0.012939195148646832,0.40224188566207886,0.32872241735458374,0.008207726292312145,0.43350690603256226,0.329977422952652,0.0037718999665230513
44,4400,,,,,,,,,,,,,,,,,,,,,,,,,,,,,,,,,,,,,,,,,,,,,,,,,,,,,,,,,,,,,,,,0.35400697588920593,0.503546416759491,1.317825137903128e-07,0.3608059883117676,0.45701438188552856,0.00016712312935851514,0.3793894052505493,0.4291602373123169,-0.0014908511657267809,0.3985516428947449,0.4286387264728546,-0.004448427353054285,0.4122374653816223,0.4391132593154907,-0.0069618322886526585,0.3828828036785126,0.4101187288761139,-0.0026865468826144934,0.40311020612716675,0.3800431489944458,-0.007889965549111366,0.4155261516571045,0.36437126994132996,-0.011001180857419968,0.42585766315460205,0.3531534671783447,-0.012744618579745293,0.3940998613834381,0.42782852053642273,-0.006922826170921326,0.41648343205451965,0.4015321731567383,-0.011252553202211857,0.4318126440048218,0.3856855034828186,-0.01476977951824665,0.444476455450058,0.37346774339675903,-0.01701769419014454,0.4025062024593353,0.45090582966804504,-0.011117802932858467,0.4187520742416382,0.4481721520423889,-0.01543309073895216,0.4126754403114319,0.45582470297813416,-0.01590692810714245,0.40459614992141724,0.4610200524330139,-0.014864088036119938,0.4075263440608978,0.4741568863391876,-0.015597362071275711,0.41376805305480957,0.47293156385421753,-0.016419876366853714,0.4079616069793701,0.47625255584716797,-0.013979108072817326,0.40097734332084656,0.4794752597808838,-0.011576884426176548,0.539789617061615,0.47032245993614197,-0.21373066306114197,0.9997869729995728,0.9983637928962708,0.33840587735176086,0.4850715100765228,-0.18743786215782166,0.9997633695602417,0.9984667897224426,0.5641555786132812,0.7869712710380554,-0.16522489488124847,0.9944900274276733,0.9650448560714722,0.30593806505203247,0.7988743185997009,-0.4737160801887512,0.9943183064460754,0.9795846939086914,0.5633719563484192,1.0220667123794556,-0.3213360905647278,0.9830253720283508,0.8857524394989014,0.36459043622016907,0.4951421618461609,-0.941315770149231,0.9937523603439331,0.997884213924408,0.3890172243118286,0.22248302400112152,-0.006317530293017626,0.38027793169021606,0.2305988222360611,0.005688013043254614,0.4618263244628906,0.23152178525924683,-0.004109572619199753,0.44885504245758057,0.22267122566699982,-0.013152874074876308,0.4043930470943451,0.33950409293174744,0.00810803659260273,0.4360792934894562,0.34466683864593506,0.0035483562387526035
45,4500,,,,,,,,,,,,,,,,,,,,,,,,,,,,,,,,,,,,,,,,,,,,,,,,,,,,,,,,,,,,,,,,0.34737640619277954,0.5068815350532532,1.3459489878187014e-07,0.35465484857559204,0.46267932653427124,0.001814799034036696,0.3733674883842468,0.4357457756996155,0.0014388159615918994,0.3906874358654022,0.4346264600753784,-0.000456315086921677,0.4022340774536133,0.4434396028518677,-0.0018843702273443341,0.37934067845344543,0.414170503616333,0.0009484491893090308,0.3949909806251526,0.38536277413368225,-0.002805169438943267,0.40552064776420593,0.36652645468711853,-0.005406301934272051,0.41423729062080383,0.35309669375419617,-0.00702695595100522,0.390270471572876,0.43019211292266846,-0.003581609344109893,0.41172081232070923,0.4089052975177765,-0.006696585565805435,0.4265305995941162,0.39523574709892273,-0.009649568237364292,0.4391566514968872,0.3849407732486725,-0.01158103533089161,0.3979908525943756,0.45192986726760864,-0.008062100037932396,0.414594829082489,0.45102185010910034,-0.010983454994857311,0.4077061414718628,0.4575631618499756,-0.01082940585911274,0.3993165194988251,0.4614056348800659,-0.009716182015836239,0.402454137802124,0.4754546582698822,-0.012794201262295246,0.41015389561653137,0.47475171089172363,-0.012755585834383965,0.40440601110458374,0.4787626266479492,-0.010199883952736855,0.39771315455436707,0.48170095682144165,-0.007815171964466572,0.5406134724617004,0.47439825534820557,-0.2415582686662674,0.9997669458389282,0.9978334307670593,0.33873194456100464,0.4929007589817047,-0.20450738072395325,0.999740719795227,0.9977250695228577,0.5642634034156799,0.7912965416908264,-0.2007507085800171,0.9926774501800537,0.9473165273666382,0.30724406242370605,0.8146244287490845,-0.48770031332969666,0.9932368993759155,0.9695255160331726,0.5738062262535095,1.0297894477844238,-0.3772265315055847,0.9768727421760559,0.8271437883377075,0.3593912720680237,0.5119672417640686,-0.9649790525436401,0.9927497506141663,0.9970192909240723,0.38992080092430115,0.2251357138156891,-0.004264146089553833,0.3809051513671875,0.23475289344787598,0.007829072885215282,0.4628518223762512,0.23114195466041565,-0.002217605011537671,0.4498094916343689,0.22229178249835968,-0.01129215955734253,0.40559351444244385,0.33767783641815186,0.006656198762357235,0.4380972683429718,0.3405574560165405,0.0018533120164647698
46,4600,,,,,,,,,,,,,,,,,,,,,,,,,,,,,,,,,,,,,,,,,,,,,,,,,,,,,,,,,,,,,,,,0.34554898738861084,0.45617061853408813,1.7961474441108294e-07,0.3512455224990845,0.4116724133491516,-0.0002896163205150515,0.36703065037727356,0.38272929191589355,-0.0033775162883102894,0.38332855701446533,0.3791583180427551,-0.0074152396991848946,0.3931533098220825,0.3872397541999817,-0.011799703352153301,0.37240496277809143,0.3638451397418976,-0.006631555501371622,0.3857578635215759,0.3305233418941498,-0.013365339487791061,0.39563360810279846,0.3052200675010681,-0.018482612445950508,0.4035356640815735,0.28637948632240295,-0.021974172443151474,0.3843737542629242,0.3815467953681946,-0.010872726328670979,0.40500637888908386,0.3575817942619324,-0.015865348279476166,0.4175030589103699,0.346948504447937,-0.018712220713496208,0.42655256390571594,0.34040239453315735,-0.02049490436911583,0.39286261796951294,0.4063768982887268,-0.0148283950984478,0.4089120924472809,0.39584413170814514,-0.019291818141937256,0.4027805030345917,0.4052482843399048,-0.01744801737368107,0.3950730860233307,0.4138173758983612,-0.015137340873479843,0.3983166217803955,0.434037983417511,-0.019044695422053337,0.40591785311698914,0.4297628700733185,-0.020658669993281364,0.4004257917404175,0.43605390191078186,-0.016813158988952637,0.39470452070236206,0.4422173500061035,-0.013277275487780571,0.5406254529953003,0.47383832931518555,-0.23565664887428284,0.9996927380561829,0.996027946472168,0.3390280604362488,0.4926731586456299,-0.1780984103679657,0.9996156692504883,0.9935852885246277,0.5645484924316406,0.7797437906265259,-0.21110722422599792,0.9891555905342102,0.9232736825942993,0.30906108021736145,0.7932736873626709,-0.4705843925476074,0.9891583919525146,0.9457786083221436,0.5773173570632935,1.0246490240097046,-0.4044419229030609,0.9659784436225891,0.7663803696632385,0.3509068191051483,0.4813622832298279,-0.9467692375183105,0.9889174699783325,0.9923191666603088,0.39024418592453003,0.21332243084907532,-0.0035357954911887646,0.3812534213066101,0.22185304760932922,0.00829138234257698,0.4639820158481598,0.2207215428352356,-0.0021073410753160715,0.45098385214805603,0.21183671057224274,-0.010759560391306877,0.40436938405036926,0.3246914744377136,0.006565260235220194,0.4344576299190521,0.32382336258888245,0.001873597502708435
47,4700,,,,,,,,,,,,,,,,,,,,,,,,,,,,,,,,,,,,,,,,,,,,,,,,,,,,,,,,,,,,,,,,0.3464873731136322,0.4184277355670929,1.7538089869262308e-09,0.3452126383781433,0.3678300976753235,0.0007061780197545886,0.3568994104862213,0.33101755380630493,-0.0017350843409076333,0.3736427128314972,0.3188907504081726,-0.0053678592666983604,0.38588011264801025,0.31974896788597107,-0.008952217176556587,0.36092016100883484,0.3073037266731262,-0.005001535173505545,0.365885853767395,0.26094940304756165,-0.010406376793980598,0.36870601773262024,0.23261705040931702,-0.014057385735213757,0.3703586459159851,0.2097419649362564,-0.01646958291530609,0.37436914443969727,0.3233031630516052,-0.009551730006933212,0.39305222034454346,0.2932572364807129,-0.015185768716037273,0.39527636766433716,0.2909560203552246,-0.017490893602371216,0.3933390974998474,0.28949061036109924,-0.018123652786016464,0.3851541578769684,0.3457478880882263,-0.013641622848808765,0.40089550614356995,0.32633665204048157,-0.018330926075577736,0.39620110392570496,0.3361330032348633,-0.016302315518260002,0.3885869085788727,0.34380775690078735,-0.013636155985295773,0.3926921486854553,0.3692612051963806,-0.01778525859117508,0.4018055200576782,0.35365426540374756,-0.017620136961340904,0.39763110876083374,0.360504150390625,-0.012160628102719784,0.3916036784648895,0.3683163523674011,-0.007528429850935936,0.5399624705314636,0.47290608286857605,-0.15429028868675232,0.9996688961982727,0.9984245300292969,0.34005972743034363,0.48360201716423035,-0.12980148196220398,0.9995847940444946,0.9977523684501648,0.5645493268966675,0.7730433940887451,-0.1423705518245697,0.9885830879211426,0.9825387001037598,0.30784785747528076,0.7761858701705933,-0.43457943201065063,0.9891742467880249,0.9889386892318726,0.5775310397148132,1.0225790739059448,-0.3367914855480194,0.9661101698875427,0.9547158479690552,0.35150378942489624,0.4267715513706207,-0.9024566411972046,0.9892462491989136,0.9989872574806213,0.38981348276138306,0.19936645030975342,0.0007412999402731657,0.38061797618865967,0.2092207670211792,0.012822483666241169,0.4647502303123474,0.2040162831544876,0.0016594256740063429,0.4514770805835724,0.194889098405838,-0.007034818176180124,0.4065570831298828,0.3142504394054413,0.004160593263804913,0.44184139370918274,0.31618136167526245,-0.0012903372989967465
48,4800,,,,,,,,,,,,,,,,,,,,,,,,,,,,,,,,,,,,,,,,,,,,,,,,,,,,,,,,,,,,,,,,0.3470917046070099,0.39289993047714233,1.4272079340571509e-07,0.3437775671482086,0.34265992045402527,0.001094423932954669,0.3557533919811249,0.3060939908027649,0.0002942691498901695,0.37307634949684143,0.30213066935539246,-0.001146727241575718,0.38560938835144043,0.3049299716949463,-0.003025215119123459,0.3525370657444,0.27898967266082764,-0.00196155346930027,0.3538229465484619,0.22882524132728577,-0.007317853160202503,0.354917049407959,0.19616134464740753,-0.011973750777542591,0.35600176453590393,0.1701999306678772,-0.015154557302594185,0.3690158426761627,0.28929412364959717,-0.006561511196196079,0.38304463028907776,0.24567833542823792,-0.009470748715102673,0.39227622747421265,0.22000008821487427,-0.013559883460402489,0.4001212418079376,0.1990411877632141,-0.01641664281487465,0.3820268511772156,0.3067612946033478,-0.011093984358012676,0.39987003803253174,0.2745884954929352,-0.015145717188715935,0.40816158056259155,0.2561993896961212,-0.01969784125685692,0.4139953553676605,0.23897932469844818,-0.022969413548707962,0.3918589651584625,0.3294042646884918,-0.015353573486208916,0.3992358446121216,0.32133904099464417,-0.019006866961717606,0.3964497745037079,0.3279211223125458,-0.018272295594215393,0.3936099112033844,0.33427271246910095,-0.01718241348862648,0.5397118330001831,0.46916109323501587,-0.10476826131343842,0.9996480941772461,0.9984862804412842,0.3411601185798645,0.47798284888267517,-0.1302184909582138,0.9995640516281128,0.9979224801063538,0.5627025365829468,0.7654444575309753,-0.0855097696185112,0.987494945526123,0.9820109009742737,0.30654698610305786,0.7502716779708862,-0.455466091632843,0.9895724654197693,0.9905183911323547,0.5772634148597717,0.9994519352912903,-0.2719581425189972,0.9656578302383423,0.9540485143661499,0.3517252802848816,0.398101806640625,-0.9002469778060913,0.989684522151947,0.9992433786392212,0.39368224143981934,0.20026075839996338,0.007500811479985714,0.38445866107940674,0.21220749616622925,0.01841013878583908,0.4642900228500366,0.19974303245544434,0.005029573105275631,0.4506886303424835,0.18975572288036346,-0.0018163956701755524,0.40559110045433044,0.3095703721046448,0.001713815494440496,0.4439510703086853,0.3106573224067688,-0.00492200069129467
49,4900,,,,,,,,,,,,,,,,,,,,,,,,,,,,,,,,,,,,,,,,,,,,,,,,,,,,,,,,,,,,,,,,0.35442009568214417,0.38851413130760193,1.6342382025413826e-07,0.35026001930236816,0.3378770649433136,0.0006341971457004547,0.3608814775943756,0.30008259415626526,-0.001525191473774612,0.3777739405632019,0.29081857204437256,-0.004550863988697529,0.3892831802368164,0.2935439646244049,-0.007433515042066574,0.3582971394062042,0.27982690930366516,-0.005402733571827412,0.3605412542819977,0.22966165840625763,-0.01113998331129551,0.36098548769950867,0.19677747786045074,-0.014516488648951054,0.3609851896762848,0.17048680782318115,-0.01642901450395584,0.3758009374141693,0.2891711890697479,-0.010013498365879059,0.39031147956848145,0.24000781774520874,-0.01392936147749424,0.3993275761604309,0.20995891094207764,-0.016869913786649704,0.40696483850479126,0.18674996495246887,-0.018590427935123444,0.3899517059326172,0.307512104511261,-0.014233121648430824,0.403446763753891,0.27692997455596924,-0.018923265859484673,0.40079399943351746,0.2803652882575989,-0.019553951919078827,0.39688679575920105,0.28568845987319946,-0.018682654947042465,0.4006540775299072,0.3297044038772583,-0.018423911184072495,0.4033672511577606,0.3150300681591034,-0.020718863233923912,0.3984370827674866,0.3218122720718384,-0.017943549901247025,0.39453068375587463,0.3305323123931885,-0.014885776676237583,0.5396875143051147,0.4684573709964752,-0.11076090484857559,0.9996209144592285,0.9980962872505188,0.34168070554733276,0.4782489836215973,-0.1348709613084793,0.9995328187942505,0.9974821209907532,0.5626814365386963,0.7617789506912231,-0.08110256493091583,0.9861911535263062,0.9780448079109192,0.30641061067581177,0.7504419088363647,-0.46209388971328735,0.989805281162262,0.9872534871101379,0.5767991542816162,0.9931706786155701,-0.2647150158882141,0.964232325553894,0.939667284488678,0.35271987318992615,0.40427809953689575,-0.9113274812698364,0.9898980855941772,0.9988470077514648,0.3934961259365082,0.21103283762931824,0.006340458523482084,0.3849048912525177,0.22132742404937744,0.01758616417646408,0.4638219475746155,0.20688872039318085,0.0023518868256360292,0.44993042945861816,0.19810062646865845,-0.00413844920694828,0.405768483877182,0.31759947538375854,0.0031076441518962383,0.443226158618927,0.31928470730781555,-0.004312149714678526
50,5000,,,,,,,,,,,,,,,,,,,,,,,,,,,,,,,,,,,,,,,,,,,,,,,,,,,,,,,,,,,,,,,,0.35557013750076294,0.4150386154651642,1.2933280402194214e-07,0.3562411367893219,0.3687950670719147,0.0019300741842016578,0.3681451082229614,0.3332919776439667,-8.015608182176948e-05,0.3829467296600342,0.32418152689933777,-0.003784858388826251,0.39301416277885437,0.3267180621623993,-0.00731563800945878,0.3713981807231903,0.3055409789085388,-0.004004680551588535,0.376323938369751,0.25933027267456055,-0.010282259434461594,0.37872353196144104,0.23047316074371338,-0.013738675974309444,0.3795601427555084,0.20681408047676086,-0.01545232068747282,0.38524290919303894,0.3155786395072937,-0.009381004609167576,0.40413445234298706,0.27722132205963135,-0.01418241299688816,0.41609540581703186,0.2539961338043213,-0.017419293522834778,0.42490434646606445,0.2357524037361145,-0.018741939216852188,0.3959854543209076,0.3350653648376465,-0.014345292001962662,0.4074159562587738,0.3307463228702545,-0.018696967512369156,0.4031592011451721,0.3438337445259094,-0.019002435728907585,0.39758235216140747,0.35347437858581543,-0.017409684136509895,0.4038769006729126,0.35879477858543396,-0.019412538036704063,0.40833428502082825,0.36203038692474365,-0.019844917580485344,0.4043155014514923,0.3715122640132904,-0.01647057943046093,0.3998052477836609,0.37913358211517334,-0.012926001101732254,0.5399975180625916,0.4691036641597748,-0.12264417111873627,0.9996093511581421,0.9982690811157227,0.34191271662712097,0.48269522190093994,-0.11807320266962051,0.9995173811912537,0.9975789189338684,0.5627318620681763,0.7659531235694885,-0.0943046361207962,0.9857878684997559,0.9810555577278137,0.30887967348098755,0.765694260597229,-0.39683985710144043,0.9896437525749207,0.987956702709198,0.5766247510910034,1.0112491846084595,-0.31311875581741333,0.9642727971076965,0.9412157535552979,0.35445863008499146,0.4057053327560425,-0.8502726554870605,0.9901418685913086,0.9989173412322998,0.3905322849750519,0.22178855538368225,0.0010272349463775754,0.38129231333732605,0.23171579837799072,0.012496193870902061,0.4640175402164459,0.22968098521232605,0.0017690144013613462,0.450787752866745,0.22007858753204346,-0.006483614910393953,0.4073382318019867,0.3364693820476532,0.004365283530205488,0.44176214933395386,0.3360939621925354,-0.000945810868870467
51,5100,,,,,,,,,,,,,,,,,,,,,,,,,,,,,,,,,,,,,,,,,,,,,,,,,,,,,,,,,,,,,,,,0.3538883924484253,0.44258996844291687,5.6560299555030724e-08,0.3593721091747284,0.39721840620040894,0.002163216471672058,0.37446337938308716,0.36587101221084595,0.0003910728555638343,0.3913225829601288,0.3621084690093994,-0.0032539486419409513,0.40275728702545166,0.36949819326400757,-0.0069067832082509995,0.3840051293373108,0.34315526485443115,-0.0008777359616942704,0.3962380290031433,0.3100108802318573,-0.007052317727357149,0.40336787700653076,0.2991848587989807,-0.011176331900060177,0.4073009490966797,0.29302576184272766,-0.012839219532907009,0.39563268423080444,0.35860463976860046,-0.005977653432637453,0.41663655638694763,0.33038079738616943,-0.0101093091070652,0.4275868833065033,0.3181264102458954,-0.012884652242064476,0.4345170259475708,0.30931562185287476,-0.013963515870273113,0.4040859043598175,0.380873441696167,-0.011111713945865631,0.4182887673377991,0.3792541027069092,-0.01526039931923151,0.41150984168052673,0.3916117250919342,-0.015731167048215866,0.4030051827430725,0.3992311954498291,-0.014265690930187702,0.4095379114151001,0.40561044216156006,-0.016247190535068512,0.41682949662208557,0.4059353470802307,-0.015820438042283058,0.4106367528438568,0.41378846764564514,-0.012037605047225952,0.4032805562019348,0.41999560594558716,-0.00845172069966793,0.5414503216743469,0.47031012177467346,-0.16865986585617065,0.9995447993278503,0.9953444600105286,0.34537428617477417,0.4833194315433502,-0.1400943398475647,0.9994404315948486,0.993842363357544,0.5629428625106812,0.7693099975585938,-0.153676375746727,0.9831597805023193,0.9499478936195374,0.31397151947021484,0.7776964902877808,-0.4097376763820648,0.9870808124542236,0.9651082754135132,0.5764620304107666,1.012768268585205,-0.355380117893219,0.9579753875732422,0.8319939970970154,0.36133721470832825,0.43189558386802673,-0.8557683229446411,0.9882777333259583,0.9951816201210022,0.3926665186882019,0.2430596500635147,-0.001207498018629849,0.38473835587501526,0.24842767417430878,0.011012890376150608,0.46271243691444397,0.2476653754711151,-0.007572230417281389,0.4486508071422577,0.24113856256008148,-0.014035758562386036,0.4082111120223999,0.34908756613731384,0.008775761350989342,0.4376150071620941,0.3522792160511017,0.0002114255039487034
52,5200,,,,,,,,,,,,,,,,,,,,,,,,,,,,,,,,,,,,,,,,,,,,,,,,,,,,,,,,,,,,,,,,0.3479996621608734,0.49177947640419006,1.1733886395859372e-07,0.3560837507247925,0.44788339734077454,0.002726946258917451,0.3757091760635376,0.42234766483306885,0.0029833682347089052,0.39186891913414,0.425602525472641,0.0018791074398905039,0.4029974639415741,0.43512609601020813,0.00035143864806741476,0.3881986141204834,0.4117308259010315,0.0021397224627435207,0.40779590606689453,0.40014249086380005,-0.0006803458672948182,0.4211609959602356,0.3927144408226013,-0.0034496302250772715,0.43059515953063965,0.38793545961380005,-0.0054004620760679245,0.3956778049468994,0.43097200989723206,-0.0017182976007461548,0.4154438376426697,0.41962099075317383,-0.0022724794689565897,0.4270484149456024,0.41653621196746826,-0.0036404472775757313,0.4363650381565094,0.41353610157966614,-0.004857569932937622,0.40106087923049927,0.4539804756641388,-0.005624813959002495,0.4187939465045929,0.44897204637527466,-0.005473867058753967,0.4264695942401886,0.4483877718448639,-0.0049819848500192165,0.4322971999645233,0.44621506333351135,-0.0049594310112297535,0.4040651023387909,0.47916439175605774,-0.00972751434892416,0.4143970310688019,0.4783494770526886,-0.008022147230803967,0.41541367769241333,0.4785180389881134,-0.005304278805851936,0.41473570466041565,0.47941452264785767,-0.003457750426605344,0.5451615452766418,0.47939449548721313,-0.21908244490623474,0.9995027184486389,0.995840847492218,0.34670737385749817,0.4905239939689636,-0.18788008391857147,0.9994035363197327,0.9953336119651794,0.5632380247116089,0.7797533869743347,-0.18772973120212555,0.981378436088562,0.9371280670166016,0.3136752247810364,0.7959181666374207,-0.4400824010372162,0.9851806163787842,0.9569743275642395,0.5763423442840576,1.01419997215271,-0.38589873909950256,0.9518418908119202,0.7926561832427979,0.35978108644485474,0.5393734574317932,-0.9069223403930664,0.9861384034156799,0.9924617409706116,0.3934303820133209,0.24524009227752686,-0.00481537776067853,0.38524654507637024,0.2521686553955078,0.007886034436523914,0.4655598998069763,0.25159668922424316,-0.00621060561388731,0.4519954323768616,0.2445359230041504,-0.014562826603651047,0.4079132080078125,0.35404372215270996,0.009404363110661507,0.44255122542381287,0.3560214042663574,0.0023128001485019922
53,5300,,,,,,,,,,,,,,,,,,,,,,,,,,,,,,,,,,,,,,,,,,,,,,,,,,,,,,,,,,,,,,,,0.34974342584609985,0.5184047222137451,1.5181522883267462e-07,0.3619505763053894,0.4795719087123871,-0.0003226156404707581,0.38336217403411865,0.4617539048194885,-0.0008458190131932497,0.3983441889286041,0.4710812270641327,-0.0025342535227537155,0.40751394629478455,0.4892089366912842,-0.004089129623025656,0.3979635536670685,0.4530521631240845,0.0014654261758551002,0.41908520460128784,0.4477274715900421,-0.0009223968954756856,0.4317145347595215,0.4484238922595978,-0.0033704128582030535,0.44217294454574585,0.4496060907840729,-0.0051366714760661125,0.4056417644023895,0.4755709171295166,-0.0007954031461849809,0.4258190989494324,0.4814513623714447,-0.0026554190553724766,0.4393417537212372,0.4874488115310669,-0.005814960226416588,0.45035821199417114,0.4901142120361328,-0.007786659989506006,0.40962129831314087,0.5009118318557739,-0.0031319507397711277,0.41425928473472595,0.5100507140159607,-0.004221919924020767,0.40557974576950073,0.513581395149231,-0.004559876397252083,0.39758458733558655,0.5131301283836365,-0.003986493218690157,0.4110943675041199,0.5250170826911926,-0.00594214117154479,0.4129240810871124,0.5284110307693481,-0.004902645479887724,0.4052956998348236,0.5307796001434326,-0.0020693272817879915,0.3984639644622803,0.5311588048934937,0.000593430595472455,0.5472500324249268,0.4813295900821686,-0.23873908817768097,0.9994878768920898,0.9965027570724487,0.34623104333877563,0.4942091107368469,-0.21486608684062958,0.9993878602981567,0.9962984919548035,0.564903199672699,0.7849626541137695,-0.17727969586849213,0.9789270758628845,0.9171044826507568,0.310703843832016,0.8039986491203308,-0.4870688319206238,0.9837301969528198,0.9462082982063293,0.576413631439209,1.0155575275421143,-0.34812331199645996,0.9407119154930115,0.7063053250312805,0.35994651913642883,0.5526682138442993,-0.9632317423820496,0.9836708903312683,0.9914097189903259,0.3960086405277252,0.23506468534469604,-0.0048121241852641106,0.3874797224998474,0.24242287874221802,0.007801579777151346,0.46756505966186523,0.23922398686408997,-0.005341155920177698,0.45425596833229065,0.23246881365776062,-0.013908874243497849,0.41116204857826233,0.3436174988746643,0.009151659905910492,0.44561585783958435,0.34658682346343994,0.0025958006735891104
54,5400,,,,,,,,,,,,,,,,,,,,,,,,,,,,,,,,,,,,,,,,,,,,,,,,,,,,,,,,,,,,,,,,0.358730286359787,0.51821368932724,1.592353839896532e-07,0.38001731038093567,0.4892300069332123,0.006578662898391485,0.40478086471557617,0.4834936857223511,0.008241606876254082,0.4211270213127136,0.4922114908695221,0.007971475832164288,0.43147021532058716,0.507213294506073,0.007794041186571121,0.4145126938819885,0.4704398512840271,0.0060822428204119205,0.43894463777542114,0.47595447301864624,0.0060007572174072266,0.45306849479675293,0.48140954971313477,0.005515931639820337,0.4631924331188202,0.4866807758808136,0.0053283339366316795,0.4150735139846802,0.4943142831325531,0.0013364574406296015,0.4391840398311615,0.5071825981140137,0.0030749065335839987,0.452496200799942,0.5174280405044556,0.002545734168961644,0.46173709630966187,0.5257969498634338,0.0015987809747457504,0.4133888781070709,0.5211458206176758,-0.002942323684692383,0.43460214138031006,0.5343893766403198,-0.0009194100275635719,0.4401616156101227,0.545600175857544,-0.00015278486534953117,0.4411458373069763,0.5529375076293945,-2.3691727619734593e-05,0.4099927246570587,0.546424388885498,-0.006913712713867426,0.4263800382614136,0.5573509931564331,-0.0035209364723414183,0.43334728479385376,0.5676692128181458,-0.000720183365046978,0.4371171295642853,0.575903058052063,0.0011610023211687803,0.5471673011779785,0.4809681475162506,-0.22135694324970245,0.9994844794273376,0.9973751306533813,0.34460705518722534,0.4954076409339905,-0.21807527542114258,0.9993852972984314,0.9969748258590698,0.5680974721908569,0.7837652564048767,-0.15447989106178284,0.9778732657432556,0.9363599419593811,0.30304741859436035,0.8075969219207764,-0.4780145287513733,0.9832452535629272,0.9504897594451904,0.5857176780700684,1.0132266283035278,-0.3481143116950989,0.9342043399810791,0.7253507971763611,0.3532636761665344,0.553629994392395,-0.9483944177627563,0.9822008013725281,0.991707980632782,0.39764833450317383,0.21782058477401733,-0.0030274668242782354,0.3882996439933777,0.22757096588611603,0.009056810289621353,0.471660852432251,0.22175052762031555,0.000657895056065172,0.4591122269630432,0.2132251262664795,-0.008862722665071487,0.4134877324104309,0.3281513452529907,0.005804932676255703,0.44994962215423584,0.33042341470718384,0.0015906150219962
55,5500,,,,,,,,,,,,,,,,,,,,,,,,,,,,,,,,,,,,,,,,,,,,,,,,,,,,,,,,,,,,,,,,0.3598911166191101,0.5314815640449524,2.1074289691114245e-07,0.3826698064804077,0.5073849558830261,0.0038507087156176567,0.40938660502433777,0.5094429850578308,0.002818585839122534,0.4271294176578522,0.5233986377716064,0.0004911722498945892,0.43936046957969666,0.5378547310829163,-0.0016324863536283374,0.4189366400241852,0.4942862391471863,-0.002312552882358432,0.4467846155166626,0.5072472095489502,-0.006000107154250145,0.46469569206237793,0.5120577812194824,-0.008520054630935192,0.4783521294593811,0.5155548453330994,-0.010193302296102047,0.4174878001213074,0.5158413052558899,-0.007434072904288769,0.4469318389892578,0.5362322330474854,-0.00961749255657196,0.4657147526741028,0.5522519946098328,-0.011133699677884579,0.4795036315917969,0.5667104721069336,-0.012716056779026985,0.4134945571422577,0.5411359071731567,-0.01200202014297247,0.441474974155426,0.5620338320732117,-0.013064439408481121,0.4499271512031555,0.5775812864303589,-0.011554228141903877,0.4531722664833069,0.5885947942733765,-0.010815780609846115,0.4079999327659607,0.5663497447967529,-0.016506513580679893,0.42922887206077576,0.5808447599411011,-0.015482301823794842,0.43787622451782227,0.5930010080337524,-0.012289130128920078,0.4429698884487152,0.6024956703186035,-0.010080156847834587,0.5461536049842834,0.47980600595474243,-0.21656188368797302,0.9995138645172119,0.9991174340248108,0.3416323959827423,0.4953484833240509,-0.2467820942401886,0.9994235038757324,0.9990649819374084,0.5728017091751099,0.7800184488296509,-0.11485202610492706,0.9785985350608826,0.9762429594993591,0.2957385778427124,0.8112248182296753,-0.5184062123298645,0.9842193722724915,0.978381872177124,0.5901844501495361,1.008745789527893,-0.29454904794692993,0.9336265921592712,0.870181679725647,0.3554154932498932,0.5613774061203003,-0.9953998327255249,0.9824939370155334,0.9962146878242493,0.3991725444793701,0.20512253046035767,-0.00047171657206490636,0.3896625339984894,0.21619507670402527,0.011318011209368706,0.474325954914093,0.20789968967437744,0.004173820372670889,0.46168309450149536,0.19870704412460327,-0.005478398874402046,0.4150969088077545,0.3198002576828003,0.0033169761300086975,0.4521186053752899,0.31964895129203796,-0.00025871925754472613
56,5600,,,,,,,,,,,,,,,,,,,,,,,,,,,,,,,,,,,,,,,,,,,,,,,,,,,,,,,,,,,,,,,,0.3570290505886078,0.547490119934082,2.0214564244724897e-07,0.38014429807662964,0.5215028524398804,0.004526585806161165,0.4066586494445801,0.5231665968894958,0.0038528861477971077,0.42456117272377014,0.5379160046577454,0.0019011005060747266,0.4367257058620453,0.5550574064254761,0.00011116541281808168,0.4175907373428345,0.509445309638977,-0.0034718436654657125,0.447116881608963,0.5213399529457092,-0.007906933315098286,0.46526798605918884,0.5274070501327515,-0.010402610525488853,0.479373574256897,0.5316230654716492,-0.01174609549343586,0.41557061672210693,0.5305024981498718,-0.008784531615674496,0.44752559065818787,0.5537199378013611,-0.01113939005881548,0.4658013880252838,0.5713624358177185,-0.012246827594935894,0.47868308424949646,0.5862851738929749,-0.013328076340258121,0.41067999601364136,0.5558083057403564,-0.013422667048871517,0.4408079981803894,0.5788251757621765,-0.014856173656880856,0.4506266117095947,0.5971869230270386,-0.013476813212037086,0.4543207585811615,0.610498309135437,-0.012549745850265026,0.40464088320732117,0.5808351039886475,-0.017862500622868538,0.42835313081741333,0.5984777808189392,-0.01724581979215145,0.43847957253456116,0.6134635210037231,-0.014288724400103092,0.44464677572250366,0.6252983212471008,-0.012003928422927856,0.5460935831069946,0.47297778725624084,-0.19599933922290802,0.9995444416999817,0.9993160963058472,0.34079253673553467,0.4925151467323303,-0.2648884654045105,0.9994653463363647,0.9994025230407715,0.5754612684249878,0.7712225317955017,-0.060533057898283005,0.9797176718711853,0.989336371421814,0.29587262868881226,0.8123435378074646,-0.5340023040771484,0.9854498505592346,0.9894540309906006,0.589637279510498,0.9674415588378906,-0.21313032507896423,0.9364732503890991,0.9515293836593628,0.3663135766983032,0.5777279138565063,-1.0069972276687622,0.9834834337234497,0.9979860782623291,0.402072936296463,0.1964026838541031,-0.0014322166098281741,0.39162325859069824,0.2072594165802002,0.009784925729036331,0.475502073764801,0.20072528719902039,0.005309827625751495,0.46316608786582947,0.19122514128684998,-0.004575496539473534,0.41684162616729736,0.3103451728820801,0.0026965723372995853,0.45337972044944763,0.31076061725616455,0.0004759453295264393
57,5700,,,,,,,,,,,,,,,,,,,,,,,,,,,,,,,,,,,,,,,,,,,,,,,,,,,,,,,,,,,,,,,,0.3546545207500458,0.5604035258293152,2.0421192914454878e-07,0.3790152370929718,0.5337154865264893,0.003565414808690548,0.40639665722846985,0.5342293381690979,0.002349145244807005,0.4254571795463562,0.5487968921661377,1.281786899198778e-05,0.4382743835449219,0.5648688673973083,-0.0020715517457574606,0.4160359799861908,0.5197322368621826,-0.0048589217476546764,0.4465896189212799,0.5312110781669617,-0.009583421051502228,0.4648953676223755,0.5380495190620422,-0.011944293044507504,0.4790950417518616,0.5430958271026611,-0.013171029277145863,0.4134666919708252,0.5422428846359253,-0.009987104684114456,0.4459981322288513,0.5650658011436462,-0.013086310587823391,0.4643034040927887,0.58321213722229,-0.014535549096763134,0.47749605774879456,0.5987261533737183,-0.01588471792638302,0.4085144102573395,0.5683817863464355,-0.014526303857564926,0.4387732148170471,0.5915086269378662,-0.016996145248413086,0.44797831773757935,0.6112392544746399,-0.016556251794099808,0.4510550796985626,0.6262992024421692,-0.016138067469000816,0.40272971987724304,0.5938587188720703,-0.018898921087384224,0.4267891049385071,0.610681414604187,-0.019525693729519844,0.43747949600219727,0.6263298392295837,-0.017813706770539284,0.44422364234924316,0.6399445533752441,-0.016400158405303955,0.5462316274642944,0.47321340441703796,-0.21022923290729523,0.9995592832565308,0.9988501071929932,0.3405038118362427,0.4918098449707031,-0.2558608651161194,0.9994966387748718,0.9993023872375488,0.5748883485794067,0.7935285568237305,-0.2975916564464569,0.9811676740646362,0.98943030834198,0.29535695910453796,0.8226505517959595,-0.5216369032859802,0.986648678779602,0.9917797446250916,0.5536268949508667,0.8191065192222595,-0.658274233341217,0.9417484998703003,0.9912785887718201,0.37557682394981384,0.6035321354866028,-0.9935375452041626,0.9847531914710999,0.9990412592887878,0.4032307267189026,0.1899876445531845,-0.0002941362909041345,0.39217376708984375,0.2026831954717636,0.010605672374367714,0.47598788142204285,0.19695067405700684,0.00831281952559948,0.4639182686805725,0.1862083524465561,-0.0020205965265631676,0.41797298192977905,0.3056154251098633,0.0008856802596710622,0.4546099603176117,0.3048902153968811,-0.0003162976063322276
58,5800,,,,,,,,,,,,,,,,,,,,,,,,,,,,,,,,,,,,,,,,,,,,,,,,,,,,,,,,,,,,,,,,0.3527352213859558,0.5740637183189392,1.8928106726434635e-07,0.37668678164482117,0.544481098651886,0.004496960900723934,0.4037986099720001,0.5401450395584106,0.0030817536171525717,0.4236074686050415,0.5500867962837219,0.00036236655432730913,0.4372828006744385,0.5645081996917725,-0.002159315161406994,0.4136897027492523,0.5249305963516235,-0.0055588725954294205,0.4446811079978943,0.5343160033226013,-0.010540472343564034,0.46307840943336487,0.5398629903793335,-0.012934915721416473,0.4772733151912689,0.5441883206367493,-0.014140470884740353,0.4118334949016571,0.546821653842926,-0.011273045092821121,0.44587868452072144,0.5667806267738342,-0.014027203433215618,0.46426212787628174,0.5833106637001038,-0.014998621307313442,0.47641411423683167,0.5978924036026001,-0.016164816915988922,0.40735548734664917,0.5735644102096558,-0.01618938148021698,0.4399054944515228,0.5951547622680664,-0.01780012622475624,0.44923868775367737,0.6138673424720764,-0.016518166288733482,0.4511100649833679,0.6278074979782104,-0.01584736257791519,0.40184181928634644,0.6001402139663696,-0.020876148715615273,0.4272187054157257,0.6146563291549683,-0.020676380023360252,0.43836554884910583,0.6289511919021606,-0.0183463953435421,0.4451447129249573,0.6412941217422485,-0.01663723774254322,0.5430387258529663,0.47042274475097656,-0.15027406811714172,0.9995918273925781,0.9997649788856506,0.34048476815223694,0.488355427980423,-0.17529617249965668,0.9995360374450684,0.9997581839561462,0.5746551156044006,0.7861180901527405,-0.3653683364391327,0.9829437732696533,0.9974823594093323,0.29551705718040466,0.8218804001808167,-0.43639975786209106,0.9879172444343567,0.9973983764648438,0.559131920337677,0.6942269206047058,-0.8454304933547974,0.9474800825119019,0.9993768334388733,0.3741537034511566,0.6019734740257263,-0.9106417894363403,0.9862037897109985,0.9997130036354065,0.4027811586856842,0.1851687729358673,0.0017650919035077095,0.3916866183280945,0.19859007000923157,0.012324457056820393,0.4759206473827362,0.19299587607383728,0.010587405413389206,0.4638402760028839,0.1812395304441452,0.00042917896644212306,0.4179486036300659,0.30245858430862427,-0.0008877691579982638,0.45368054509162903,0.3015028238296509,-0.0017399467760697007
59,5900,,,,,,,,,,,,,,,,,,,,,,,,,,,,,,,,,,,,,,,,,,,,,,,,,,,,,,,,,,,,,,,,0.35570552945137024,0.589312732219696,1.8695563142046012e-07,0.37715089321136475,0.5556371212005615,0.0033632805570960045,0.40251702070236206,0.5434700846672058,0.0005565520259551704,0.4229520559310913,0.5481141805648804,-0.003510558046400547,0.43744397163391113,0.5601609945297241,-0.007277432829141617,0.4106222689151764,0.5243672132492065,-0.008584429509937763,0.44311586022377014,0.5215423107147217,-0.014873070642352104,0.4614059329032898,0.5198684930801392,-0.017560116946697235,0.4753984808921814,0.5189058780670166,-0.018775250762701035,0.41011396050453186,0.5444517135620117,-0.014505669474601746,0.4466654062271118,0.5494630336761475,-0.019369229674339294,0.4659736156463623,0.557247519493103,-0.020707471296191216,0.4791327714920044,0.5660504102706909,-0.021528150886297226,0.40747979283332825,0.5709584355354309,-0.019573163241147995,0.44174039363861084,0.5841608643531799,-0.023137366399168968,0.45089036226272583,0.6009173393249512,-0.021342992782592773,0.4535053074359894,0.6142245531082153,-0.019679656252264977,0.4038099944591522,0.5987250804901123,-0.024462293833494186,0.42992693185806274,0.6092347502708435,-0.025383424013853073,0.44237321615219116,0.6198180913925171,-0.02276511676609516,0.4512631893157959,0.6292001605033875,-0.02049608901143074,0.5428220629692078,0.4705584645271301,-0.10073578357696533,0.9996179938316345,0.9995688796043396,0.34048131108283997,0.48879897594451904,-0.10842791944742203,0.9995725154876709,0.9997795224189758,0.5755225419998169,0.7951523661613464,-0.34973764419555664,0.9844710826873779,0.9951327443122864,0.29564234614372253,0.8221850991249084,-0.37480872869491577,0.9890409111976624,0.996288537979126,0.5428875684738159,0.6018862128257751,-0.8003720045089722,0.9525896906852722,0.9993165731430054,0.3788796067237854,0.608238160610199,-0.8179951906204224,0.9874891638755798,0.9996688365936279,0.4026116132736206,0.18432024121284485,0.0010777688585221767,0.39130762219429016,0.1982780545949936,0.011556660756468773,0.47624579071998596,0.1933927834033966,0.011485770344734192,0.46442535519599915,0.18118758499622345,0.0008627250790596008,0.41794559359550476,0.3018101751804352,-0.0010296670952811837,0.4545307755470276,0.3004988729953766,-0.0010496577015146613
60,6000,0.5473601222038269,0.6294206380844116,-1.7588669720680628e-07,0.5303084254264832,0.5765058398246765,0.0035594587679952383,0.5226219892501831,0.5262957215309143,-0.0003751611220650375,0.5189937353134155,0.49521857500076294,-0.006324663758277893,0.5210924744606018,0.47928154468536377,-0.013175714761018753,0.5448305606842041,0.5088700652122498,-0.00918565783649683,0.5309171080589294,0.48071399331092834,-0.019181065261363983,0.5301250219345093,0.47581732273101807,-0.024463189765810966,0.5329668521881104,0.46786603331565857,-0.027413032948970795,0.5517242550849915,0.527931272983551,-0.01645170897245407,0.521028995513916,0.5221332311630249,-0.026740167289972305,0.5163962244987488,0.5390201807022095,-0.028064077720046043,0.5204794406890869,0.547349214553833,-0.0284092016518116,0.5526025891304016,0.5539735555648804,-0.023359043523669243,0.5203000903129578,0.5529720783233643,-0.03261560946702957,0.5157110691070557,0.5650383830070496,-0.029803169891238213,0.5195645689964294,0.5695167183876038,-0.0266254935413599,0.5485032796859741,0.5808124542236328,-0.0297529399394989,0.518815279006958,0.5780670046806335,-0.035163864493370056,0.5140039324760437,0.5830089449882507,-0.032182663679122925,0.5169183611869812,0.583433210849762,-0.02895289659500122,0.3702494502067566,0.5874471068382263,7.866932349998024e-08,0.3910519778728485,0.5633084177970886,0.00312778539955616,0.4139411151409149,0.5470944046974182,0.0016615624772384763,0.43163782358169556,0.541172981262207,-0.0014561457792297006,0.4444045126438141,0.5395086407661438,-0.004442025441676378,0.4120498299598694,0.5143804550170898,-0.0013161995448172092,0.43282613158226013,0.5041579604148865,-0.007741826120764017,0.4459937810897827,0.5072497725486755,-0.01247341651469469,0.4548946022987366,0.5142619013786316,-0.015502084977924824,0.40860360860824585,0.5239024758338928,-0.007496485486626625,0.43114450573921204,0.5196850895881653,-0.013364236801862717,0.4440039098262787,0.528184175491333,-0.017175113782286644,0.45298102498054504,0.5390688180923462,-0.019778994843363762,0.40500524640083313,0.5422234535217285,-0.013704059645533562,0.42892521619796753,0.5431825518608093,-0.01931035704910755,0.4438320994377136,0.5523421168327332,-0.021036244928836823,0.4547864496707916,0.5625812411308289,-0.02223350666463375,0.4013943076133728,0.5668689608573914,-0.019751712679862976,0.41882336139678955,0.5721919536590576,-0.023024944588541985,0.4298330247402191,0.5781044363975525,-0.022837109863758087,0.43895187973976135,0.5843746662139893,-0.022774631157517433,0.5434656739234924,0.46958062052726746,-0.11025480926036835,0.9996442198753357,0.9996497631072998,0.34044188261032104,0.4882158935070038,-0.11951526254415512,0.9996067881584167,0.9998125433921814,0.5784112215042114,0.8027277588844299,-0.3621012270450592,0.9858801364898682,0.9953000545501709,0.29558849334716797,0.8223180770874023,-0.39331334829330444,0.9900717735290527,0.996478259563446,0.5427165031433105,0.6100208759307861,-0.81365567445755,0.9572179913520813,0.9994651675224304,0.38614189624786377,0.6106389760971069,-0.8358291387557983,0.9886704087257385,0.9997493624687195,0.4024811387062073,0.18662017583847046,0.0004915458266623318,0.3913336396217346,0.20012466609477997,0.011031685397028923,0.4754680097103119,0.19497594237327576,0.010522709228098392,0.4637032747268677,0.1830747425556183,-1.3099419447826222e-05,0.41737908124923706,0.30406317114830017,-0.0005668704397976398,0.4533511996269226,0.30321699380874634,-0.00079085782635957
61,6100,0.5350110530853271,0.6341008543968201,-2.1392258986452362e-07,0.5226197838783264,0.5775449872016907,-3.5183907129976433e-06,0.5202608108520508,0.525938093662262,-0.0021135699935257435,0.5215555429458618,0.49084872007369995,-0.0051533132791519165,0.5257084369659424,0.46728187799453735,-0.007956945337355137,0.5403123497962952,0.5193772315979004,-0.00273104733787477,0.50942462682724,0.5192764401435852,-0.010258161462843418,0.507969856262207,0.5383395552635193,-0.015089266002178192,0.5148298740386963,0.5431203842163086,-0.017837027087807655,0.543632447719574,0.5417641401290894,-0.007071904372423887,0.5056504011154175,0.5438921451568604,-0.013868189416825771,0.5085555911064148,0.5578860640525818,-0.015353589318692684,0.5172008872032166,0.5620492696762085,-0.0165950246155262,0.5427770018577576,0.5662248730659485,-0.011961058713495731,0.5063439011573792,0.5650444626808167,-0.018993716686964035,0.5092198252677917,0.5766760110855103,-0.017399504780769348,0.5179046988487244,0.579415500164032,-0.015849968418478966,0.5380845665931702,0.5916351675987244,-0.016821790486574173,0.5087458491325378,0.5873022675514221,-0.021129075437784195,0.5103276371955872,0.5934886932373047,-0.01977304182946682,0.5184262990951538,0.5952305793762207,-0.01809738762676716,0.3718903958797455,0.5967936515808105,6.523570306171678e-08,0.3963683843612671,0.573468804359436,0.004830158315598965,0.4135190546512604,0.5475790500640869,0.007040449418127537,0.4262578785419464,0.5325615406036377,0.007558709010481834,0.43631255626678467,0.5272175669670105,0.008149245753884315,0.39891529083251953,0.5107103586196899,0.007199679035693407,0.4142567217350006,0.4776396155357361,0.004336402751505375,0.42492595314979553,0.45648884773254395,0.0015702694654464722,0.4330836832523346,0.4397295415401459,-0.00043704546988010406,0.39620471000671387,0.5091315507888794,0.002089061075821519,0.4120003283023834,0.47496673464775085,-0.0014561236603185534,0.4235404133796692,0.4536207318305969,-0.0050164624117314816,0.43403753638267517,0.4355499744415283,-0.007385968696326017,0.39577516913414,0.5120187997817993,-0.003208609065040946,0.41160228848457336,0.4772452116012573,-0.00699682766571641,0.4230349063873291,0.45660412311553955,-0.009311247617006302,0.43227240443229675,0.4408128261566162,-0.01049733255058527,0.3975036144256592,0.5191726088523865,-0.008280660025775433,0.4094490110874176,0.4896797835826874,-0.011365234851837158,0.4187239110469818,0.4714892506599426,-0.012360003776848316,0.4265037477016449,0.4574960470199585,-0.012788256630301476,0.5440629720687866,0.4679420590400696,-0.08064546436071396,0.9996718764305115,0.9998201727867126,0.3407701253890991,0.4860132932662964,-0.08306299149990082,0.9996403455734253,0.9998888969421387,0.5790997743606567,0.8092775344848633,-0.347866952419281,0.9872117042541504,0.9975253939628601,0.29665032029151917,0.816520631313324,-0.3547342121601105,0.9910266399383545,0.9981550574302673,0.5431925058364868,0.6115755438804626,-0.8143224716186523,0.9614459276199341,0.9997907280921936,0.3883914351463318,0.609472393989563,-0.8076189756393433,0.9897668361663818,0.9998735189437866,0.4021482765674591,0.19262012839317322,0.0002266598748974502,0.3912195861339569,0.205852210521698,0.010939773172140121,0.47557491064071655,0.20104378461837769,0.00963489431887865,0.4636247754096985,0.1894100308418274,-0.00085675367154181,0.41807079315185547,0.3112195134162903,-0.00022403437469620258,0.453544944524765,0.3100300431251526,-0.0007758312276564538
62,6200,0.5291512608528137,0.6490330100059509,-1.8631214970810106e-07,0.517425000667572,0.5967641472816467,-0.0028473963029682636,0.5136984586715698,0.5503661632537842,-0.006331724114716053,0.5137888193130493,0.5177233219146729,-0.010121794417500496,0.5170503854751587,0.4920993745326996,-0.013691134750843048,0.5365899205207825,0.5524014234542847,-0.005374555476009846,0.5041089653968811,0.5581435561180115,-0.01389201171696186,0.5057675242424011,0.5710141658782959,-0.020340241491794586,0.5152349472045898,0.5705150365829468,-0.02425467036664486,0.5391864776611328,0.582419753074646,-0.008681261911988258,0.5006632804870605,0.5842761397361755,-0.01563429646193981,0.5071810483932495,0.5924965143203735,-0.0180559940636158,0.5180795192718506,0.592946469783783,-0.020338425412774086,0.5379022359848022,0.6106305122375488,-0.012609745375812054,0.5022181868553162,0.6093349456787109,-0.019659705460071564,0.5087746381759644,0.6159347295761108,-0.017816564068198204,0.5198383331298828,0.6161535978317261,-0.016348225995898247,0.5340529680252075,0.637603759765625,-0.016881100833415985,0.5081806182861328,0.6349925994873047,-0.021573707461357117,0.5145328044891357,0.6389070153236389,-0.019578149542212486,0.5259570479393005,0.6402901411056519,-0.01749403029680252,0.3865266740322113,0.5762876868247986,5.098751643117794e-08,0.4106386601924896,0.5563111901283264,0.0007903267978690565,0.42515772581100464,0.5294284224510193,0.000576755206566304,0.4356539249420166,0.5121241807937622,-0.0009376561501994729,0.4453572928905487,0.4986101984977722,-0.0025879591703414917,0.41502004861831665,0.4860156178474426,0.00211969087831676,0.42474719882011414,0.4477492868900299,-0.0025945387315005064,0.43211230635643005,0.42417991161346436,-0.007056114263832569,0.4377683997154236,0.40552741289138794,-0.010485797189176083,0.41170385479927063,0.48671677708625793,-0.002525096293538809,0.4219264090061188,0.4468230605125427,-0.007884730584919453,0.43014606833457947,0.42274314165115356,-0.013349209912121296,0.43698760867118835,0.40194639563560486,-0.017160622403025627,0.4095633924007416,0.49387630820274353,-0.007628516294062138,0.4194398522377014,0.45731407403945923,-0.013571105897426605,0.4273451864719391,0.4352272152900696,-0.017577199265360832,0.4333639144897461,0.41643026471138,-0.020044418051838875,0.4091119170188904,0.5062538981437683,-0.012702783569693565,0.41554802656173706,0.48239821195602417,-0.01770736090838909,0.41988566517829895,0.46678420901298523,-0.01932356134057045,0.4230145215988159,0.45401331782341003,-0.02014167234301567,0.544005811214447,0.46744057536125183,-0.052557818591594696,0.9996946454048157,0.9997773766517639,0.34173673391342163,0.48496660590171814,-0.04729016125202179,0.9996695518493652,0.9998793601989746,0.5779350996017456,0.8086035251617432,-0.341548889875412,0.9883958697319031,0.9973480701446533,0.3000601828098297,0.8130073547363281,-0.3294470012187958,0.9918830394744873,0.9982086420059204,0.5424068570137024,0.6098898649215698,-0.7855379581451416,0.9652445316314697,0.9997931122779846,0.3949630558490753,0.5886796712875366,-0.7636967897415161,0.9907534122467041,0.9998906850814819,0.4049284756183624,0.19991880655288696,-0.0023993528448045254,0.3936484456062317,0.21247830986976624,0.007761827670037746,0.4768570065498352,0.20928412675857544,0.008462603203952312,0.4654873311519623,0.19779637455940247,-0.002080819569528103,0.41988855600357056,0.3193592429161072,0.0008589181816205382,0.45513275265693665,0.3175102174282074,0.0010174843482673168
63,6300,0.528885006904602,0.654441237449646,-1.5608110004450282e-07,0.5192820429801941,0.6104963421821594,-0.006666023749858141,0.5133931636810303,0.5698685050010681,-0.010887092910706997,0.5106388330459595,0.5398008823394775,-0.014282169751822948,0.5111609697341919,0.5146783590316772,-0.01718560978770256,0.535548985004425,0.575940728187561,-0.009219102561473846,0.5013060569763184,0.5848351716995239,-0.016863975673913956,0.5023007392883301,0.594498336315155,-0.022356227040290833,0.5118483901023865,0.593471348285675,-0.025782406330108643,0.5378211736679077,0.6063358187675476,-0.010288718156516552,0.4988881051540375,0.6103753447532654,-0.015617075376212597,0.5049158930778503,0.6164788007736206,-0.01755451411008835,0.5152317881584167,0.61681067943573,-0.01992621086537838,0.5361742377281189,0.6350743770599365,-0.01205014530569315,0.5006729960441589,0.6368424296379089,-0.01831311360001564,0.5068587064743042,0.6413144469261169,-0.0170095544308424,0.516675591468811,0.6428877115249634,-0.016199881210923195,0.5326929092407227,0.6625509858131409,-0.014458372257649899,0.5075438022613525,0.6646832823753357,-0.02004247158765793,0.5129508376121521,0.6678305864334106,-0.019091863185167313,0.5223722457885742,0.6712527871131897,-0.017732908949255943,0.3932649791240692,0.582600474357605,8.56496882306601e-08,0.4191049635410309,0.5705984830856323,-0.0035433967132121325,0.43794891238212585,0.5485100150108337,-0.004982118960469961,0.4478681981563568,0.5302407741546631,-0.007137233391404152,0.45535820722579956,0.5126340389251709,-0.009138529188930988,0.4303399622440338,0.5061976909637451,0.00013450563710648566,0.44065621495246887,0.47063666582107544,-0.006270909681916237,0.44942596554756165,0.4479549527168274,-0.012095021083950996,0.4565057158470154,0.4291546642780304,-0.015950320288538933,0.4260118901729584,0.5013867616653442,-0.0021618418395519257,0.4372883439064026,0.46607816219329834,-0.008062743581831455,0.44693562388420105,0.4439626634120941,-0.013677028939127922,0.45559659600257874,0.4236528277397156,-0.017339549958705902,0.42214235663414,0.5011630654335022,-0.005428372882306576,0.4323867857456207,0.468601256608963,-0.0109687689691782,0.4408567547798157,0.4484674334526062,-0.013850492425262928,0.4480092227458954,0.43064653873443604,-0.01528765819966793,0.4187344014644623,0.5052053332328796,-0.009348513558506966,0.4245055019855499,0.47825706005096436,-0.013354962691664696,0.4296289086341858,0.4616241157054901,-0.014020629227161407,0.43384885787963867,0.4486752450466156,-0.013967071659862995,0.5423120260238647,0.46488243341445923,-0.05480397492647171,0.9997143149375916,0.9997695088386536,0.3417436480522156,0.4842233955860138,-0.06579931825399399,0.9996946454048157,0.9998533725738525,0.5743194818496704,0.8025354743003845,-0.3367569148540497,0.9894349575042725,0.9974961876869202,0.30191248655319214,0.8082437515258789,-0.3479160666465759,0.9926453828811646,0.9980760812759399,0.5404524803161621,0.6193017363548279,-0.7854464650154114,0.9686435461044312,0.9997261166572571,0.3992018401622772,0.5869073271751404,-0.7861264944076538,0.9916313290596008,0.9998703002929688,0.40564659237861633,0.2059418261051178,-0.0036546443589031696,0.39450642466545105,0.21788355708122253,0.0066579608246684074,0.4777074456214905,0.21502617001533508,0.007086754776537418,0.4663804769515991,0.20419152081012726,-0.0035589428152889013,0.4212040603160858,0.3232043981552124,0.0016697542741894722,0.45562708377838135,0.32148799300193787,0.0017221447778865695
64,6400,0.5259730815887451,0.676118791103363,-2.0398111644226447e-07,0.515675961971283,0.6391482353210449,-0.005942819640040398,0.5103944540023804,0.6026175022125244,-0.010200302116572857,0.5096868872642517,0.5755819082260132,-0.01348930224776268,0.5102721452713013,0.5513067841529846,-0.016061749309301376,0.5354760885238647,0.6065070629119873,-0.011818986386060715,0.5013300776481628,0.6175451278686523,-0.019967567175626755,0.5016555786132812,0.6244837641716003,-0.025112906470894814,0.5104249715805054,0.6220477223396301,-0.02792169898748398,0.5383179783821106,0.6329114437103271,-0.013227755203843117,0.49901363253593445,0.6411043405532837,-0.019303584471344948,0.5040408372879028,0.643206775188446,-0.020886937156319618,0.5141898393630981,0.640282154083252,-0.02266281098127365,0.5379933714866638,0.6582274436950684,-0.015010633505880833,0.5008707046508789,0.6629953384399414,-0.021580645814538002,0.5061732530593872,0.6641181111335754,-0.019418811425566673,0.5157859325408936,0.6617217063903809,-0.01777835749089718,0.5347087383270264,0.6825710535049438,-0.017438773065805435,0.506916344165802,0.6862548589706421,-0.023493899032473564,0.5106537342071533,0.6850845813751221,-0.02241647057235241,0.5196801424026489,0.6830924153327942,-0.020710308104753494,,,,,,,,,,,,,,,,,,,,,,,,,,,,,,,,,,,,,,,,,,,,,,,,,,,,,,,,,,,,,,,,0.5414270162582397,0.46669450402259827,-0.06649382412433624,0.9997262358665466,0.9995110034942627,0.34139007329940796,0.4848615825176239,-0.12235109508037567,0.9997154474258423,0.9997534155845642,0.5700855851173401,0.7903962135314941,-0.3056497275829315,0.9902425408363342,0.9960000514984131,0.3024607002735138,0.8082427978515625,-0.3871344327926636,0.993311882019043,0.996852695941925,0.5381043553352356,0.6412985324859619,-0.7489351034164429,0.9715595841407776,0.9989144802093506,0.41510337591171265,0.6238115429878235,-0.8250567317008972,0.9923651814460754,0.9995715022087097,0.4076387584209442,0.2126651257276535,-0.007242782507091761,0.3961467146873474,0.2235201597213745,0.0030776390340179205,0.4796358346939087,0.22129091620445251,0.005307845771312714,0.46857377886772156,0.21140213310718536,-0.005884015467017889,0.4226551055908203,0.33033812046051025,0.0032098644878715277,0.4569946229457855,0.3295462727546692,0.004164934623986483
65,6500,0.5246821641921997,0.6877570152282715,-1.0071928358001969e-07,0.51533442735672,0.6515235900878906,-0.009834807366132736,0.5114836692810059,0.6169734597206116,-0.015469472855329514,0.5118188858032227,0.5916662216186523,-0.019386662170290947,0.5143647193908691,0.5692253708839417,-0.022088466212153435,0.5351181030273438,0.6274550557136536,-0.015336169861257076,0.504481852054596,0.6338486671447754,-0.022418901324272156,0.5062986612319946,0.6357905864715576,-0.025338198989629745,0.5151782631874084,0.6327860951423645,-0.026645079255104065,0.5398491024971008,0.6542537212371826,-0.014602051116526127,0.5029946565628052,0.6622066497802734,-0.019238760694861412,0.5088220238685608,0.6613391041755676,-0.018448786810040474,0.5190439820289612,0.6572481393814087,-0.01831328682601452,0.5406026840209961,0.6807677745819092,-0.014698387123644352,0.5059897303581238,0.6868426203727722,-0.020853880792856216,0.5122324824333191,0.6834769248962402,-0.01756126806139946,0.5210595726966858,0.6813051104545593,-0.014827507548034191,0.5382439494132996,0.7061101198196411,-0.015880364924669266,0.514250636100769,0.7119857668876648,-0.02411206066608429,0.5183685421943665,0.7128306031227112,-0.024246839806437492,0.525763213634491,0.7159515619277954,-0.02267342619597912,,,,,,,,,,,,,,,,,,,,,,,,,,,,,,,,,,,,,,,,,,,,,,,,,,,,,,,,,,,,,,,,0.5395311117172241,0.4654194712638855,-0.06725062429904938,0.999739944934845,0.9996695518493652,0.3413640856742859,0.4853163957595825,-0.12669366598129272,0.9997361898422241,0.9998052716255188,0.5663874745368958,0.7856890559196472,-0.28166109323501587,0.9910604357719421,0.9976212382316589,0.300586998462677,0.8082842230796814,-0.37169140577316284,0.993922233581543,0.9976297616958618,0.5478789210319519,0.664765477180481,-0.7457361817359924,0.9742806553840637,0.9992789626121521,0.4144825339317322,0.6771367788314819,-0.8249521255493164,0.9930365085601807,0.9995216131210327,0.4100613594055176,0.21824511885643005,-0.008527888916432858,0.3982645869255066,0.22830426692962646,0.0015590840484946966,0.48165571689605713,0.2257770150899887,0.005077243782579899,0.47084081172943115,0.21660216152668,-0.006279356777667999,0.42491841316223145,0.3356969356536865,0.0033233461435884237,0.4588741064071655,0.3346441686153412,0.0050137219950556755
66,6600,0.5234717130661011,0.6959986090660095,-1.1274484990053679e-07,0.5159779191017151,0.6622754335403442,-0.011147202923893929,0.5122259855270386,0.6313039064407349,-0.016980435699224472,0.5122025012969971,0.6103460192680359,-0.020697295665740967,0.5157150626182556,0.591661274433136,-0.023000435903668404,0.5389729142189026,0.6413896679878235,-0.015142452903091908,0.5078429579734802,0.6511189341545105,-0.023565785959362984,0.5081948041915894,0.6526176929473877,-0.02906089648604393,0.5170338153839111,0.6501654982566833,-0.03231072798371315,0.5436455011367798,0.6680129766464233,-0.01362250093370676,0.5073457956314087,0.6801146864891052,-0.018661804497241974,0.5111651420593262,0.6759910583496094,-0.019173353910446167,0.5212326645851135,0.6697326898574829,-0.02004879340529442,0.543620228767395,0.6944626569747925,-0.013125221244990826,0.5092957615852356,0.7030220031738281,-0.019204672425985336,0.5134000778198242,0.6962863802909851,-0.015428146347403526,0.5217540860176086,0.6916454434394836,-0.012219359166920185,0.5405527353286743,0.717784583568573,-0.01407425943762064,0.5155084729194641,0.7240133881568909,-0.021593531593680382,0.5186758041381836,0.7192019820213318,-0.020978890359401703,0.5264081954956055,0.7169474959373474,-0.01883334293961525,0.47921860218048096,0.6985616683959961,-1.4211208565484412e-07,0.4770662486553192,0.6620386838912964,-0.010182639583945274,0.4805298447608948,0.6337378621101379,-0.01670607179403305,0.48733872175216675,0.6218979358673096,-0.02201564982533455,0.49454641342163086,0.6132218837738037,-0.025437181815505028,0.5260412693023682,0.6148280501365662,-0.01021842285990715,0.5057465434074402,0.6176396012306213,-0.01963163912296295,0.5051398873329163,0.6237236857414246,-0.026848744601011276,0.5124272108078003,0.6258976459503174,-0.031528323888778687,0.536446213722229,0.6428415775299072,-0.009991743601858616,0.5059707760810852,0.6583996415138245,-0.01675611175596714,0.5080586075782776,0.6633026599884033,-0.01977277547121048,0.5185575485229492,0.662894070148468,-0.021515147760510445,0.5392215847969055,0.6752510666847229,-0.010946220718324184,0.5081666111946106,0.6885169744491577,-0.016900112852454185,0.5103732347488403,0.6913200616836548,-0.013880439102649689,0.5194403529167175,0.6897106170654297,-0.010986126028001308,0.5362952947616577,0.705368161201477,-0.013576353900134563,0.511202335357666,0.7138702869415283,-0.01916033774614334,0.51507568359375,0.7164328098297119,-0.017688527703285217,0.5261530876159668,0.7150973677635193,-0.014670006930828094,0.5391644239425659,0.46558845043182373,-0.08283893764019012,0.9997531771659851,0.9996504783630371,0.34118178486824036,0.4885910451412201,-0.13185979425907135,0.9997550845146179,0.9997915625572205,0.5666077733039856,0.78508061170578,-0.28332316875457764,0.9917891025543213,0.9973458647727966,0.2948780655860901,0.8123782873153687,-0.36355578899383545,0.9944704174995422,0.9974182844161987,0.5487110018730164,0.6733755469322205,-0.742759108543396,0.9767141342163086,0.9991276860237122,0.41535258293151855,0.7055466175079346,-0.8222087025642395,0.9936283826828003,0.9993459582328796,0.41159844398498535,0.2254633605480194,-0.010131553746759892,0.3996042013168335,0.23438936471939087,-8.569088822696358e-05,0.4826796054840088,0.23313388228416443,0.004098178818821907,0.47193679213523865,0.22491854429244995,-0.0074577354826033115,0.4256901144981384,0.3406955301761627,0.004335399717092514,0.4596605598926544,0.3393055200576782,0.006338339764624834
67,6700,0.5337051153182983,0.7194772958755493,-1.8967865855756827e-07,0.5190914273262024,0.6785377860069275,-0.0029731951653957367,0.5132779479026794,0.641986608505249,-0.006616038735955954,0.5143800973892212,0.6178861856460571,-0.010212919674813747,0.5197595953941345,0.6026260852813721,-0.013723919168114662,0.5393960475921631,0.6411513090133667,-0.007895226590335369,0.5076887011528015,0.6556174755096436,-0.015578440390527248,0.5077601671218872,0.6650524139404297,-0.021679498255252838,0.5160259008407593,0.6607638597488403,-0.02582177333533764,0.5448172688484192,0.6679683327674866,-0.010970834642648697,0.5063642859458923,0.6828718185424805,-0.016745969653129578,0.5101697444915771,0.6857641935348511,-0.018866946920752525,0.5199146270751953,0.6800105571746826,-0.02131618745625019,0.5461418032646179,0.6939887404441833,-0.014255582354962826,0.5087356567382812,0.7069165110588074,-0.01969892345368862,0.5118357539176941,0.7073338031768799,-0.017375482246279716,0.5215507745742798,0.7017557621002197,-0.016224218532443047,0.5438714027404785,0.7198443412780762,-0.017992420122027397,0.5139056444168091,0.7306814193725586,-0.02328547276556492,0.5167536735534668,0.7299009561538696,-0.021751563996076584,0.5268086194992065,0.7248045802116394,-0.020053420215845108,0.5136258006095886,0.6940345168113708,-1.4373536316725222e-07,0.5105067491531372,0.6610347628593445,-0.009637994691729546,0.5118447542190552,0.6363760232925415,-0.014913889579474926,0.5154038071632385,0.6213042736053467,-0.018725046887993813,0.520007312297821,0.6008068323135376,-0.02134024351835251,0.5412581562995911,0.6483492851257324,-0.011535624042153358,0.5116758942604065,0.6732125282287598,-0.019900435581803322,0.5093257427215576,0.6663729548454285,-0.027119537815451622,0.5157945156097412,0.6564050316810608,-0.03264613822102547,0.5459486842155457,0.6747766137123108,-0.011426689103245735,0.5112866759300232,0.6992841958999634,-0.017079820856451988,0.5131886005401611,0.6877293586730957,-0.01940774917602539,0.5216505527496338,0.6772018671035767,-0.02188478596508503,0.5454986691474915,0.7011740207672119,-0.012286056764423847,0.5132684707641602,0.7190302610397339,-0.018992969766259193,0.5152366161346436,0.7089968323707581,-0.015963133424520493,0.524196207523346,0.6999526619911194,-0.01362224854528904,0.5418827533721924,0.7239574790000916,-0.01461778674274683,0.5178474187850952,0.7350621223449707,-0.02197762206196785,0.5191800594329834,0.7288112044334412,-0.02133641205728054,0.5276566743850708,0.7236249446868896,-0.019619615748524666,0.5373088717460632,0.46569764614105225,-0.07721036672592163,0.9997661709785461,0.9997082352638245,0.34110885858535767,0.49030885100364685,-0.12854614853858948,0.9997722506523132,0.9997949004173279,0.566719651222229,0.7814292907714844,-0.2713358700275421,0.9924502968788147,0.9981943964958191,0.2883382737636566,0.8092593550682068,-0.3466026186943054,0.9949708580970764,0.9981536269187927,0.5495551824569702,0.6898161768913269,-0.7376160025596619,0.9789029955863953,0.9993473887443542,0.4151933193206787,0.7304087281227112,-0.7961578965187073,0.9941498637199402,0.9993442893028259,0.4134954512119293,0.23042652010917664,-0.011179758235812187,0.40134668350219727,0.23933133482933044,-0.0012683105887845159,0.48441776633262634,0.23932108283042908,0.00410589249804616,0.4738064110279083,0.2309483289718628,-0.007717185188084841,0.4268519878387451,0.3462333679199219,0.0044763521291315556,0.46075522899627686,0.3449086546897888,0.007057943381369114
68,6800,0.529310405254364,0.7099205255508423,-1.2714076547126751e-07,0.5180566310882568,0.6756669282913208,-0.00810149684548378,0.5137451887130737,0.6463757157325745,-0.012425915338099003,0.5155149102210999,0.624830961227417,-0.015564334578812122,0.5209943056106567,0.607178270816803,-0.01805131509900093,0.5406352281570435,0.651596188545227,-0.009905528277158737,0.5100713968276978,0.6664586067199707,-0.016358086839318275,0.5076133608818054,0.6688341498374939,-0.02126544713973999,0.5138352513313293,0.666157066822052,-0.024316076189279556,0.5453606247901917,0.6783385872840881,-0.010029420256614685,0.5086117386817932,0.6927988529205322,-0.0141752939671278,0.511289656162262,0.6904995441436768,-0.015640627592802048,0.5200744271278381,0.6848616003990173,-0.017471877858042717,0.5461410284042358,0.7043849229812622,-0.010953310877084732,0.5109515190124512,0.7160066366195679,-0.01644762232899666,0.514385998249054,0.7107162475585938,-0.014555676840245724,0.5219268202781677,0.7062234282493591,-0.013036818243563175,0.543505072593689,0.7284942269325256,-0.012889997102320194,0.5178571343421936,0.7372946739196777,-0.019771689549088478,0.5211129188537598,0.7345361709594727,-0.019625557586550713,0.5288732647895813,0.7332631945610046,-0.018225466832518578,0.5186670422554016,0.7022587656974792,-1.2254464820671274e-07,0.5141832232475281,0.6721683740615845,-0.012117077596485615,0.5131157040596008,0.6430255174636841,-0.019449837505817413,0.5154516100883484,0.6264433264732361,-0.024629896506667137,0.5213333368301392,0.6080645322799683,-0.02826472371816635,0.5426458716392517,0.6551073789596558,-0.017704343423247337,0.5113561153411865,0.6742337942123413,-0.02622886188328266,0.5101701617240906,0.6709475517272949,-0.03254987671971321,0.5173707008361816,0.664783775806427,-0.037505269050598145,0.5469228029251099,0.6830050349235535,-0.016215087845921516,0.5104050040245056,0.7039567828178406,-0.022026721388101578,0.5138055086135864,0.6952080726623535,-0.023297755047678947,0.5233733654022217,0.687111496925354,-0.025186117738485336,0.545835554599762,0.7108001708984375,-0.015522298403084278,0.513733983039856,0.7257197499275208,-0.022326670587062836,0.5171364545822144,0.7177281379699707,-0.018132876604795456,0.526096761226654,0.7110443711280823,-0.01488475501537323,0.5416581034660339,0.73447585105896,-0.016398528590798378,0.5219098329544067,0.7440986037254333,-0.02436608448624611,0.5267624258995056,0.7427066564559937,-0.02356189675629139,0.5365338325500488,0.7432874441146851,-0.02135857753455639,0.5364261269569397,0.46882861852645874,-0.09879442304372787,0.9997758865356445,0.9996053576469421,0.34073108434677124,0.49038657546043396,-0.1272205114364624,0.9997855424880981,0.9997095465660095,0.5659400224685669,0.7862280011177063,-0.2876105010509491,0.9929739236831665,0.9967083930969238,0.28082507848739624,0.8056409955024719,-0.33707037568092346,0.9953843355178833,0.9968472123146057,0.5495001673698425,0.7114204168319702,-0.7524479627609253,0.9808043837547302,0.9988023042678833,0.41446757316589355,0.7395275831222534,-0.7933046817779541,0.994545578956604,0.9987861514091492,0.4143747389316559,0.23338162899017334,-0.011628098785877228,0.4022502899169922,0.24188411235809326,-0.0017290521645918489,0.4858037233352661,0.2424006313085556,0.004153834190219641,0.4754469692707062,0.23425956070423126,-0.007837879471480846,0.4279956519603729,0.34872162342071533,0.004499170929193497,0.4619714617729187,0.3475344777107239,0.007275956682860851
69,6900,0.5369135737419128,0.7320790886878967,-1.6173787287243613e-07,0.5201936960220337,0.6860091090202332,-0.003523433580994606,0.5123422145843506,0.6457427144050598,-0.00830412469804287,0.5133792757987976,0.6185462474822998,-0.01306916307657957,0.5214600563049316,0.5983855724334717,-0.017792819067835808,0.5397618412971497,0.6411753296852112,-0.008326166309416294,0.5093849897384644,0.6567453742027283,-0.016553368419408798,0.5086709856987,0.665705144405365,-0.02210901491343975,0.5154680013656616,0.6613410115242004,-0.02557251788675785,0.5451484322547913,0.6694721579551697,-0.011432676576077938,0.5078729391098022,0.6846895813941956,-0.018907945603132248,0.5104603171348572,0.6883199214935303,-0.0208976361900568,0.5194507241249084,0.682705283164978,-0.02279454469680786,0.5457255244255066,0.6962034702301025,-0.015000231564044952,0.5095024704933167,0.7063844203948975,-0.022776443511247635,0.5117131471633911,0.7080667018890381,-0.02025197073817253,0.5209946632385254,0.7021390199661255,-0.018098274245858192,0.5426459312438965,0.7219265699386597,-0.01888878270983696,0.5135763883590698,0.7269530296325684,-0.02468123845756054,0.5157982110977173,0.7271666526794434,-0.022587226703763008,0.524963915348053,0.7229722738265991,-0.020244115963578224,0.5155483484268188,0.6913158297538757,-1.1832990765014983e-07,0.5124284625053406,0.6619858741760254,-0.011786659248173237,0.5126263499259949,0.6337761878967285,-0.018800651654601097,0.5154822468757629,0.6171462535858154,-0.023675231263041496,0.5210859775543213,0.5969133377075195,-0.027149805799126625,0.5421313047409058,0.6492038369178772,-0.01709936559200287,0.5125753879547119,0.6692923307418823,-0.02530372142791748,0.5112311840057373,0.6638399362564087,-0.031893469393253326,0.5182173848152161,0.6555259227752686,-0.037217020988464355,0.5460630655288696,0.6775166392326355,-0.01575148105621338,0.5120798349380493,0.6983515024185181,-0.021329497918486595,0.5144001841545105,0.6878951787948608,-0.023314084857702255,0.5234758257865906,0.67900151014328,-0.02601863257586956,0.5445713996887207,0.7049226760864258,-0.015122107230126858,0.5154451727867126,0.7193949222564697,-0.02181571163237095,0.5172686576843262,0.7097525000572205,-0.01856463961303234,0.5248199105262756,0.7030436396598816,-0.01616487465798855,0.5401412844657898,0.7282572388648987,-0.01600705273449421,0.5250555872917175,0.7391960024833679,-0.02381492592394352,0.529005229473114,0.7362676858901978,-0.02328682318329811,0.5367533564567566,0.7365047931671143,-0.021549805998802185,0.536393404006958,0.47008928656578064,-0.09611225873231888,0.9997844696044922,0.9995880722999573,0.3406071960926056,0.4910084903240204,-0.11910276114940643,0.9997987747192383,0.9997517466545105,0.5659295320510864,0.7856392860412598,-0.2861366868019104,0.9934787154197693,0.9969584941864014,0.2738831043243408,0.796042799949646,-0.3337644934654236,0.9957720637321472,0.9974595904350281,0.5489062070846558,0.7114186882972717,-0.7480248808860779,0.9825254678726196,0.9988395571708679,0.41404271125793457,0.7329041957855225,-0.7878510355949402,0.9949044585227966,0.9990575909614563,0.4148465692996979,0.23104476928710938,-0.011953075416386127,0.402709424495697,0.24005238711833954,-0.0020562997087836266,0.48564600944519043,0.24012432992458344,0.003998665139079094,0.4754643738269806,0.23148199915885925,-0.008018944412469864,0.42813029885292053,0.34643232822418213,0.004747945815324783,0.46230289340019226,0.3455435633659363,0.00761809479445219
70,7000,0.5351924300193787,0.714503288269043,-2.79053750773528e-07,0.5168768167495728,0.670678973197937,-0.0047028339467942715,0.5117740631103516,0.6304250359535217,-0.009923558682203293,0.5141285061836243,0.6029451489448547,-0.015154301188886166,0.5192974805831909,0.5835763812065125,-0.020490089431405067,0.5370941758155823,0.6246066093444824,-0.010878222994506359,0.5103176832199097,0.6359798908233643,-0.01942853070795536,0.506812334060669,0.6553798317909241,-0.025705354288220406,0.5119519233703613,0.6584753394126892,-0.03010375425219536,0.5441853404045105,0.6521003842353821,-0.014117488637566566,0.5064229369163513,0.6669131517410278,-0.022130008786916733,0.5065804719924927,0.6801883578300476,-0.02502811886370182,0.5156649351119995,0.6822744011878967,-0.027810709550976753,0.5462142825126648,0.6792283654212952,-0.017579510807991028,0.5086837410926819,0.6894088983535767,-0.026148289442062378,0.5084956884384155,0.6991811990737915,-0.02386661432683468,0.517079770565033,0.6978310346603394,-0.022137610241770744,0.5430460572242737,0.7047629952430725,-0.021418308839201927,0.5136001706123352,0.7121227383613586,-0.027589602395892143,0.5126636624336243,0.7171404957771301,-0.02462543360888958,0.5200068354606628,0.7162762880325317,-0.021728049963712692,0.4771323800086975,0.6561400294303894,-1.1288018697541702e-07,0.48847147822380066,0.6270420551300049,-0.003704974427819252,0.5021625757217407,0.609635055065155,-0.0054071987979114056,0.5135349631309509,0.5997556447982788,-0.007116973865777254,0.5188891291618347,0.5842626690864563,-0.008233021944761276,0.524215579032898,0.6164293885231018,-0.0008792723529040813,0.520255982875824,0.6357563138008118,-0.0037367804907262325,0.5232373476028442,0.641643226146698,-0.007649988867342472,0.5259400606155396,0.6433680057525635,-0.010590147227048874,0.5277183651924133,0.643142580986023,-0.0016279267147183418,0.5194544792175293,0.6664703488349915,-0.0020191161893308163,0.5224978923797607,0.6705873608589172,-0.004535132087767124,0.524756669998169,0.6722238063812256,-0.007537868805229664,0.5270594358444214,0.6697658896446228,-0.002820509485900402,0.5192978978157043,0.6881814002990723,-0.003957454115152359,0.5216492414474487,0.6912108063697815,-0.004004979971796274,0.5242059230804443,0.6921353936195374,-0.004679692909121513,0.5235962271690369,0.6933594942092896,-0.004690313246101141,0.5186587572097778,0.7092572450637817,-0.005202227272093296,0.520939826965332,0.7115128636360168,-0.0037210460286587477,0.5243736505508423,0.7116466164588928,-0.0025841542519629,0.53668612241745,0.4700452983379364,-0.07802639901638031,0.999793529510498,0.9996154308319092,0.3401951491832733,0.49112632870674133,-0.10954509675502777,0.9998123049736023,0.9998134970664978,0.5656899213790894,0.7857464551925659,-0.2680397629737854,0.993925154209137,0.9966220855712891,0.27292969822883606,0.7938361167907715,-0.33708828687667847,0.9961243271827698,0.9976146221160889,0.5404292941093445,0.6832827925682068,-0.7147692441940308,0.9840795397758484,0.9989343285560608,0.4149583876132965,0.700074315071106,-0.7886314392089844,0.9952691793441772,0.9994956254959106,0.41422659158706665,0.2252979278564453,-0.009502741508185863,0.40222907066345215,0.23436017334461212,0.00040826821350492537,0.4851156771183014,0.23254042863845825,0.005270072259008884,0.47467634081840515,0.22418813407421112,-0.006362355779856443,0.4288114905357361,0.33993464708328247,0.0033441123086959124,0.461760938167572,0.33866608142852783,0.005676761735230684
71,7100,,,,,,,,,,,,,,,,,,,,,,,,,,,,,,,,,,,,,,,,,,,,,,,,,,,,,,,,,,,,,,,,,,,,,,,,,,,,,,,,,,,,,,,,,,,,,,,,,,,,,,,,,,,,,,,,,,,,,,,,,,,,,,,0.537216305732727,0.4692824184894562,-0.06965167820453644,0.9998026490211487,0.999686598777771,0.34000515937805176,0.48749393224716187,-0.10859541594982147,0.9998242855072021,0.9998317956924438,0.5631627440452576,0.783480167388916,-0.27596360445022583,0.9943364262580872,0.9963435530662537,0.2721359133720398,0.7934233546257019,-0.3613215386867523,0.9964521527290344,0.9974308609962463,0.545788586139679,0.644175112247467,-0.7204270362854004,0.9855116009712219,0.9991961121559143,0.4148440361022949,0.6400759816169739,-0.7999610304832458,0.9956433773040771,0.9996622800827026,0.4127030670642853,0.21694988012313843,-0.00631030322983861,0.40083765983581543,0.22791728377342224,0.0031394900288432837,0.48297008872032166,0.22403407096862793,0.007781380321830511,0.4724753499031067,0.2142692506313324,-0.0032767481170594692,0.4278978109359741,0.33416813611984253,0.0014507233863696456,0.46064117550849915,0.33124011754989624,0.003631975268945098
72,7200,,,,,,,,,,,,,,,,,,,,,,,,,,,,,,,,,,,,,,,,,,,,,,,,,,,,,,,,,,,,,,,,,,,,,,,,,,,,,,,,,,,,,,,,,,,,,,,,,,,,,,,,,,,,,,,,,,,,,,,,,,,,,,,0.5375352501869202,0.4683036506175995,-0.08707160502672195,0.9998111128807068,0.9997542500495911,0.33949753642082214,0.4873506724834442,-0.10862989723682404,0.999833881855011,0.999829888343811,0.5631855726242065,0.7829017639160156,-0.3092615008354187,0.994791567325592,0.9975838661193848,0.2743229269981384,0.7944281697273254,-0.3675091862678528,0.9967520833015442,0.9979240894317627,0.5405482053756714,0.6516522169113159,-0.7668111324310303,0.9868581891059875,0.9994452595710754,0.40163230895996094,0.6204190850257874,-0.8228276371955872,0.9960030317306519,0.9997754693031311,0.4103602468967438,0.21166542172431946,-0.00541221396997571,0.3985329270362854,0.22285428643226624,0.004119010642170906,0.48095691204071045,0.21709345281124115,0.008273955434560776,0.4702473282814026,0.20789285004138947,-0.002774216467514634,0.4265277683734894,0.32880568504333496,0.0009690987062640488,0.45922964811325073,0.32597815990448,0.0029075059574097395
73,7300,0.5304628014564514,0.7246412038803101,-1.4932318492810737e-07,0.5148947238922119,0.6681323647499084,-0.0017835187027230859,0.5082823634147644,0.6157756447792053,-0.00562589056789875,0.5087201595306396,0.5788987874984741,-0.011064152233302593,0.5140565037727356,0.5570670366287231,-0.01694122888147831,0.5209062099456787,0.6120688915252686,-0.0055924877524375916,0.5145933032035828,0.5845809578895569,-0.013846566900610924,0.5132469534873962,0.5886480808258057,-0.020846616476774216,0.513663113117218,0.589324951171875,-0.02626047655940056,0.527091920375824,0.6393146514892578,-0.011224296875298023,0.5183402299880981,0.6287311315536499,-0.020930005237460136,0.5118075609207153,0.6424651741981506,-0.025254618376493454,0.5098314881324768,0.6529129147529602,-0.028206340968608856,0.5293928980827332,0.6709045171737671,-0.017349639907479286,0.5201403498649597,0.6650262475013733,-0.025584407150745392,0.5138081312179565,0.6736505031585693,-0.023969527333974838,0.51202791929245,0.6808667182922363,-0.022432073950767517,0.5282450318336487,0.704133152961731,-0.02378406934440136,0.5207809805870056,0.7009800672531128,-0.027541721239686012,0.5170019268989563,0.7040867209434509,-0.024008261039853096,0.5159156322479248,0.7082959413528442,-0.021168114617466927,0.38506290316581726,0.5851796865463257,7.513300914752108e-08,0.4166868329048157,0.5708736777305603,0.0015677646733820438,0.437394380569458,0.5392042398452759,0.0010306398617103696,0.4502177834510803,0.5163266658782959,-0.001485131331719458,0.46131232380867004,0.49558234214782715,-0.0042973048985004425,0.4291093647480011,0.5008279085159302,0.002230060053989291,0.4480784237384796,0.47125160694122314,-0.005312977824360132,0.4618616998195648,0.450717955827713,-0.012069807387888432,0.4730565845966339,0.43329644203186035,-0.017003538087010384,0.4250858724117279,0.5002474784851074,-0.004537219647318125,0.44744032621383667,0.4661433696746826,-0.011623652651906013,0.4628501534461975,0.44373589754104614,-0.01809588074684143,0.47586214542388916,0.4218176305294037,-0.0225029606372118,0.42145222425460815,0.5076659917831421,-0.011936414055526257,0.44267281889915466,0.47218450903892517,-0.019329752773046494,0.456238329410553,0.4524172246456146,-0.023227998986840248,0.46727627515792847,0.43353909254074097,-0.025561850517988205,0.4187822937965393,0.5220092535018921,-0.01943124830722809,0.4309985935688019,0.4985831081867218,-0.025641679763793945,0.43942052125930786,0.48203420639038086,-0.027371853590011597,0.44652479887008667,0.46782973408699036,-0.028273863717913628,0.5375386476516724,0.46685871481895447,-0.1139187216758728,0.99981689453125,0.9996820688247681,0.33879828453063965,0.4873555600643158,-0.12394043058156967,0.9998398423194885,0.999765932559967,0.5657497048377991,0.7836557030677795,-0.32806646823883057,0.9951797723770142,0.9963904023170471,0.2796843945980072,0.7968341112136841,-0.38101524114608765,0.9970055818557739,0.9967645406723022,0.5420796871185303,0.6616904735565186,-0.7842298746109009,0.9880477786064148,0.9990911483764648,0.39305752515792847,0.61055588722229,-0.8485406041145325,0.9963141083717346,0.9996682405471802,0.40762341022491455,0.20698043704032898,-0.004416892770677805,0.39597874879837036,0.21879328787326813,0.005207326728850603,0.4789280295372009,0.21457499265670776,0.008504905737936497,0.467964231967926,0.20447422564029694,-0.0023693980183452368,0.4240841865539551,0.3249542713165283,0.0007173448102548718,0.45687729120254517,0.32255735993385315,0.00230571161955595
74,7400,0.5300979018211365,0.7324554920196533,-1.9501875669902802e-07,0.5107192397117615,0.6783227920532227,-0.003057321533560753,0.5050913691520691,0.6300041675567627,-0.007237148936837912,0.5067606568336487,0.5961015224456787,-0.011813194490969181,0.5109179615974426,0.5714576244354248,-0.01596059463918209,0.530758798122406,0.620964527130127,-0.005845049861818552,0.5020835995674133,0.6374609470367432,-0.016803884878754616,0.5020816922187805,0.6526472568511963,-0.024192575365304947,0.5092124342918396,0.649737536907196,-0.028339551761746407,0.5380144119262695,0.6474078893661499,-0.009629758074879646,0.5006263852119446,0.6642372012138367,-0.02026616595685482,0.503805935382843,0.6721906661987305,-0.023624226450920105,0.5133252739906311,0.6671402454376221,-0.025466857478022575,0.5397623181343079,0.6745713949203491,-0.014357748441398144,0.503003716468811,0.6843962073326111,-0.02526165544986725,0.5042359232902527,0.6884670853614807,-0.023776201531291008,0.5125668048858643,0.6823768019676208,-0.021169941872358322,0.5362430810928345,0.7020723819732666,-0.019384337589144707,0.5077925324440002,0.7055225372314453,-0.02675790712237358,0.5072859525680542,0.7045080661773682,-0.02574346587061882,0.514245331287384,0.698181688785553,-0.023463329300284386,0.3890923857688904,0.5868733525276184,1.2307673102895933e-07,0.42333945631980896,0.5712854266166687,0.0021301370579749346,0.4429488182067871,0.5393674373626709,0.0016109661664813757,0.4554124176502228,0.5159772634506226,-0.001116998610086739,0.46781572699546814,0.49474605917930603,-0.004373673349618912,0.4343804121017456,0.5041665434837341,0.003432002617046237,0.4505853056907654,0.4738927185535431,-0.004517971072345972,0.464643657207489,0.4518670439720154,-0.011923480778932571,0.4767836928367615,0.433164119720459,-0.0174546018242836,0.43010586500167847,0.5044171214103699,-0.00347043271176517,0.4498591423034668,0.4702959358692169,-0.011214158497750759,0.4658133089542389,0.44774267077445984,-0.01871422305703163,0.48042455315589905,0.42614540457725525,-0.02409411408007145,0.42556995153427124,0.5121670961380005,-0.011073076166212559,0.44591009616851807,0.47765451669692993,-0.01935729570686817,0.4609643220901489,0.4577510356903076,-0.02492372877895832,0.47358787059783936,0.4395403563976288,-0.028425918892025948,0.4215075671672821,0.5270380973815918,-0.018640849739313126,0.4351184666156769,0.5064738988876343,-0.02574748545885086,0.44604983925819397,0.49127280712127686,-0.02928921952843666,0.4552827775478363,0.47740843892097473,-0.031649909913539886,0.5376952886581421,0.4657575488090515,-0.12381553649902344,0.9998211860656738,0.9996446371078491,0.338569700717926,0.4878532886505127,-0.14178666472434998,0.999844491481781,0.9997449517250061,0.566070556640625,0.78302001953125,-0.343720018863678,0.9954915046691895,0.9958041310310364,0.2867485582828522,0.8031501173973083,-0.4049305319786072,0.9972224831581116,0.9962691068649292,0.5498882532119751,0.6610193848609924,-0.7994280457496643,0.9890813827514648,0.9988529682159424,0.3945678174495697,0.606606662273407,-0.8669053912162781,0.9965816736221313,0.9996217489242554,0.4051659405231476,0.20623336732387543,-0.00489976117387414,0.39364659786224365,0.21833154559135437,0.005023980513215065,0.47766056656837463,0.21173277497291565,0.007733372040092945,0.46648502349853516,0.2018270343542099,-0.003253488102927804,0.4218750596046448,0.3245568871498108,0.0015572905540466309,0.45605531334877014,0.32229363918304443,0.0027321006637066603
75,7500,,,,,,,,,,,,,,,,,,,,,,,,,,,,,,,,,,,,,,,,,,,,,,,,,,,,,,,,,,,,,,,,0.416825532913208,0.5622294545173645,1.8337271256996246e-08,0.43175268173217773,0.5343443155288696,-0.0016441745683550835,0.43475088477134705,0.5008606910705566,-0.005896665155887604,0.425268292427063,0.4745742976665497,-0.01102109532803297,0.41596728563308716,0.4584370255470276,-0.01696799322962761,0.44772660732269287,0.4857757091522217,-0.006773152854293585,0.4633922278881073,0.46087169647216797,-0.014327584765851498,0.4725010395050049,0.4542059302330017,-0.02044047974050045,0.48025092482566833,0.44929927587509155,-0.025208454579114914,0.44773969054222107,0.49719473719596863,-0.011883937753736973,0.46626001596450806,0.4673426151275635,-0.019579527899622917,0.47673460841178894,0.45809006690979004,-0.024742290377616882,0.48638421297073364,0.44927921891212463,-0.028701994568109512,0.44711384177207947,0.5145943760871887,-0.017460975795984268,0.4649541676044464,0.4869694113731384,-0.026680199429392815,0.4760247766971588,0.4756922125816345,-0.031019510701298714,0.486924409866333,0.46212509274482727,-0.034084875136613846,0.44593894481658936,0.5361546874046326,-0.02273128367960453,0.45792829990386963,0.5285975933074951,-0.029759954661130905,0.46692660450935364,0.5232840180397034,-0.030980248004198074,0.47583261132240295,0.5149242281913757,-0.03210598602890968,0.5371390581130981,0.4638809561729431,-0.09215716272592545,0.9998232126235962,0.9995383024215698,0.3379504084587097,0.48787716031074524,-0.14469262957572937,0.999848484992981,0.9997459053993225,0.5633670091629028,0.7815604209899902,-0.31905296444892883,0.9956657886505127,0.9938847422599792,0.2902708649635315,0.8051149845123291,-0.41803765296936035,0.9974217414855957,0.9953497052192688,0.5395938754081726,0.6309013962745667,-0.7606732249259949,0.9899322390556335,0.998561680316925,0.40584078431129456,0.6000711917877197,-0.8574516177177429,0.9968154430389404,0.9995150566101074,0.40444880723953247,0.20959770679473877,-0.0054664043709635735,0.3927769064903259,0.220929816365242,0.004479941446334124,0.476402223110199,0.21627061069011688,0.007450080011039972,0.4653223752975464,0.20657506585121155,-0.003614831017330289,0.42060747742652893,0.32771557569503784,0.001536839408800006,0.4543399214744568,0.3262629508972168,0.0028979675844311714
76,7600,,,,,,,,,,,,,,,,,,,,,,,,,,,,,,,,,,,,,,,,,,,,,,,,,,,,,,,,,,,,,,,,0.4199674427509308,0.6075027585029602,1.375910727574592e-07,0.4427259862422943,0.593535840511322,-0.0014094727812334895,0.45897749066352844,0.5684540867805481,-0.004287196323275566,0.472689688205719,0.549014687538147,-0.008258801884949207,0.48586559295654297,0.5355312824249268,-0.012515182606875896,0.44395536184310913,0.5313650369644165,-0.005932648200541735,0.46086585521698,0.5054900646209717,-0.015453612431883812,0.47559571266174316,0.48631709814071655,-0.022327890619635582,0.4878139793872833,0.47233691811561584,-0.027214745059609413,0.4422875642776489,0.5325320959091187,-0.011215217411518097,0.46518003940582275,0.5067997574806213,-0.020300185307860374,0.4829064607620239,0.49147453904151917,-0.026201818138360977,0.4981112480163574,0.4800594449043274,-0.03006250597536564,0.4419819414615631,0.5447622537612915,-0.017019208520650864,0.4641321897506714,0.5185601711273193,-0.026709996163845062,0.47951754927635193,0.5062860250473022,-0.03054424375295639,0.4922621250152588,0.497434139251709,-0.032442282885313034,0.4423615634441376,0.5649291276931763,-0.02285938709974289,0.4544700086116791,0.5498644113540649,-0.031242679804563522,0.4640023410320282,0.5392094254493713,-0.033591289073228836,0.4731920659542084,0.5305469036102295,-0.034665755927562714,0.5373742580413818,0.4678543508052826,-0.09344296157360077,0.9998233914375305,0.9994415640830994,0.33743518590927124,0.48863402009010315,-0.1390143185853958,0.9998530745506287,0.9997362494468689,0.560623049736023,0.7823494076728821,-0.3172527551651001,0.9957877397537231,0.9932752847671509,0.2939379811286926,0.8068532943725586,-0.40006524324417114,0.9975723028182983,0.9951932430267334,0.5269312262535095,0.63536137342453,-0.7512708306312561,0.9906416535377502,0.9981805086135864,0.41155004501342773,0.6113912463188171,-0.8455444574356079,0.9969817996025085,0.9993791580200195,0.40409597754478455,0.21428824961185455,-0.0061578103341162205,0.392647922039032,0.22549563646316528,0.003901691408827901,0.47623106837272644,0.22014737129211426,0.006664620246738195,0.46510595083236694,0.21072420477867126,-0.004442038480192423,0.42082375288009644,0.333487868309021,0.001991080120205879,0.4541832506656647,0.3311287760734558,0.0032393387518823147
77,7700,,,,,,,,,,,,,,,,,,,,,,,,,,,,,,,,,,,,,,,,,,,,,,,,,,,,,,,,,,,,,,,,0.421284556388855,0.6388555765151978,8.57506918805484e-08,0.449266642332077,0.6344234943389893,-0.00027990585658699274,0.4664970636367798,0.6141452789306641,-0.0007367939688265324,0.4782116711139679,0.5984342694282532,-0.002500265371054411,0.4881623387336731,0.5848151445388794,-0.004229126498103142,0.45446449518203735,0.5697177648544312,0.0031525585800409317,0.4750214219093323,0.5607725977897644,-0.002301209606230259,0.49037855863571167,0.5534493327140808,-0.00810648500919342,0.5021170973777771,0.5472874641418457,-0.012658748775720596,0.45204958319664,0.5709899067878723,-0.0006648231064900756,0.474369078874588,0.5596171021461487,-0.005494414828717709,0.4898090958595276,0.553912341594696,-0.010164931416511536,0.5031622648239136,0.5466325879096985,-0.013721289113163948,0.45210376381874084,0.5812494158744812,-0.005288511049002409,0.47310662269592285,0.5671466588973999,-0.010885686613619328,0.4862867593765259,0.5609748959541321,-0.013038955628871918,0.49699270725250244,0.5550447702407837,-0.014299029484391212,0.4544176161289215,0.5978821516036987,-0.010242223739624023,0.4676182270050049,0.5862606763839722,-0.014477628283202648,0.4765026867389679,0.5783234238624573,-0.015135894529521465,0.4845806658267975,0.5717179775238037,-0.015459835529327393,0.5370007753372192,0.4679219126701355,-0.09753361344337463,0.999825656414032,0.9995417594909668,0.3366890847682953,0.48866912722587585,-0.13950607180595398,0.999858021736145,0.9997543692588806,0.5604740381240845,0.7828172445297241,-0.3139342963695526,0.9959222078323364,0.9944506883621216,0.2958669364452362,0.8091050982475281,-0.39197710156440735,0.9977130889892578,0.9956241250038147,0.5277217626571655,0.6385929584503174,-0.7535330057144165,0.9913226962089539,0.9983752965927124,0.4111498296260834,0.6399034857749939,-0.8434810638427734,0.9971336126327515,0.9993294477462769,0.4035230875015259,0.21986520290374756,-0.007464022841304541,0.3920125663280487,0.2305949628353119,0.002766756806522608,0.47573184967041016,0.2254123091697693,0.005101330112665892,0.46461570262908936,0.21645858883857727,-0.006052571814507246,0.4199492335319519,0.3382049798965454,0.0031099095940589905,0.45325443148612976,0.33587294816970825,0.004111973103135824
78,7800,,,,,,,,,,,,,,,,,,,,,,,,,,,,,,,,,,,,,,,,,,,,,,,,,,,,,,,,,,,,,,,,0.42068779468536377,0.6737850904464722,9.048498128549909e-08,0.4469185471534729,0.6709319353103638,0.0021654225420206785,0.4635998010635376,0.6494607329368591,0.0022927934769541025,0.4747888743877411,0.6358888149261475,0.0007460180204361677,0.4838671386241913,0.6255802512168884,-0.0009804199216887355,0.4524925649166107,0.6033339500427246,0.0030514837708324194,0.4721055030822754,0.5934543609619141,-0.0023465799167752266,0.48775142431259155,0.584699273109436,-0.0077783651649951935,0.49947571754455566,0.5773292779922485,-0.011896970681846142,0.45043742656707764,0.6050231456756592,-0.001962680136784911,0.47234103083610535,0.5924263596534729,-0.006475967355072498,0.487700879573822,0.5848701000213623,-0.010461005382239819,0.5005331039428711,0.5768300890922546,-0.013412748463451862,0.45024600625038147,0.6158856749534607,-0.007451110985130072,0.4714304506778717,0.5994337797164917,-0.011865178123116493,0.4857037663459778,0.5892019271850586,-0.013457010500133038,0.49708837270736694,0.5798677206039429,-0.014384417794644833,0.4522778391838074,0.6333086490631104,-0.0131138376891613,0.46595919132232666,0.6174539923667908,-0.01637549139559269,0.47546449303627014,0.6055158376693726,-0.016634581610560417,0.48352572321891785,0.5960556268692017,-0.016692686825990677,0.5367589592933655,0.46789661049842834,-0.11779850721359253,0.9998305439949036,0.999647855758667,0.336137980222702,0.4887167513370514,-0.14331185817718506,0.9998644590377808,0.9998006224632263,0.5604881048202515,0.7854953408241272,-0.3189935088157654,0.99611496925354,0.9960923790931702,0.2950107753276825,0.8109168410301208,-0.3805578947067261,0.9978464245796204,0.9966732263565063,0.5306687951087952,0.6483979821205139,-0.7683724761009216,0.9920048117637634,0.9988632202148438,0.41097766160964966,0.6746100783348083,-0.8433564901351929,0.9972827434539795,0.9994127750396729,0.40318870544433594,0.22220978140830994,-0.008341995999217033,0.39170995354652405,0.23193350434303284,0.0020366699900478125,0.47637420892715454,0.22677695751190186,0.004335062112659216,0.4651586413383484,0.21862371265888214,-0.006933537311851978,0.42008453607559204,0.3399994671344757,0.003494257340207696,0.45339807868003845,0.3384849727153778,0.004537394270300865
79,7900,0.5204986929893494,0.7229886651039124,-2.742183653481334e-07,0.5053282976150513,0.6747546195983887,-0.003215072676539421,0.4996514320373535,0.6298431754112244,-0.007459047716110945,0.5005379319190979,0.6038179993629456,-0.012346216477453709,0.5064084529876709,0.597339391708374,-0.016529787331819534,0.5220847129821777,0.6093763709068298,-0.009101084433495998,0.5024207234382629,0.5959175229072571,-0.018544187769293785,0.49549782276153564,0.6218239665031433,-0.02321193553507328,0.49878638982772827,0.631868302822113,-0.026043973863124847,0.5310055613517761,0.6327229738235474,-0.012950277887284756,0.4961240887641907,0.6397190093994141,-0.021468887105584145,0.49505797028541565,0.6584839820861816,-0.021841993555426598,0.5038654208183289,0.6595211029052734,-0.021813947707414627,0.5348661541938782,0.6613295674324036,-0.01736304722726345,0.49787259101867676,0.6740192770957947,-0.023397410288453102,0.4986371695995331,0.6853448152542114,-0.018620647490024567,0.508204460144043,0.6822608709335327,-0.015411132015287876,0.5335134267807007,0.6898842453956604,-0.02241901122033596,0.5013496279716492,0.7029459476470947,-0.025198008865118027,0.5023935437202454,0.709782063961029,-0.020625201985239983,0.5112662315368652,0.7076680064201355,-0.016857674345374107,0.4206521511077881,0.6903324127197266,1.1364812024794446e-07,0.4471672773361206,0.6902044415473938,5.113063889439218e-05,0.46382737159729004,0.6714901328086853,-0.0006726537831127644,0.47436127066612244,0.658301591873169,-0.002727414481341839,0.48252326250076294,0.645666241645813,-0.004817342385649681,0.45481646060943604,0.6236435174942017,0.0019362978637218475,0.47351595759391785,0.6115832924842834,-0.004014271777123213,0.48821157217025757,0.6012133359909058,-0.009899820201098919,0.49951040744781494,0.5914629697799683,-0.014166274107992649,0.45268920063972473,0.6235261559486389,-0.0020561038982123137,0.4733244478702545,0.6106728315353394,-0.007181969005614519,0.48756304383277893,0.6021298170089722,-0.011463784612715244,0.49978333711624146,0.5924143195152283,-0.014393412508070469,0.45201054215431213,0.6311107873916626,-0.006726245861500502,0.471766859292984,0.6161763072013855,-0.011476394720375538,0.4852454662322998,0.606135904788971,-0.012892899103462696,0.4963657557964325,0.5964665412902832,-0.013476483523845673,0.4530085325241089,0.6450295448303223,-0.011799335479736328,0.46697601675987244,0.6308814287185669,-0.01501959003508091,0.4771430790424347,0.6201415061950684,-0.014989232644438744,0.48604628443717957,0.6116994619369507,-0.014644715003669262,0.5366936922073364,0.46787121891975403,-0.12099458277225494,0.9998359084129333,0.9997101426124573,0.3360383212566376,0.48935437202453613,-0.14355508983135223,0.9998704195022583,0.999809205532074,0.5609586834907532,0.7843077182769775,-0.32126447558403015,0.9963517785072327,0.997168242931366,0.2887199819087982,0.8122351169586182,-0.3766164481639862,0.9979844093322754,0.9972570538520813,0.5367792248725891,0.6726188659667969,-0.7754916548728943,0.9926709532737732,0.9991870522499084,0.41074395179748535,0.690427839756012,-0.842620849609375,0.997438907623291,0.9994687438011169,0.4035012722015381,0.22328707575798035,-0.008017722517251968,0.39208248257637024,0.232886403799057,0.0022609864827245474,0.47658446431159973,0.22804568707942963,0.004338177852332592,0.46540898084640503,0.21988674998283386,-0.006768233608454466,0.42014408111572266,0.341500461101532,0.0033786562271416187,0.45323896408081055,0.3401479125022888,0.004336444195359945
80,8000,0.5189912915229797,0.7152405977249146,-1.5258012808772037e-07,0.505865752696991,0.6737708449363708,-0.0060156481340527534,0.5005475878715515,0.6387934684753418,-0.0100684380158782,0.5010976791381836,0.6145516633987427,-0.013383867219090462,0.5073518753051758,0.603558361530304,-0.015967996791005135,0.5276005864143372,0.6343017220497131,-0.006797218229621649,0.49820855259895325,0.6523710489273071,-0.013776266947388649,0.4967305660247803,0.6593023538589478,-0.01920926757156849,0.503803551197052,0.6542590856552124,-0.02269211784005165,0.5352994203567505,0.6613778471946716,-0.007965120486915112,0.49622759222984314,0.6807149648666382,-0.01328397449105978,0.5001497864723206,0.6809476613998413,-0.015553410165011883,0.5092070698738098,0.6730979681015015,-0.017512310296297073,0.5376235842704773,0.6891672611236572,-0.009851827286183834,0.49893954396247864,0.7040988206863403,-0.015335647389292717,0.5038238167762756,0.7007839679718018,-0.013676458969712257,0.5125028491020203,0.6942870020866394,-0.012137403711676598,0.5351384878158569,0.7156546115875244,-0.012509182095527649,0.5048251748085022,0.7268027663230896,-0.01850559562444687,0.5073444843292236,0.7228316068649292,-0.01808254048228264,0.5147531628608704,0.717272937297821,-0.016397248953580856,0.4224519729614258,0.7052120566368103,1.0840181374760505e-07,0.4448879361152649,0.7041593194007874,0.0005518794641830027,0.4614674150943756,0.6874098777770996,-0.00019046591478399932,0.4738120436668396,0.676928699016571,-0.002368202432990074,0.48467740416526794,0.6700950264930725,-0.004548791795969009,0.4555494487285614,0.6422847509384155,0.003828911343589425,0.47443434596061707,0.6300233602523804,-0.0011815994512289762,0.48882630467414856,0.6206530928611755,-0.006322045810520649,0.4994276463985443,0.6128498911857605,-0.009980877861380577,0.4540957808494568,0.6412725448608398,-4.279252971173264e-05,0.4740528464317322,0.6279513239860535,-0.004409797955304384,0.4876188635826111,0.6199014782905579,-0.008537804707884789,0.4992823302745819,0.611253559589386,-0.011271178722381592,0.4543820917606354,0.6470720767974854,-0.004559495951980352,0.4730191230773926,0.6308681964874268,-0.008208670653402805,0.4854741394519806,0.62176913022995,-0.009071501903235912,0.4959127902984619,0.613323986530304,-0.0093852449208498,0.45623472332954407,0.6586382985115051,-0.009479096159338951,0.46923527121543884,0.6434992551803589,-0.011459758505225182,0.47849082946777344,0.6331446170806885,-0.010671481490135193,0.48668956756591797,0.625350832939148,-0.009839839302003384,0.5367982983589172,0.46783608198165894,-0.1250094771385193,0.9998408555984497,0.999707043170929,0.33599358797073364,0.4903058707714081,-0.14410528540611267,0.9998756051063538,0.9998012185096741,0.5646985769271851,0.7831917405128479,-0.3211330473423004,0.9966078400611877,0.9976378679275513,0.2829436659812927,0.8122783303260803,-0.3746800422668457,0.998121440410614,0.9975685477256775,0.5387412309646606,0.6824718713760376,-0.7748607397079468,0.9932937026023865,0.9992683529853821,0.4099027216434479,0.701560914516449,-0.8426021337509155,0.9975904822349548,0.9995013475418091,0.4044433832168579,0.22615459561347961,-0.009158989414572716,0.39283648133277893,0.23613613843917847,0.0011814857134595513,0.4773522913455963,0.2326163351535797,0.0043926178477704525,0.4663606584072113,0.2241596281528473,-0.007195459678769112,0.4201059937477112,0.34382396936416626,0.0038834521546959877,0.45417320728302,0.341935932636261,0.005302359815686941
81,8100,0.51202791929245,0.7177366614341736,-1.6403893710048578e-07,0.502368688583374,0.6843587160110474,-0.008901720866560936,0.4984264075756073,0.652572512626648,-0.013279595412313938,0.4988219738006592,0.6299383640289307,-0.016070464625954628,0.5032433867454529,0.6147863864898682,-0.017528317868709564,0.5281433463096619,0.6494308710098267,-0.011653289198875427,0.5017774701118469,0.662756621837616,-0.01766403764486313,0.4959461987018585,0.6702237725257874,-0.021152889356017113,0.4994454085826874,0.6702200770378113,-0.023272499442100525,0.5353372693061829,0.6748343706130981,-0.011166124604642391,0.5013968348503113,0.6913055777549744,-0.015188666991889477,0.4984360337257385,0.6950321197509766,-0.016055181622505188,0.5033860206604004,0.692357063293457,-0.0170902106910944,0.5369889140129089,0.7023687362670898,-0.011395402252674103,0.5054538249969482,0.7166712880134583,-0.017455190420150757,0.5023791193962097,0.716308057308197,-0.015931369736790657,0.5048654079437256,0.7143678665161133,-0.014305337332189083,0.5350172519683838,0.7281997799873352,-0.01249308418482542,0.515718400478363,0.7402395009994507,-0.019723456352949142,0.5119233727455139,0.7434520125389099,-0.019603068009018898,0.5120861530303955,0.7470508813858032,-0.017863964661955833,0.42033034563064575,0.7211323976516724,9.639369125125086e-08,0.44225388765335083,0.7210975289344788,0.0009572741691954434,0.45947420597076416,0.7030971646308899,0.00047784156049601734,0.4720080494880676,0.6909841299057007,-0.00116629374679178,0.482119083404541,0.6809543371200562,-0.002708691405132413,0.4537559151649475,0.6599863767623901,0.0022773430682718754,0.4728432893753052,0.651113748550415,-0.0031986134126782417,0.4884330630302429,0.6485919952392578,-0.008767172694206238,0.49924254417419434,0.6487752199172974,-0.012449893169105053,0.45280885696411133,0.6621150970458984,-0.00114488136023283,0.47294461727142334,0.6517459154129028,-0.004985799081623554,0.48700475692749023,0.6498634219169617,-0.008565256372094154,0.4981890916824341,0.6491480469703674,-0.01117352768778801,0.4532882869243622,0.6719915270805359,-0.005048924125730991,0.4728411138057709,0.6610058546066284,-0.00829985085874796,0.48647385835647583,0.6591134667396545,-0.008773325942456722,0.49723541736602783,0.6585437655448914,-0.009059744887053967,0.4546342194080353,0.6877843737602234,-0.009212511591613293,0.4696139693260193,0.6798330545425415,-0.010975353419780731,0.48072654008865356,0.6764901876449585,-0.00991151761263609,0.48980003595352173,0.6753365993499756,-0.008994024246931076,0.5361088514328003,0.46807026863098145,-0.1355588138103485,0.9998464584350586,0.9997451901435852,0.3358715772628784,0.4905439019203186,-0.1447393000125885,0.9998802542686462,0.9997952580451965,0.5657972097396851,0.78019779920578,-0.32650408148765564,0.996850311756134,0.9979671835899353,0.2780129909515381,0.8104294538497925,-0.3693923056125641,0.9982428550720215,0.9977147579193115,0.540756344795227,0.6939376592636108,-0.7836353778839111,0.9938637614250183,0.9993103742599487,0.4065611958503723,0.7177732586860657,-0.8478589057922363,0.997724711894989,0.9994213581085205,0.4045003652572632,0.2296132594347,-0.009024444036185741,0.39305028319358826,0.23918217420578003,0.0012720116646960378,0.4770365357398987,0.2347709834575653,0.003884025616571307,0.46608054637908936,0.22670148313045502,-0.0074351136572659016,0.4205683767795563,0.34707188606262207,0.003850978799164295,0.45332324504852295,0.34540224075317383,0.00494872871786356
82,8200,0.5323452353477478,0.7397111058235168,-1.5996569402432215e-07,0.5140612125396729,0.6983775496482849,-0.004459685180336237,0.5024431943893433,0.6635837554931641,-0.011469351127743721,0.4989580512046814,0.6410902738571167,-0.018128948286175728,0.505422055721283,0.6282816529273987,-0.024517828598618507,0.5261511206626892,0.6539470553398132,-0.016405612230300903,0.4963497519493103,0.6712796092033386,-0.025937777012586594,0.4990004599094391,0.6821885108947754,-0.03047206997871399,0.5065131187438965,0.6756314635276794,-0.03330071270465851,0.5349805951118469,0.6797178983688354,-0.0196252278983593,0.49754661321640015,0.7017396092414856,-0.028535107150673866,0.5021427869796753,0.706179141998291,-0.02913796715438366,0.5107769966125488,0.6967804431915283,-0.03012312762439251,0.5382818579673767,0.7063040733337402,-0.022958461195230484,0.5016266107559204,0.7244167923927307,-0.03071225993335247,0.5038933753967285,0.7241195440292358,-0.026946643367409706,0.5120348930358887,0.7144767045974731,-0.024346597492694855,0.5372922420501709,0.7328034043312073,-0.026646612212061882,0.5064695477485657,0.74325031042099,-0.03255704417824745,0.504085898399353,0.7383794784545898,-0.030692148953676224,0.507979691028595,0.7277535200119019,-0.02885717712342739,0.49379533529281616,0.715793788433075,-2.0401090239374753e-07,0.48873040080070496,0.6847954392433167,-0.00888650119304657,0.48578864336013794,0.6533726453781128,-0.01431940495967865,0.4854013919830322,0.6336591243743896,-0.0193596463650465,0.4889146387577057,0.6214341521263123,-0.022971170023083687,0.5208573341369629,0.6424762010574341,-0.010031186044216156,0.4988495409488678,0.655392587184906,-0.019402915611863136,0.4938725531101227,0.6674292087554932,-0.02626715414226055,0.4977046549320221,0.6705794930458069,-0.030743861570954323,0.5311972498893738,0.6667348742485046,-0.010728824883699417,0.5023505687713623,0.6879503726959229,-0.01730583980679512,0.49677830934524536,0.6965869665145874,-0.01989702135324478,0.500069797039032,0.6963445544242859,-0.021907584741711617,0.5349360704421997,0.6952094435691833,-0.01262590754777193,0.5052017569541931,0.7136616110801697,-0.019622813910245895,0.49987804889678955,0.7178204655647278,-0.018546143546700478,0.5038650035858154,0.7142783403396606,-0.01768587902188301,0.5336201190948486,0.7225672602653503,-0.01583455689251423,0.5097907185554504,0.7371865510940552,-0.02086586132645607,0.5036982297897339,0.7381924390792847,-0.02006913162767887,0.5054817199707031,0.7339609861373901,-0.018878137692809105,0.5359699130058289,0.4693348705768585,-0.1350296586751938,0.999854326248169,0.9998158812522888,0.3353279232978821,0.49219340085983276,-0.1435079127550125,0.999886691570282,0.9998493194580078,0.5674296617507935,0.7794780135154724,-0.3261166512966156,0.9970904588699341,0.9985431432723999,0.27304625511169434,0.8104322552680969,-0.3583657145500183,0.9983736872673035,0.9983172416687012,0.5422235727310181,0.7092840671539307,-0.7874817252159119,0.994403064250946,0.9995338916778564,0.4068213403224945,0.7262609004974365,-0.8383610844612122,0.9978747367858887,0.9995338916778564,0.4043119549751282,0.2297782301902771,-0.009031745605170727,0.3928905427455902,0.2390960156917572,0.0013610214227810502,0.4773145318031311,0.2344883680343628,0.003634175518527627,0.4663350582122803,0.2265954613685608,-0.007658402901142836,0.4204259216785431,0.34694206714630127,0.003935292363166809,0.4531824588775635,0.3463711142539978,0.004921774845570326
83,8300,0.5198222994804382,0.7411973476409912,-1.5355260529759107e-07,0.5078379511833191,0.7052684426307678,-0.006523383315652609,0.5019897222518921,0.6722498536109924,-0.01148823369294405,0.5013784766197205,0.6488242149353027,-0.015739934518933296,0.5053726434707642,0.632323145866394,-0.01920502632856369,0.5266693234443665,0.6562108993530273,-0.011797570623457432,0.502568244934082,0.6633206605911255,-0.020364105701446533,0.49782082438468933,0.6781997680664062,-0.02462736889719963,0.5019192099571228,0.6833140254020691,-0.027055377140641212,0.5344551205635071,0.6792892813682556,-0.01336667314171791,0.5001283288002014,0.6928588151931763,-0.02090349607169628,0.4999254047870636,0.7015190720558167,-0.022005494683980942,0.5062434077262878,0.7006227374076843,-0.022568093612790108,0.537146806716919,0.7071038484573364,-0.015686210244894028,0.5022436380386353,0.7216967344284058,-0.02327738329768181,0.5031933784484863,0.7224547863006592,-0.021189624443650246,0.5098106265068054,0.7173498272895813,-0.019013943150639534,0.5355604290962219,0.7347694039344788,-0.018568990752100945,0.5061057806015015,0.7438533306121826,-0.025842968374490738,0.5032776594161987,0.7405529022216797,-0.025653628632426262,0.5067108869552612,0.7350636720657349,-0.024037938565015793,0.5088986754417419,0.7212895750999451,-1.9387226757316967e-07,0.5032733678817749,0.6902385950088501,-0.010491549037396908,0.5005403757095337,0.6623542308807373,-0.016583768650889397,0.5005492568016052,0.6455996036529541,-0.021517399698495865,0.5034080743789673,0.6323578357696533,-0.025305146351456642,0.5313341021537781,0.6634579300880432,-0.01207468006759882,0.5059854388237,0.6787357926368713,-0.02094215713441372,0.4994605481624603,0.68385910987854,-0.0279969722032547,0.5036701560020447,0.6824183464050293,-0.03298129886388779,0.5373411774635315,0.6908797025680542,-0.011978120543062687,0.5060225129127502,0.7073989510536194,-0.018199626356363297,0.5003899931907654,0.7059383988380432,-0.02096368931233883,0.5043666362762451,0.6992504000663757,-0.023517625406384468,0.5377765893936157,0.7186043858528137,-0.013049393892288208,0.5066774487495422,0.7296480536460876,-0.020597459748387337,0.5015847086906433,0.7271520495414734,-0.019394082948565483,0.5051330924034119,0.7213387489318848,-0.018263664096593857,0.5347365140914917,0.7427066564559937,-0.01537930965423584,0.5116620063781738,0.7492257356643677,-0.02166173607110977,0.5052635669708252,0.7455257177352905,-0.0206996388733387,0.5056366920471191,0.7408881187438965,-0.01920810528099537,0.5361446738243103,0.4699234366416931,-0.13549213111400604,0.9998611807823181,0.9997946619987488,0.3352867066860199,0.49266868829727173,-0.13647237420082092,0.9998921155929565,0.9998251795768738,0.5705978870391846,0.7794694900512695,-0.337144672870636,0.9973040223121643,0.9984650611877441,0.27093562483787537,0.8084380030632019,-0.3438532054424286,0.998488187789917,0.9982444047927856,0.5436236262321472,0.7164517045021057,-0.8081728219985962,0.9948849678039551,0.9995253086090088,0.4063391089439392,0.7329763770103455,-0.8271055221557617,0.9980013370513916,0.9994474053382874,0.4041949510574341,0.2277076542377472,-0.009110186249017715,0.3926814794540405,0.23754724860191345,0.0010537068592384458,0.47685807943344116,0.23393742740154266,0.0041612284258008,0.4659973084926605,0.22558608651161194,-0.007190384436398745,0.420715868473053,0.34486937522888184,0.003718304680660367,0.4528353810310364,0.3447728753089905,0.0050937458872795105
84,8400,0.5359202027320862,0.725982666015625,-1.5135371711494372e-07,0.5178202986717224,0.690558671951294,-0.006549210287630558,0.506933867931366,0.6589416861534119,-0.012828661128878593,0.5020644068717957,0.64070063829422,-0.01869104616343975,0.5067237615585327,0.6347255110740662,-0.0248273815959692,0.5304240584373474,0.6552425026893616,-0.017845865339040756,0.5073381662368774,0.6684406995773315,-0.027650387957692146,0.5018022656440735,0.6794977784156799,-0.03318474814295769,0.5024523138999939,0.6791760921478271,-0.03675776720046997,0.5394294857978821,0.6817764043807983,-0.020362505689263344,0.5139002799987793,0.7026534080505371,-0.03111218474805355,0.5047600865364075,0.7066600322723389,-0.034565605223178864,0.5017426609992981,0.7021566033363342,-0.03742564842104912,0.5426578521728516,0.709193766117096,-0.023214539512991905,0.5163761377334595,0.7296085953712463,-0.034090396016836166,0.5054756999015808,0.7292667627334595,-0.034861769527196884,0.50222247838974,0.7218862771987915,-0.03464239090681076,0.5402017831802368,0.7351773977279663,-0.026432640850543976,0.5165775418281555,0.7451152205467224,-0.03455978259444237,0.5044780969619751,0.7434305548667908,-0.03530622646212578,0.4990644156932831,0.7383214831352234,-0.03533937409520149,0.42066335678100586,0.7296539545059204,7.135889745768509e-08,0.43025216460227966,0.6964319944381714,0.0032219290733337402,0.44651737809181213,0.6683420538902283,8.057781087700278e-05,0.46219828724861145,0.6527654528617859,-0.004427249077707529,0.4731324017047882,0.6462464928627014,-0.009745586663484573,0.4534311592578888,0.6407421827316284,-0.00899450108408928,0.4779992699623108,0.641212522983551,-0.01675759069621563,0.4943484961986542,0.6450571417808533,-0.021613208577036858,0.5061102509498596,0.6480518579483032,-0.024845799431204796,0.45466431975364685,0.6582804918289185,-0.015110250562429428,0.4778522849082947,0.6637150645256042,-0.02026781626045704,0.4915132522583008,0.6727895140647888,-0.021674830466508865,0.5013123750686646,0.6795440316200256,-0.023575348779559135,0.45449280738830566,0.6845095157623291,-0.0206944290548563,0.4748830199241638,0.6875866055488586,-0.024481607601046562,0.48833149671554565,0.6935903429985046,-0.02330072596669197,0.49823567271232605,0.6973808407783508,-0.023657115176320076,0.4533531963825226,0.7148979306221008,-0.02612680196762085,0.46495646238327026,0.7157130837440491,-0.028032097965478897,0.47648924589157104,0.7164713740348816,-0.026758922263979912,0.4874893128871918,0.7157829999923706,-0.026544691994786263,0.5364370346069336,0.47008562088012695,-0.13456562161445618,0.9998672008514404,0.9997825026512146,0.33531996607780457,0.4933048188686371,-0.12917053699493408,0.999897301197052,0.9998325109481812,0.5706954598426819,0.7795339822769165,-0.3360867202281952,0.9974856972694397,0.9983501434326172,0.2691885232925415,0.8076062798500061,-0.3382537066936493,0.9985870718955994,0.9982892870903015,0.5452854037284851,0.7175015211105347,-0.8073293566703796,0.9953086972236633,0.9994736313819885,0.4054815173149109,0.7318947911262512,-0.8260189890861511,0.9981127381324768,0.9995018243789673,0.4041547477245331,0.22446957230567932,-0.008280262351036072,0.3926042914390564,0.23479372262954712,0.0017603726591914892,0.4760282337665558,0.231848806142807,0.00497469725087285,0.46520182490348816,0.22264668345451355,-0.00624966761097312,0.4195685088634491,0.34175682067871094,0.00333542563021183,0.45228537917137146,0.3414936065673828,0.004799835383892059
85,8500,0.5220369696617126,0.7217506170272827,-1.6697393334652588e-07,0.5115121006965637,0.6858921051025391,-0.004316436126828194,0.5061440467834473,0.6568518877029419,-0.008599684573709965,0.5042881369590759,0.6345836520195007,-0.01251395232975483,0.5053144693374634,0.6163397431373596,-0.01645977422595024,0.5300217270851135,0.6436523795127869,-0.010941840708255768,0.5084635019302368,0.6517447233200073,-0.018464066088199615,0.49881139397621155,0.6649339199066162,-0.02273302711546421,0.4976922869682312,0.6709613800048828,-0.025397134944796562,0.5355030298233032,0.6684910655021667,-0.01339789479970932,0.5055930614471436,0.6777013540267944,-0.019633756950497627,0.4976012706756592,0.6853447556495667,-0.02163744904100895,0.4967093765735626,0.6861021518707275,-0.023490075021982193,0.5361283421516418,0.6962589025497437,-0.016179420053958893,0.5056856274604797,0.7061949372291565,-0.022929722443223,0.4986145794391632,0.7056838274002075,-0.022289084270596504,0.49754834175109863,0.6991419196128845,-0.021815858781337738,0.533074676990509,0.7219789624214172,-0.019182244315743446,0.5084487199783325,0.7286984324455261,-0.02563660219311714,0.5006004571914673,0.7255036234855652,-0.025609813630580902,0.49767962098121643,0.7187679409980774,-0.024773383513092995,0.392918199300766,0.7252078056335449,1.945263790048557e-07,0.4071463942527771,0.6953856945037842,-0.001611395739018917,0.4288741648197174,0.667878270149231,-0.005399825517088175,0.4482917785644531,0.6518651247024536,-0.009301179088652134,0.46051764488220215,0.6375606656074524,-0.013246619142591953,0.4266989231109619,0.6505128145217896,-0.011212578974664211,0.4596507251262665,0.6545568704605103,-0.01929571107029915,0.4785722494125366,0.6632466912269592,-0.02370385453104973,0.4919785261154175,0.6696096062660217,-0.02601783536374569,0.42577502131462097,0.6688361167907715,-0.014758825302124023,0.46115177869796753,0.6707183122634888,-0.02115611359477043,0.4802260398864746,0.6794533729553223,-0.02290673740208149,0.4933812916278839,0.6857575178146362,-0.024190731346607208,0.4257427453994751,0.6933754086494446,-0.018329773098230362,0.45936575531959534,0.6943504214286804,-0.02405092865228653,0.4775375425815582,0.7001956701278687,-0.02419508993625641,0.4900417923927307,0.7044851183891296,-0.02399529702961445,0.4273325502872467,0.7212085127830505,-0.021986156702041626,0.45385560393333435,0.7188642024993896,-0.02528557740151882,0.4691984951496124,0.7194731831550598,-0.024672137573361397,0.4812227189540863,0.7197305560112,-0.023996302857995033,0.5371388792991638,0.4706716239452362,-0.12746760249137878,0.9998726844787598,0.9998124241828918,0.33556726574897766,0.49338725209236145,-0.09868212789297104,0.9999018907546997,0.9998435974121094,0.57066810131073,0.7835610508918762,-0.3361573815345764,0.9976619482040405,0.9986158609390259,0.26922711730003357,0.8062639832496643,-0.30875009298324585,0.9986770749092102,0.998648464679718,0.5452602505683899,0.7170942425727844,-0.8077591061592102,0.9957090616226196,0.9996150732040405,0.4001089036464691,0.7308404445648193,-0.8010689616203308,0.998225212097168,0.9996330738067627,0.40323927998542786,0.21783480048179626,-0.0068884179927408695,0.3917672336101532,0.22839230298995972,0.003258849261328578,0.4758031368255615,0.2233826220035553,0.005567856132984161,0.4647670090198517,0.2143714427947998,-0.00547223724424839,0.4196694493293762,0.33469414710998535,0.0028204263653606176,0.45270365476608276,0.3334345817565918,0.0038625318557024
86,8600,0.5441123843193054,0.734559178352356,-2.2318764081319387e-07,0.5238884091377258,0.6985260844230652,-0.0021685948595404625,0.5062199234962463,0.6600459814071655,-0.005642366129904985,0.49516770243644714,0.6299545168876648,-0.009001445025205612,0.4876181483268738,0.6035463213920593,-0.012358895502984524,0.517301082611084,0.6322540640830994,-0.010840371251106262,0.4825834333896637,0.6581973433494568,-0.02062205597758293,0.4842921793460846,0.6749653220176697,-0.02574482001364231,0.49195072054862976,0.6725541949272156,-0.028369789943099022,0.5235258340835571,0.6559438705444336,-0.01392977125942707,0.48525604605674744,0.6844391822814941,-0.022002611309289932,0.48597651720046997,0.6978670954704285,-0.02328604832291603,0.4923010468482971,0.6967311501502991,-0.024599701166152954,0.5274183750152588,0.6841503381729126,-0.01741609163582325,0.4924517273902893,0.7088581919670105,-0.02547782100737095,0.4896812438964844,0.721358060836792,-0.02420077659189701,0.4919287860393524,0.7222721576690674,-0.02323167212307453,0.5305390954017639,0.7135226726531982,-0.020953968167304993,0.5045325756072998,0.7318277359008789,-0.02793229930102825,0.49988794326782227,0.7413666844367981,-0.028325412422418594,0.49871954321861267,0.743932843208313,-0.027776192873716354,0.3863830864429474,0.7325785756111145,2.1724017074120638e-07,0.40185996890068054,0.7021092176437378,-0.0023505811113864183,0.425008088350296,0.6769348382949829,-0.006816376466304064,0.4450474679470062,0.6612377762794495,-0.011227920651435852,0.4589385390281677,0.6447521448135376,-0.015925554558634758,0.4253048002719879,0.6666221022605896,-0.015357114374637604,0.4582067131996155,0.6691750884056091,-0.025735989212989807,0.47811728715896606,0.6754317879676819,-0.0314151868224144,0.49297240376472473,0.6803072690963745,-0.03443538397550583,0.425251305103302,0.6872439384460449,-0.01940278708934784,0.4609410762786865,0.6878474950790405,-0.028354696929454803,0.48231780529022217,0.693399965763092,-0.031819671392440796,0.49799174070358276,0.6982230544090271,-0.03393005579710007,0.4250994920730591,0.7139933705329895,-0.02329241670668125,0.459255576133728,0.7142106890678406,-0.03115697391331196,0.4805893898010254,0.7187968492507935,-0.032941050827503204,0.49620673060417175,0.7225062847137451,-0.033630017191171646,0.4253908395767212,0.7440171837806702,-0.02716655097901821,0.4515211880207062,0.7442095279693604,-0.03305155411362648,0.46831151843070984,0.7447164058685303,-0.03406226634979248,0.4818726181983948,0.7457574009895325,-0.03425339236855507,0.5378527641296387,0.47088953852653503,-0.1419103443622589,0.9998769164085388,0.9997672438621521,0.33603519201278687,0.493441641330719,-0.11788364499807358,0.9999058246612549,0.9998251795768738,0.5743526220321655,0.7862944602966309,-0.36161965131759644,0.997812807559967,0.9983682036399841,0.269326388835907,0.8061937689781189,-0.31365594267845154,0.9987530708312988,0.9983682036399841,0.5429605841636658,0.7152876853942871,-0.85484778881073,0.9960616827011108,0.999523401260376,0.4000174105167389,0.730194091796875,-0.8141849637031555,0.9983149766921997,0.9995055198669434,0.4022551476955414,0.21048125624656677,-0.005127855110913515,0.3909372389316559,0.2217814177274704,0.0053610471077263355,0.47486963868141174,0.21504461765289307,0.006418802309781313,0.46352577209472656,0.20579157769680023,-0.004572863690555096,0.4187597632408142,0.3244190812110901,0.00242118863388896,0.45211562514305115,0.32403674721717834,0.0028651817701756954
87,8700,0.543267548084259,0.7165420055389404,-1.7162089704925165e-07,0.5216319561004639,0.6773508787155151,-0.0033316980116069317,0.49696117639541626,0.6475540995597839,-0.007175805978477001,0.47670605778694153,0.6285061240196228,-0.01066325232386589,0.4595741927623749,0.6130797266960144,-0.015197216533124447,0.5016707181930542,0.6309249997138977,-0.012088307179510593,0.47232651710510254,0.6497254371643066,-0.01917453296482563,0.45589444041252136,0.6659867763519287,-0.023809978738427162,0.4451667070388794,0.6749312877655029,-0.02700989879667759,0.5089067816734314,0.6552609801292419,-0.014104470610618591,0.47676077485084534,0.677172839641571,-0.01871778815984726,0.45995238423347473,0.6929125189781189,-0.021545544266700745,0.4492562413215637,0.7026572823524475,-0.02558770962059498,0.5144184827804565,0.6828085780143738,-0.01603197306394577,0.4824049472808838,0.7026498317718506,-0.020996218547225,0.4671282172203064,0.7154650688171387,-0.02187253348529339,0.4582329988479614,0.7239187359809875,-0.023821962997317314,0.5187654495239258,0.7102066874504089,-0.017946457490324974,0.49303242564201355,0.7250044941902161,-0.023198014125227928,0.4794922471046448,0.7329002618789673,-0.024166671559214592,0.4704200327396393,0.739487886428833,-0.02511119656264782,0.3917507231235504,0.7404507994651794,2.0736206352012232e-07,0.4082900583744049,0.7033811807632446,-0.0017664125189185143,0.430152952671051,0.6802961230278015,-0.006481661926954985,0.45085665583610535,0.6696880459785461,-0.010963610373437405,0.46662142872810364,0.666021466255188,-0.015885157510638237,0.43354055285453796,0.6814277768135071,-0.01732330210506916,0.461672306060791,0.6659524440765381,-0.026966819539666176,0.48060569167137146,0.6557192802429199,-0.03201649710536003,0.4956667423248291,0.6466003656387329,-0.03517633676528931,0.434045672416687,0.7059385180473328,-0.02186541073024273,0.467060923576355,0.7042309045791626,-0.03029273822903633,0.4874599575996399,0.7029406428337097,-0.033857230097055435,0.5038031339645386,0.7012540698051453,-0.03629983216524124,0.43259552121162415,0.7351759672164917,-0.025775020942091942,0.4641232490539551,0.7388545274734497,-0.033388953655958176,0.48376527428627014,0.739454984664917,-0.03505183383822441,0.49924716353416443,0.7380805015563965,-0.03595834970474243,0.43004581332206726,0.7655952572822571,-0.02951548993587494,0.4541344940662384,0.7689014673233032,-0.03571983799338341,0.46966198086738586,0.7690179347991943,-0.036364663392305374,0.4828472435474396,0.7683297991752625,-0.03634761646389961,0.5421803593635559,0.47077247500419617,-0.16898512840270996,0.9998832941055298,0.9998223185539246,0.3366157114505768,0.4934152066707611,-0.12421026080846786,0.999911367893219,0.9998862743377686,0.5840734243392944,0.7891637086868286,-0.392264187335968,0.9979891777038574,0.9986929297447205,0.26835882663726807,0.8057789206504822,-0.3204347491264343,0.9988442659378052,0.9989223480224609,0.5358288288116455,0.707684338092804,-0.8731039762496948,0.9964098334312439,0.9996942281723022,0.40003663301467896,0.73180091381073,-0.8286088705062866,0.9984295964241028,0.9997320771217346,0.4000987410545349,0.19829688966274261,-0.002643673215061426,0.3889652490615845,0.2115468680858612,0.007682787720113993,0.47283273935317993,0.2030750960111618,0.008808218874037266,0.4612816274166107,0.19264622032642365,-0.002045364584773779,0.41713929176330566,0.31573671102523804,0.0009297003853134811,0.4522305727005005,0.3124037981033325,0.0012855550739914179
88,8800,0.537566065788269,0.712999701499939,-1.1593242987828489e-07,0.5170444846153259,0.6785508394241333,0.0005320983473211527,0.48714563250541687,0.6622986793518066,-0.00224887253716588,0.4606819152832031,0.6568265557289124,-0.005498094484210014,0.44165557622909546,0.6576766967773438,-0.00951668992638588,0.4888466000556946,0.6556310057640076,-0.007506506517529488,0.45976343750953674,0.6629558205604553,-0.015073070302605629,0.44793039560317993,0.6792146563529968,-0.02055000141263008,0.44163718819618225,0.6914514899253845,-0.023942841216921806,0.4921379089355469,0.6813744902610779,-0.01090758666396141,0.4617457389831543,0.6948729753494263,-0.015716593712568283,0.4485006630420685,0.7095916867256165,-0.018632400780916214,0.4408421218395233,0.7206206321716309,-0.02213870733976364,0.495318204164505,0.7086293697357178,-0.014166709966957569,0.4672781229019165,0.7237921953201294,-0.017795486375689507,0.45375779271125793,0.7346423864364624,-0.018632160499691963,0.4450691342353821,0.742150604724884,-0.020454924553632736,0.4988323450088501,0.7349547147750854,-0.017120208591222763,0.4766917824745178,0.7489351034164429,-0.019750580191612244,0.4649707078933716,0.758359432220459,-0.020213643088936806,0.4557422995567322,0.7655880451202393,-0.02111848257482052,0.3886144757270813,0.7606242299079895,1.2028189644297527e-07,0.40449684858322144,0.7183479070663452,-0.0010262104915454984,0.42513129115104675,0.6927114129066467,-0.004138277843594551,0.4426141083240509,0.681536853313446,-0.007034223061054945,0.45335036516189575,0.6777076721191406,-0.009943601675331593,0.4299871623516083,0.707933783531189,-0.011991504579782486,0.4568466544151306,0.7050480842590332,-0.018347786739468575,0.4735018014907837,0.7068328261375427,-0.021193593740463257,0.4854935109615326,0.7091290354728699,-0.022529611364006996,0.4313693344593048,0.7383916974067688,-0.015261427499353886,0.46133437752723694,0.739290714263916,-0.020404290407896042,0.47954699397087097,0.7417328953742981,-0.022061895579099655,0.4929999113082886,0.7444851398468018,-0.02327098697423935,0.4316624104976654,0.7682868242263794,-0.018121963366866112,0.46232718229293823,0.7696888446807861,-0.02307087928056717,0.482530802488327,0.7713293433189392,-0.024156395345926285,0.4973747134208679,0.7726832032203674,-0.024548454210162163,0.43126729130744934,0.795192539691925,-0.020786102861166,0.45706796646118164,0.7966665029525757,-0.024495022371411324,0.47332289814949036,0.7958431243896484,-0.02462766133248806,0.48649412393569946,0.7950125932693481,-0.024332666769623756,0.545307993888855,0.47032368183135986,-0.20795133709907532,0.9998890161514282,0.9997867941856384,0.337421715259552,0.49249267578125,-0.16445335745811462,0.9999163150787354,0.9998743534088135,0.5943775177001953,0.7880584001541138,-0.4137142300605774,0.9981386661529541,0.9976724982261658,0.26840874552726746,0.8028451800346375,-0.36326223611831665,0.9989104866981506,0.9982518553733826,0.5290226340293884,0.7094014286994934,-0.8785327672958374,0.9966902136802673,0.9994202852249146,0.40201157331466675,0.7437905073165894,-0.847338080406189,0.9984759092330933,0.999510645866394,0.39724594354629517,0.19109594821929932,0.0008824286633171141,0.38634079694747925,0.20492884516716003,0.011536450125277042,0.47048214077949524,0.19503483176231384,0.009849351830780506,0.4584048390388489,0.18375228345394135,-0.00041408950346522033,0.41400882601737976,0.3082278072834015,-0.000506924232468009,0.4493321478366852,0.30534347891807556,-0.001389685203321278
89,8900,0.5238683223724365,0.7266907095909119,7.487112441140198e-08,0.5029162168502808,0.696835994720459,-0.0006779895629733801,0.4779963195323944,0.6900414228439331,-0.004230698570609093,0.4574414789676666,0.6993376016616821,-0.007549710106104612,0.44326651096343994,0.7108896374702454,-0.01179948728531599,0.47690340876579285,0.6889260411262512,-0.017695512622594833,0.4455711245536804,0.7041051983833313,-0.026116445660591125,0.42878806591033936,0.7145724892616272,-0.029624786227941513,0.4164065718650818,0.7235292792320251,-0.03125803545117378,0.4812503457069397,0.7178210616111755,-0.021209103986620903,0.4468856453895569,0.7378191947937012,-0.02856636792421341,0.4283618628978729,0.7515837550163269,-0.0316673181951046,0.41517752408981323,0.7630822658538818,-0.03389176353812218,0.4862506091594696,0.7472974061965942,-0.023805007338523865,0.454999178647995,0.7678316235542297,-0.029232924804091454,0.43681883811950684,0.7820025682449341,-0.031741153448820114,0.42373424768447876,0.7930141091346741,-0.03373410925269127,0.49115103483200073,0.7749500274658203,-0.02595280483365059,0.4676280915737152,0.7929710745811462,-0.03061414510011673,0.4537777602672577,0.8031516671180725,-0.032119423151016235,0.44324880838394165,0.8121852278709412,-0.03304317593574524,0.3837088644504547,0.77642822265625,8.354817992994867e-08,0.39765486121177673,0.7340697050094604,-0.0020927831064909697,0.41796278953552246,0.7029638290405273,-0.005004391074180603,0.43686357140541077,0.6851537823677063,-0.007708529010415077,0.45176902413368225,0.6687657833099365,-0.010305722244083881,0.4254741072654724,0.7298558354377747,-0.009080768562853336,0.448944091796875,0.722053050994873,-0.014907151460647583,0.4648109972476959,0.7216584086418152,-0.01800701767206192,0.47659599781036377,0.7214143872261047,-0.019802678376436234,0.4281628131866455,0.7603281736373901,-0.011827662587165833,0.4526970088481903,0.7544070482254028,-0.016614221036434174,0.4687289893627167,0.7527933716773987,-0.01893361657857895,0.4811517596244812,0.7528963088989258,-0.020750219002366066,0.4294944405555725,0.7890108823776245,-0.014450311660766602,0.4552856385707855,0.7860047817230225,-0.019276876002550125,0.4730527102947235,0.7851964831352234,-0.01965000107884407,0.48769956827163696,0.7854210734367371,-0.01967949979007244,0.42958930134773254,0.814062774181366,-0.01703828014433384,0.4517626464366913,0.8137284517288208,-0.021175546571612358,0.46775227785110474,0.8139806985855103,-0.020966215059161186,0.48208218812942505,0.8152947425842285,-0.020354893058538437,0.5481606721878052,0.470121294260025,-0.23271019756793976,0.9998931884765625,0.9997312426567078,0.33747348189353943,0.49178987741470337,-0.17968668043613434,0.9999197125434875,0.9998199343681335,0.6074150800704956,0.7795570492744446,-0.408296674489975,0.9982708096504211,0.9973739385604858,0.26628780364990234,0.8007258772850037,-0.3686818778514862,0.9989403486251831,0.9978799819946289,0.5152369737625122,0.7213596105575562,-0.8246744275093079,0.9969109296798706,0.9992542862892151,0.40198642015457153,0.7564398646354675,-0.8441206216812134,0.9984092712402344,0.9990658164024353,0.39508381485939026,0.18668082356452942,0.0022874383721500635,0.3845921754837036,0.20067904889583588,0.01330695953220129,0.4691827893257141,0.19019433856010437,0.009873395785689354,0.4566279947757721,0.1791851967573166,-0.0002488242171239108,0.4126893877983093,0.30338555574417114,-0.0007635165238752961,0.4472584128379822,0.29996976256370544,-0.002483575139194727
90,9000,0.5246672034263611,0.7526794672012329,7.970740512064367e-08,0.5016222596168518,0.7203404903411865,-0.002107695210725069,0.47366490960121155,0.7092615962028503,-0.005422724410891533,0.45146089792251587,0.7189837694168091,-0.008008040487766266,0.4368773102760315,0.7352660298347473,-0.011491989716887474,0.4739738702774048,0.7316720485687256,-0.01616957038640976,0.4446412920951843,0.7515232563018799,-0.023392708972096443,0.4298310875892639,0.7638314962387085,-0.027052341029047966,0.4203900396823883,0.7728297710418701,-0.028987590223550797,0.47958600521087646,0.7645789384841919,-0.01839960739016533,0.44735389947891235,0.7894179821014404,-0.024248063564300537,0.42876380681991577,0.8043109774589539,-0.027611171826720238,0.41539743542671204,0.815466582775116,-0.03055764175951481,0.48582226037979126,0.7927126288414001,-0.01994222216308117,0.4563652575016022,0.817491888999939,-0.024392779916524887,0.43781694769859314,0.8318901062011719,-0.027474146336317062,0.42384281754493713,0.841974139213562,-0.030208304524421692,0.4919824004173279,0.8136872053146362,-0.02114233560860157,0.46989330649375916,0.8367793560028076,-0.025570381432771683,0.4555913805961609,0.8518453240394592,-0.027890214696526527,0.4435376822948456,0.8636095523834229,-0.02949070744216442,0.3840222656726837,0.7966813445091248,7.880483110511705e-08,0.3956119120121002,0.7540068626403809,-0.007674377411603928,0.41556647419929504,0.7219448089599609,-0.012288806028664112,0.4349612593650818,0.7076501846313477,-0.01546731498092413,0.45120906829833984,0.6972004175186157,-0.018060708418488503,0.4291541278362274,0.7620297074317932,-0.012305250391364098,0.4519574046134949,0.7552740573883057,-0.018874693661928177,0.46821728348731995,0.7535426616668701,-0.023230047896504402,0.4809677004814148,0.7515183687210083,-0.025819167494773865,0.4308816194534302,0.7930744886398315,-0.012147122994065285,0.4544011950492859,0.7849645018577576,-0.016762737184762955,0.4702853560447693,0.7802549600601196,-0.01908891834318638,0.4835832417011261,0.7767446041107178,-0.020919298753142357,0.43110689520835876,0.8186078071594238,-0.01238627452403307,0.4532017707824707,0.8118213415145874,-0.017015963792800903,0.46924716234207153,0.805965781211853,-0.016362959519028664,0.4825211465358734,0.8009456396102905,-0.015508139505982399,0.43018367886543274,0.8384796977043152,-0.013277202844619751,0.45072469115257263,0.8334282040596008,-0.01723892241716385,0.46454256772994995,0.8277230858802795,-0.016002949327230453,0.476047545671463,0.8227294087409973,-0.01433579996228218,0.548120379447937,0.46871787309646606,-0.23259910941123962,0.9998940825462341,0.999607503414154,0.337615430355072,0.49077165126800537,-0.18523555994033813,0.999921441078186,0.9997555613517761,0.6145988702774048,0.7698872089385986,-0.34993940591812134,0.998379111289978,0.9977239966392517,0.26212015748023987,0.7953820824623108,-0.3445185422897339,0.9989312887191772,0.9977291226387024,0.5070295929908752,0.7485189437866211,-0.6919471025466919,0.9970504641532898,0.9989897608757019,0.40028947591781616,0.7832903265953064,-0.7623375654220581,0.9981815218925476,0.9986701011657715,0.39362838864326477,0.18203972280025482,0.0038979954551905394,0.38342931866645813,0.1965429186820984,0.014766336418688297,0.4677928388118744,0.18636444211006165,0.010523897595703602,0.4551214575767517,0.17513999342918396,0.0007586546707898378,0.4116170406341553,0.2998708486557007,-0.0013860717881470919,0.44583454728126526,0.29495468735694885,-0.0034906945656985044
91,9100,0.524869978427887,0.7809925079345703,1.221992960154239e-07,0.5014973878860474,0.7502978444099426,-0.0034623320680111647,0.4743625223636627,0.7438077330589294,-0.006271613296121359,0.45501020550727844,0.7602465748786926,-0.008123171515762806,0.44521334767341614,0.7774510383605957,-0.010522929951548576,0.47138288617134094,0.7726236581802368,-0.01415278296917677,0.445496529340744,0.7996343374252319,-0.0201693344861269,0.43012380599975586,0.8174779415130615,-0.02289954200387001,0.418620765209198,0.8320858478546143,-0.02457147277891636,0.47770094871520996,0.8037335872650146,-0.015644626691937447,0.44864988327026367,0.8340378403663635,-0.021650783717632294,0.430680513381958,0.8531575202941895,-0.02516128495335579,0.41724729537963867,0.86839759349823,-0.0276650320738554,0.4846946895122528,0.829627275466919,-0.016636980697512627,0.45803505182266235,0.859027624130249,-0.021817605942487717,0.4411131739616394,0.8766176104545593,-0.025937089696526527,0.42846962809562683,0.8903142809867859,-0.02877923659980297,0.49176451563835144,0.8487616777420044,-0.017441917210817337,0.4727361798286438,0.87542724609375,-0.02269757352769375,0.46062061190605164,0.8945515751838684,-0.02608598954975605,0.45046156644821167,0.9107122421264648,-0.028056133538484573,0.38347309827804565,0.8170308470726013,1.076700968383193e-07,0.3939686417579651,0.7728946805000305,-0.009755772538483143,0.41383466124534607,0.7435614466667175,-0.014869016595184803,0.43395453691482544,0.7348960041999817,-0.018335167318582535,0.4509989023208618,0.730341374874115,-0.0210474394261837,0.4318269193172455,0.7877500057220459,-0.011272238567471504,0.45435211062431335,0.7879051566123962,-0.01847538724541664,0.47176843881607056,0.7920501828193665,-0.024355649948120117,0.48552799224853516,0.7953129410743713,-0.027941664680838585,0.43269655108451843,0.8163937330245972,-0.009945103898644447,0.45558202266693115,0.8160780668258667,-0.014750378206372261,0.47244539856910706,0.8171236515045166,-0.01785760372877121,0.48656541109085083,0.8197359442710876,-0.02009664848446846,0.43185538053512573,0.8393417596817017,-0.009432214312255383,0.4527781903743744,0.8403507471084595,-0.014143172651529312,0.46921974420547485,0.8411913514137268,-0.014047066681087017,0.48279494047164917,0.843620240688324,-0.013372001238167286,0.42954021692276,0.8576227426528931,-0.009899036958813667,0.44865506887435913,0.8606475591659546,-0.013808540999889374,0.46241381764411926,0.8611594438552856,-0.012848681770265102,0.47407957911491394,0.8624913692474365,-0.011213705874979496,0.5473347902297974,0.4675616919994354,-0.226130872964859,0.9998895525932312,0.999388575553894,0.33828040957450867,0.4901772439479828,-0.17432835698127747,0.9999180436134338,0.9995542168617249,0.6137183904647827,0.7626256942749023,-0.3051161468029022,0.9984599947929382,0.9976925849914551,0.2603309452533722,0.7885013818740845,-0.29040223360061646,0.9988864064216614,0.9972078204154968,0.49874287843704224,0.7871439456939697,-0.6200048923492432,0.9971262216567993,0.9989473223686218,0.3955250680446625,0.8005577921867371,-0.6671766638755798,0.9978864789009094,0.9978986978530884,0.39425352215766907,0.1788083165884018,0.004563567694276571,0.3837786316871643,0.19426362216472626,0.015108507126569748,0.4682707190513611,0.1832781434059143,0.01281567569822073,0.4557659924030304,0.17104390263557434,0.0028409063816070557,0.4117918014526367,0.29591163992881775,-0.0024740174412727356,0.4480557143688202,0.29112932085990906,-0.0036251433193683624
92,9200,0.5208926796913147,0.8090068697929382,1.48216216189212e-07,0.49645137786865234,0.7827880382537842,-0.003177774604409933,0.4690926969051361,0.7793912291526794,-0.005225905682891607,0.4484691023826599,0.7866507172584534,-0.006595804821699858,0.4341469407081604,0.7869315147399902,-0.008156855590641499,0.46715661883354187,0.8135250806808472,-0.011758212931454182,0.44154080748558044,0.8394781947135925,-0.016492825001478195,0.42531928420066833,0.8533276319503784,-0.018629074096679688,0.4124080240726471,0.8638366460800171,-0.01997099444270134,0.47339868545532227,0.8432960510253906,-0.01246161200106144,0.4478605389595032,0.8734226226806641,-0.01667826995253563,0.4305492043495178,0.890191912651062,-0.018818847835063934,0.4169978201389313,0.9021243453025818,-0.020604029297828674,0.48048290610313416,0.8661614656448364,-0.012807145714759827,0.45817577838897705,0.8938063979148865,-0.01576658897101879,0.4428445100784302,0.906887412071228,-0.01784871704876423,0.43143537640571594,0.9153448939323425,-0.01962261088192463,0.4873879551887512,0.8818842768669128,-0.013283776119351387,0.4711083471775055,0.9065924882888794,-0.016467314213514328,0.46013525128364563,0.9220447540283203,-0.018346836790442467,0.4511139690876007,0.934148907661438,-0.019391890615224838,0.3855009078979492,0.8353312611579895,9.477795970269653e-08,0.4002270996570587,0.7926587462425232,-0.0071068634279072285,0.42254137992858887,0.7703873515129089,-0.01092706248164177,0.44342440366744995,0.773066520690918,-0.013629937544465065,0.45765072107315063,0.7829311490058899,-0.01582627184689045,0.43468910455703735,0.815796971321106,-0.008540237322449684,0.4568558633327484,0.8185256123542786,-0.014274227432906628,0.47335121035575867,0.8232879638671875,-0.01914587803184986,0.48612266778945923,0.8268530964851379,-0.022250523790717125,0.4333178997039795,0.8415014147758484,-0.007955210283398628,0.45526599884033203,0.8430479764938354,-0.011430462822318077,0.47093743085861206,0.8443310260772705,-0.013882171362638474,0.48349061608314514,0.8475927114486694,-0.01580127514898777,0.43060004711151123,0.8624435067176819,-0.007866298779845238,0.4509647786617279,0.8647316098213196,-0.011138916015625,0.4660566449165344,0.8663039207458496,-0.010424594394862652,0.47796788811683655,0.8690844178199768,-0.009622963145375252,0.42646026611328125,0.8799285888671875,-0.008596474304795265,0.4449932277202606,0.8845877051353455,-0.011431707069277763,0.4577159881591797,0.8858867287635803,-0.009894699789583683,0.46822690963745117,0.8869467377662659,-0.008038364350795746,0.547307550907135,0.46429866552352905,-0.20021924376487732,0.999888002872467,0.9994456171989441,0.3403303921222687,0.48982107639312744,-0.1409960687160492,0.9999169707298279,0.9995811581611633,0.6181327104568481,0.750826358795166,-0.2564975321292877,0.9985393285751343,0.9978255033493042,0.2604697346687317,0.7805311679840088,-0.2365882694721222,0.9988442659378052,0.9976876974105835,0.49911507964134216,0.8046734929084778,-0.52116858959198,0.9971707463264465,0.9988464117050171,0.39530208706855774,0.8303334712982178,-0.5655562877655029,0.9975322484970093,0.9981598258018494,0.39554667472839355,0.176984041929245,0.004851430654525757,0.38507768511772156,0.19270721077919006,0.015283732675015926,0.46957913041114807,0.18122708797454834,0.012983450666069984,0.45702794194221497,0.16883185505867004,0.003099636873230338,0.4136342406272888,0.2934033274650574,-0.002667517401278019,0.449189692735672,0.28912705183029175,-0.0037823959719389677
93,9300,0.5166051387786865,0.830366849899292,1.8942981228065037e-07,0.4909825623035431,0.8045006394386292,-0.0015799269312992692,0.4674697816371918,0.8102075457572937,-0.0032123373821377754,0.4547765552997589,0.8371816873550415,-0.00416739284992218,0.4497854709625244,0.8580363392829895,-0.005313124042004347,0.46461769938468933,0.8364766240119934,-0.011756224557757378,0.43859410285949707,0.8643018007278442,-0.01652117259800434,0.42285558581352234,0.8787093162536621,-0.01758594810962677,0.41128334403038025,0.8876578211784363,-0.017335494980216026,0.4721466302871704,0.866597056388855,-0.012277649715542793,0.4454598128795624,0.9009362459182739,-0.016386719420552254,0.4290459156036377,0.9171500205993652,-0.016479408368468285,0.4180479645729065,0.9265270829200745,-0.01578475348651409,0.48003271222114563,0.8891933560371399,-0.01207499485462904,0.4566088020801544,0.9187647700309753,-0.013758167624473572,0.44291380047798157,0.9270718693733215,-0.012553900480270386,0.43450695276260376,0.9290816187858582,-0.011253617703914642,0.4875158965587616,0.9034121036529541,-0.011850924231112003,0.4680851995944977,0.9258751273155212,-0.011758198030292988,0.4562857449054718,0.9329752922058105,-0.009672781452536583,0.44845861196517944,0.9354867339134216,-0.00754663348197937,0.3844529092311859,0.8550515174865723,9.816417900765373e-08,0.4039337635040283,0.8179488778114319,-0.002627560868859291,0.4276328682899475,0.8052098751068115,-0.004814385436475277,0.4463745057582855,0.8123114109039307,-0.006761395372450352,0.4583296477794647,0.8263100385665894,-0.008164783008396626,0.43646860122680664,0.8307206034660339,-0.004842937923967838,0.4558784067630768,0.8401811122894287,-0.011001036502420902,0.4704078435897827,0.853091835975647,-0.0156088313087821,0.4807553291320801,0.8640779256820679,-0.017983587458729744,0.4342574179172516,0.853110134601593,-0.006096019875258207,0.45349815487861633,0.8616322875022888,-0.010145680978894234,0.4673546850681305,0.8705444931983948,-0.011859135702252388,0.4782145917415619,0.8798788785934448,-0.01263051200658083,0.43107476830482483,0.8740516901016235,-0.007667709141969681,0.4493720233440399,0.8818773627281189,-0.011004679836332798,0.46290066838264465,0.8899471759796143,-0.009445182979106903,0.47336429357528687,0.8978651165962219,-0.007544520311057568,0.42650577425956726,0.8926315307617188,-0.009747547097504139,0.44411134719848633,0.8999704718589783,-0.011559574864804745,0.4560181796550751,0.9052841067314148,-0.009057747200131416,0.46599459648132324,0.9102175235748291,-0.006312796380370855,0.5470386743545532,0.4620305895805359,-0.2256457358598709,0.9998893737792969,0.999545156955719,0.34000980854034424,0.4897594749927521,-0.17691569030284882,0.9999172687530518,0.9996541738510132,0.6184717416763306,0.7449207901954651,-0.28076067566871643,0.9986205697059631,0.9973762035369873,0.2603035271167755,0.78101646900177,-0.262289434671402,0.9988247752189636,0.9969626069068909,0.5003606677055359,0.8179323077201843,-0.5631430745124817,0.997203528881073,0.9982707500457764,0.39535945653915405,0.8457418084144592,-0.6252028346061707,0.9972544312477112,0.9972580671310425,0.3956053555011749,0.17721663415431976,0.004134506452828646,0.3849928081035614,0.1928347945213318,0.014548317529261112,0.46979570388793945,0.1806141436100006,0.013037058524787426,0.4574028253555298,0.16819241642951965,0.0029609594494104385,0.4133024513721466,0.29433804750442505,-0.002438940806314349,0.4496115446090698,0.28948545455932617,-0.0031968653202056885
94,9400,0.5167827606201172,0.8411783576011658,1.9214503765851987e-07,0.4914768636226654,0.8179045915603638,-0.0008682828629389405,0.46912112832069397,0.8256111145019531,-0.0022115984465926886,0.4585822820663452,0.8538948893547058,-0.0028876252472400665,0.45572173595428467,0.8756347298622131,-0.0038435212336480618,0.4656749367713928,0.8522741198539734,-0.011818300001323223,0.4390527009963989,0.8776571154594421,-0.01583484187722206,0.42339426279067993,0.8913110494613647,-0.016543498262763023,0.41158196330070496,0.9004987478256226,-0.016076399013400078,0.474043607711792,0.8811398148536682,-0.012356395833194256,0.4466358423233032,0.9150686860084534,-0.015726938843727112,0.430497944355011,0.9302865266799927,-0.01518886536359787,0.4197424054145813,0.9387414455413818,-0.014060950838029385,0.48278793692588806,0.9018847346305847,-0.011941742151975632,0.4591591954231262,0.9339432716369629,-0.013174759224057198,0.44687455892562866,0.9396133422851562,-0.011269749142229557,0.4398384392261505,0.9383817911148071,-0.009405352175235748,0.49058306217193604,0.9131571054458618,-0.011403034441173077,0.4702160358428955,0.9336687922477722,-0.010587016120553017,0.45899295806884766,0.9373575448989868,-0.007503522094339132,0.4522586762905121,0.9360729455947876,-0.004670394584536552,0.385248064994812,0.8649970293045044,1.3752800498423312e-07,0.4047331213951111,0.8380792737007141,-0.0005264593055471778,0.43013253808021545,0.8316142559051514,-0.0018410971388220787,0.4484385848045349,0.8419739007949829,-0.0033478946425020695,0.46090972423553467,0.8576884269714355,-0.0042610433883965015,0.43865251541137695,0.836998701095581,-0.0016883279895409942,0.45756956934928894,0.8547934889793396,-0.00751108443364501,0.471304714679718,0.8727245926856995,-0.01169237494468689,0.4801112115383148,0.8871182799339294,-0.013759331777691841,0.4366975724697113,0.8533289432525635,-0.003745986381545663,0.45496875047683716,0.8713772296905518,-0.007605631370097399,0.46764233708381653,0.886094868183136,-0.009239880368113518,0.477071613073349,0.9001890420913696,-0.009948463179171085,0.43379926681518555,0.8728470802307129,-0.006114080548286438,0.45121654868125916,0.8900033831596375,-0.009150144644081593,0.46366584300994873,0.9034145474433899,-0.007721098605543375,0.4735729396343231,0.9150362610816956,-0.006104099098592997,0.42941802740097046,0.894347071647644,-0.008866420015692711,0.44559571146965027,0.9088956713676453,-0.010607033967971802,0.4561921954154968,0.9185975790023804,-0.008497483097016811,0.4655263423919678,0.9264116287231445,-0.006145172752439976,0.5469991564750671,0.4622405469417572,-0.23546917736530304,0.9998907446861267,0.9995325803756714,0.3395123779773712,0.49064427614212036,-0.1954432725906372,0.9999178647994995,0.9996618032455444,0.6194080114364624,0.7454298138618469,-0.287932813167572,0.9987045526504517,0.9972049593925476,0.25977346301078796,0.7864189743995667,-0.28605765104293823,0.9988382458686829,0.9971715807914734,0.5009547472000122,0.8329445123672485,-0.576407253742218,0.9972489476203918,0.9982031583786011,0.3953407406806946,0.8661906123161316,-0.6415948271751404,0.9970923066139221,0.9973239898681641,0.3967549204826355,0.17851772904396057,0.00394683051854372,0.3862442672252655,0.19443167746067047,0.01432099100202322,0.4702747166156769,0.18317188322544098,0.012677149847149849,0.4578278958797455,0.1708957552909851,0.0025826937053352594,0.4147246181964874,0.2965831756591797,-0.002378627425059676,0.4502184987068176,0.29237663745880127,-0.003133695339784026
95,9500,0.5167323350906372,0.8502392768859863,1.8653200584139995e-07,0.4914289116859436,0.8280389904975891,-4.2119627323700115e-05,0.47054457664489746,0.8342459201812744,-0.000742879172321409,0.4602164626121521,0.8596526980400085,-0.0010026968084275723,0.4552983045578003,0.8784597516059875,-0.0015172440325841308,0.46647942066192627,0.8617866039276123,-0.009882865473628044,0.44042807817459106,0.8851368427276611,-0.013381908647716045,0.4251200556755066,0.8987171053886414,-0.013795171864330769,0.41387590765953064,0.9088382124900818,-0.01317654736340046,0.4742032289505005,0.8898466229438782,-0.01070889737457037,0.44708794355392456,0.9210578203201294,-0.013761376962065697,0.4314804971218109,0.9353654384613037,-0.013178004883229733,0.4214715361595154,0.943617582321167,-0.01202037837356329,0.48255446553230286,0.9101043343544006,-0.010630667209625244,0.46009913086891174,0.9396268725395203,-0.011488213203847408,0.44808363914489746,0.9459130764007568,-0.009754350408911705,0.44114792346954346,0.9455339908599854,-0.008148780092597008,0.48994478583335876,0.9212662577629089,-0.010396302677690983,0.4704188406467438,0.9400044679641724,-0.009364014491438866,0.4593241810798645,0.9432998895645142,-0.006396410055458546,0.45207831263542175,0.9421007633209229,-0.003710097400471568,0.3861536979675293,0.8700236082077026,2.1535232974656537e-07,0.4083757996559143,0.862459123134613,-0.00026916732895188034,0.4343728721141815,0.8611103296279907,-0.0015449866186827421,0.45147696137428284,0.8676022291183472,-0.0030953967943787575,0.4652646481990814,0.8771404027938843,-0.004083558917045593,0.44167882204055786,0.8437740206718445,-0.0011048911837860942,0.461350679397583,0.8664083480834961,-0.008196555078029633,0.477459192276001,0.8865336179733276,-0.013895135372877121,0.4884583055973053,0.9026331901550293,-0.016943620517849922,0.43927207589149475,0.8515019416809082,-0.0037771789357066154,0.4592263996601105,0.8788344860076904,-0.009404119104146957,0.47483116388320923,0.897237241268158,-0.012648633681237698,0.4867899417877197,0.9144757986068726,-0.014230969361960888,0.4366123378276825,0.8647971153259277,-0.0068138460628688335,0.45469972491264343,0.8945549726486206,-0.011175604537129402,0.46937644481658936,0.9128928780555725,-0.010877317748963833,0.48168420791625977,0.9281056523323059,-0.009945651516318321,0.43200838565826416,0.8821412920951843,-0.010280745103955269,0.44759926199913025,0.9088943600654602,-0.012778875418007374,0.45916104316711426,0.9234378337860107,-0.011191687546670437,0.4699862599372864,0.9342721700668335,-0.009257383644580841,0.5470162630081177,0.4610958397388458,-0.23856687545776367,0.9998903274536133,0.9993699193000793,0.3395022451877594,0.49112698435783386,-0.21724386513233185,0.999918520450592,0.9996283054351807,0.6200112700462341,0.7429771423339844,-0.2617514133453369,0.9987639784812927,0.9963982105255127,0.25978994369506836,0.7899388670921326,-0.3066541850566864,0.9988356828689575,0.9965985417366028,0.5042992830276489,0.8426277041435242,-0.5132794380187988,0.9971417188644409,0.9966272115707397,0.39561760425567627,0.8756667375564575,-0.6428285241127014,0.996776282787323,0.9962224960327148,0.39721113443374634,0.17959585785865784,0.003584750695154071,0.38669657707214355,0.195224329829216,0.014102990739047527,0.470755398273468,0.18383190035820007,0.012097219005227089,0.45816391706466675,0.17152872681617737,0.0020282412879168987,0.41472184658050537,0.297523558139801,-0.0017786057433113456,0.4511115252971649,0.29337409138679504,-0.0027691370341926813
96,9600,0.5193949937820435,0.8512681126594543,1.9221614877551474e-07,0.49334436655044556,0.8300222754478455,-4.666270615416579e-05,0.47150692343711853,0.8387348651885986,-0.0012597113382071257,0.4621647894382477,0.8655177354812622,-0.0019858451560139656,0.4598522484302521,0.8870490193367004,-0.0031379894353449345,0.46784085035324097,0.8603886961936951,-0.011326918378472328,0.4416816532611847,0.8846518993377686,-0.015082225203514099,0.4266717731952667,0.8985262513160706,-0.015600986778736115,0.41543030738830566,0.9088557362556458,-0.015082214027643204,0.47602736949920654,0.8890695571899414,-0.01241228822618723,0.4485977590084076,0.9210959076881409,-0.015593579038977623,0.4324744939804077,0.9358100891113281,-0.014962775632739067,0.42210057377815247,0.9450215697288513,-0.013781332410871983,0.4850819408893585,0.9104048609733582,-0.01250914391130209,0.4616212248802185,0.940880537033081,-0.013309110887348652,0.4491160213947296,0.9472256898880005,-0.011511752381920815,0.44193434715270996,0.9477711915969849,-0.009967216290533543,0.4929400682449341,0.9220837950706482,-0.012419653125107288,0.4734553396701813,0.9386224746704102,-0.011159629561007023,0.4629061222076416,0.9390637874603271,-0.00784577988088131,0.4567042291164398,0.9363964796066284,-0.005041143856942654,0.38639959692955017,0.8729749321937561,1.9918746829716838e-07,0.41001877188682556,0.8555927276611328,0.001591067179106176,0.4357282817363739,0.8532780408859253,0.00036637604353018105,0.4528177082538605,0.8629270792007446,-0.0016793039394542575,0.46626847982406616,0.8765136003494263,-0.0036674661096185446,0.4434465169906616,0.8548482656478882,-0.0003052447864320129,0.4630296230316162,0.8762394785881042,-0.007643869612365961,0.4806266129016876,0.8946540951728821,-0.013833698816597462,0.49337682127952576,0.9096143841743469,-0.017361244186758995,0.4413767457008362,0.8708980679512024,-0.004630609415471554,0.46255913376808167,0.8963934779167175,-0.009971431456506252,0.4806596040725708,0.9133335947990417,-0.013894082978367805,0.4953210949897766,0.9286566972732544,-0.01623356342315674,0.43841809034347534,0.8883243799209595,-0.009201024658977985,0.4582078456878662,0.9136163592338562,-0.013406784273684025,0.47503024339675903,0.9297105073928833,-0.01395186223089695,0.4895213544368744,0.9424695372581482,-0.01381408330053091,0.43304234743118286,0.9066066741943359,-0.013983420096337795,0.45011940598487854,0.9264855980873108,-0.016192585229873657,0.46324604749679565,0.9375689029693604,-0.014802957884967327,0.4754021167755127,0.9460020065307617,-0.013285263441503048,0.5475084781646729,0.4608500897884369,-0.2364475280046463,0.9998919367790222,0.9995317459106445,0.33949488401412964,0.4920005798339844,-0.2099061906337738,0.9999197125434875,0.9996441602706909,0.6199029684066772,0.7437641620635986,-0.24948319792747498,0.9987775683403015,0.9960142374038696,0.2612876892089844,0.7931100726127625,-0.30522066354751587,0.998765230178833,0.9953651428222656,0.5036771893501282,0.8546603918075562,-0.49207964539527893,0.9967049956321716,0.9950125813484192,0.398442804813385,0.8855964541435242,-0.6442163586616516,0.995841383934021,0.9940041899681091,0.3975300192832947,0.18238836526870728,0.0029301317408680916,0.3870154619216919,0.19719752669334412,0.013729092665016651,0.47141364216804504,0.1863631010055542,0.01126578077673912,0.458847314119339,0.17432522773742676,0.0011085286969318986,0.41524046659469604,0.29980605840682983,-0.0011877822689712048,0.45059168338775635,0.29600510001182556,-0.0024333868641406298
97,9700,0.519457995891571,0.8513240814208984,1.8279990854352945e-07,0.49295833706855774,0.8308071494102478,2.9156284654163755e-05,0.4711521863937378,0.8397830724716187,-0.001396576059050858,0.45950746536254883,0.8648457527160645,-0.0023320151958614588,0.4539045989513397,0.885077178478241,-0.0035872000735253096,0.46856310963630676,0.8592992424964905,-0.012249374762177467,0.4421863257884979,0.8843743205070496,-0.01657833717763424,0.42719244956970215,0.8985522389411926,-0.017177216708660126,0.4161403477191925,0.9092484712600708,-0.016615208238363266,0.4769049882888794,0.887779951095581,-0.013472038321197033,0.4488855302333832,0.920654833316803,-0.01755480282008648,0.4325631856918335,0.9352627992630005,-0.01698555424809456,0.4220883250236511,0.9447481036186218,-0.015698842704296112,0.4858029782772064,0.9096215963363647,-0.013680925592780113,0.4614548087120056,0.939605712890625,-0.015220963396131992,0.44858217239379883,0.9459399580955505,-0.013348516076803207,0.44122669100761414,0.9470217227935791,-0.011588682420551777,0.4935814440250397,0.922178328037262,-0.013682598248124123,0.47376132011413574,0.9391631484031677,-0.013109858147799969,0.46300557255744934,0.9405573606491089,-0.010034381411969662,0.4567745327949524,0.938979983329773,-0.007260334212332964,0.38890859484672546,0.8718405365943909,1.875365853720723e-07,0.41408371925354004,0.8507192730903625,0.001796505181118846,0.44025108218193054,0.8510687351226807,0.0008028990705497563,0.45826807618141174,0.8632957935333252,-0.0006889580981805921,0.4713976979255676,0.8773685097694397,-0.002092960989102721,0.4459258019924164,0.8565760850906372,-0.0015852501383051276,0.466860294342041,0.8748526573181152,-0.008655245415866375,0.48514801263809204,0.8916975855827332,-0.014436871744692326,0.49846670031547546,0.9056186079978943,-0.01766170747578144,0.4440285563468933,0.8750545382499695,-0.005437773652374744,0.4665667712688446,0.8951013684272766,-0.010578625835478306,0.48543789982795715,0.9099768400192261,-0.014312496408820152,0.5011194944381714,0.9247106313705444,-0.016537142917513847,0.44093775749206543,0.8942738771438599,-0.009192125871777534,0.46244487166404724,0.9132695198059082,-0.013259269297122955,0.47943195700645447,0.9279392957687378,-0.013735795393586159,0.49421602487564087,0.940717339515686,-0.013543224893510342,0.43490850925445557,0.9129679799079895,-0.012998348101973534,0.45341774821281433,0.927262008190155,-0.015167558565735817,0.4666157364845276,0.9362698197364807,-0.013785306364297867,0.47895753383636475,0.9440799951553345,-0.012252332642674446,0.548599362373352,0.46062329411506653,-0.23707711696624756,0.9998941421508789,0.9995723366737366,0.3394884467124939,0.4923926591873169,-0.20827385783195496,0.9999212026596069,0.9996479749679565,0.6199607253074646,0.7439953088760376,-0.2517772316932678,0.9988124966621399,0.9968652129173279,0.2617616057395935,0.7945042848587036,-0.3042328953742981,0.998728334903717,0.996335506439209,0.5053946375846863,0.8556357622146606,-0.5003030896186829,0.9965164065361023,0.9962831139564514,0.39849087595939636,0.8868638873100281,-0.6459301710128784,0.9952943325042725,0.9953587651252747,0.39733561873435974,0.18434655666351318,0.0031027314253151417,0.3868241310119629,0.19917035102844238,0.013920140452682972,0.4710816740989685,0.18791301548480988,0.010980639606714249,0.4584762752056122,0.17600083351135254,0.0009501778986304998,0.4145134687423706,0.30170366168022156,-0.0010618529049679637,0.4501914381980896,0.29773637652397156,-0.0025561482179909945
98,9800,0.5191262364387512,0.8505309820175171,1.8190910111570702e-07,0.4927392899990082,0.8309385180473328,3.31903065671213e-05,0.47052431106567383,0.8411346077919006,-0.0012735533528029919,0.45816171169281006,0.8659196496009827,-0.002066458575427532,0.4524543583393097,0.8863422274589539,-0.003191189141944051,0.46897831559181213,0.8585203289985657,-0.0119898347184062,0.4421355426311493,0.8839375376701355,-0.01600661687552929,0.42726489901542664,0.8974406123161316,-0.01654748059809208,0.4161439538002014,0.9073089957237244,-0.015990111976861954,0.4772340655326843,0.8867228031158447,-0.013008414767682552,0.4491003453731537,0.919296383857727,-0.016444770619273186,0.4328434467315674,0.9335896372795105,-0.015911443158984184,0.4223147928714752,0.9431366324424744,-0.014863968826830387,0.4859161972999573,0.9087052345275879,-0.012999646365642548,0.4609823226928711,0.9387121200561523,-0.014077717438340187,0.44822970032691956,0.9437283873558044,-0.012477265670895576,0.4410542845726013,0.9441642761230469,-0.011141663417220116,0.49325764179229736,0.9216229915618896,-0.012772065587341785,0.4736233353614807,0.9374731779098511,-0.012221459299325943,0.4633769989013672,0.9373899102210999,-0.009457767009735107,0.4577891230583191,0.9349696636199951,-0.007020723074674606,0.3871838450431824,0.8733503818511963,1.6691407722646545e-07,0.4123370945453644,0.8536927700042725,0.002063232474029064,0.439311146736145,0.854848325252533,0.0014809947460889816,0.45760175585746765,0.8665726780891418,0.00022355609689839184,0.47099611163139343,0.8808242082595825,-0.0007348447106778622,0.445461243391037,0.8568049073219299,0.00010654015932232141,0.4665251672267914,0.8757643699645996,-0.006692093331366777,0.4850267171859741,0.8932464718818665,-0.01242396142333746,0.49843236804008484,0.9072418808937073,-0.01576083153486252,0.4435003995895386,0.873689591884613,-0.003981396090239286,0.46558836102485657,0.8935650587081909,-0.00871214922517538,0.4841172993183136,0.9083990454673767,-0.012380827218294144,0.49994730949401855,0.9226352572441101,-0.014681864529848099,0.4404878616333008,0.8920049071311951,-0.00814012810587883,0.46140193939208984,0.9111095070838928,-0.011899111792445183,0.4781562387943268,0.9260774254798889,-0.01239587739109993,0.49287205934524536,0.9386867880821228,-0.012341586872935295,0.43507689237594604,0.9106326103210449,-0.012431712821125984,0.45297950506210327,0.9251589775085449,-0.014634307473897934,0.4658321142196655,0.9342264533042908,-0.013515738770365715,0.47811633348464966,0.9415842294692993,-0.012260779738426208,0.5488582849502563,0.4593711495399475,-0.23547394573688507,0.9998960494995117,0.9995731711387634,0.3394857943058014,0.4925921857357025,-0.2101975381374359,0.9999223947525024,0.9996439218521118,0.6199336647987366,0.7437461614608765,-0.2431938201189041,0.9988289475440979,0.9965923428535461,0.2619594931602478,0.7945162653923035,-0.3038872182369232,0.9986822605133057,0.995894193649292,0.5070323348045349,0.8542396426200867,-0.49392038583755493,0.9962314963340759,0.9953919649124146,0.398338258266449,0.8855153322219849,-0.6464391946792603,0.9946340322494507,0.9943968057632446,0.39660876989364624,0.1840454339981079,0.0025635710917413235,0.3860877454280853,0.19876687228679657,0.01347330491989851,0.47091206908226013,0.1884799599647522,0.010806821286678314,0.4583624601364136,0.17655214667320251,0.0005858673248440027,0.41411852836608887,0.30239319801330566,-0.0009361733682453632,0.4499830901622772,0.29861122369766235,-0.002257640240713954
99,9900,0.518626868724823,0.8491801023483276,1.8512962185468496e-07,0.492003470659256,0.8300069570541382,-0.0005698538734577596,0.46986424922943115,0.841078519821167,-0.002384958090260625,0.4575224220752716,0.8667764663696289,-0.003568403422832489,0.4517320990562439,0.8877767324447632,-0.0051185148768126965,0.4691375494003296,0.8568629026412964,-0.013138781301677227,0.44212576746940613,0.8824915885925293,-0.017520608380436897,0.4274052679538727,0.8966149687767029,-0.01827915757894516,0.41636186838150024,0.9069772362709045,-0.01786358468234539,0.47762882709503174,0.8852419853210449,-0.013988764956593513,0.4493255019187927,0.9174880981445312,-0.017487945035099983,0.4330731928348541,0.9320352077484131,-0.016914045438170433,0.4226316511631012,0.9416170120239258,-0.01593148335814476,0.4865554869174957,0.9073621034622192,-0.013845891691744328,0.4612794518470764,0.937579333782196,-0.015044710598886013,0.44858357310295105,0.9422409534454346,-0.01336735114455223,0.44170570373535156,0.9419922232627869,-0.012036134488880634,0.4940747618675232,0.920399010181427,-0.013528086245059967,0.4740283787250519,0.936432957649231,-0.013141064904630184,0.4639688730239868,0.935427725315094,-0.0103648966178298,0.4588789939880371,0.9320392608642578,-0.007954348810017109,0.385570764541626,0.871366560459137,1.7534362939386483e-07,0.4115051031112671,0.8562061786651611,0.0030110401567071676,0.4389461576938629,0.8579304218292236,0.0030257273465394974,0.45672595500946045,0.8686251044273376,0.0020993095822632313,0.47024065256118774,0.8823829293251038,0.0014748589601367712,0.44525259733200073,0.8548375368118286,0.002040302846580744,0.46634918451309204,0.874681293964386,-0.004634606186300516,0.4849887490272522,0.8931677341461182,-0.010372786782681942,0.4983605742454529,0.9078270196914673,-0.013662001118063927,0.4434516429901123,0.8701665997505188,-0.0025285303127020597,0.465519517660141,0.8927143216133118,-0.007276868913322687,0.4838070869445801,0.9090939164161682,-0.01097725797444582,0.49936822056770325,0.9244692325592041,-0.013142959214746952,0.440755695104599,0.8874252438545227,-0.007218077778816223,0.4614342153072357,0.909504771232605,-0.010817783884704113,0.47784852981567383,0.9257169961929321,-0.01108543947339058,0.49271854758262634,0.939156711101532,-0.010779384523630142,0.43569615483283997,0.9054846167564392,-0.012044993229210377,0.45348066091537476,0.9224315881729126,-0.013978672213852406,0.46609964966773987,0.9324751496315002,-0.01260326523333788,0.4785670340061188,0.9404335021972656,-0.011099298484623432,0.5488830804824829,0.45852577686309814,-0.23645992577075958,0.9998973608016968,0.9995163679122925,0.33950075507164,0.49276700615882874,-0.22020521759986877,0.9999232292175293,0.9996113181114197,0.619918167591095,0.7414526343345642,-0.23972384631633759,0.9988271594047546,0.9962162375450134,0.26243194937705994,0.7943233251571655,-0.30347052216529846,0.9986182451248169,0.9956135749816895,0.5086363554000854,0.8533077836036682,-0.4842422604560852,0.9958406090736389,0.9943177103996277,0.39822620153427124,0.8852202296257019,-0.6390365362167358,0.9938886165618896,0.9935535192489624,0.39664584398269653,0.18352359533309937,0.002356658922508359,0.3861703872680664,0.19835549592971802,0.013288620859384537,0.4709542393684387,0.18704980611801147,0.010492311790585518,0.4582996964454651,0.17506936192512512,0.00031425838824361563,0.41437429189682007,0.30189964175224304,-0.0007273700321093202,0.45027899742126465,0.2975357472896576,-0.002118141623213887
100,10000,0.5187463164329529,0.8488560914993286,1.8814834845670703e-07,0.49209171533584595,0.8299097418785095,-0.0008528213365934789,0.4699471890926361,0.8411557674407959,-0.0029030663426965475,0.45720815658569336,0.8664974570274353,-0.004256427753716707,0.45078063011169434,0.8873313069343567,-0.005935206077992916,0.46984246373176575,0.8552204370498657,-0.013941291719675064,0.4425475001335144,0.8818155527114868,-0.018556829541921616,0.42782604694366455,0.8960540294647217,-0.019314369186758995,0.41679075360298157,0.9063411355018616,-0.018841149285435677,0.47861340641975403,0.8835161328315735,-0.014699066057801247,0.4499911665916443,0.9170668125152588,-0.018614627420902252,0.4336340129375458,0.9316845536231995,-0.01808611862361431,0.42315375804901123,0.9410471320152283,-0.017031170427799225,0.48746466636657715,0.9057759046554565,-0.014460966922342777,0.4615788161754608,0.9369320273399353,-0.015973074361681938,0.44859543442726135,0.9413479566574097,-0.014291146770119667,0.4415743350982666,0.9407384991645813,-0.012849886901676655,0.49459463357925415,0.9190837740898132,-0.014047029428184032,0.4739600419998169,0.9357872605323792,-0.013841887935996056,0.4635051190853119,0.9348190426826477,-0.011111500672996044,0.45819422602653503,0.9313476085662842,-0.008687258698046207,0.3851551413536072,0.870618462562561,1.6948064285315922e-07,0.41174325346946716,0.8559396266937256,0.0029322749469429255,0.4398570656776428,0.8573418259620667,0.003362406510859728,0.4576165974140167,0.8662922978401184,0.0028634967748075724,0.4715534448623657,0.8784544467926025,0.0026273264084011316,0.445629745721817,0.8570535182952881,0.0026356542948633432,0.46666428446769714,0.8756561875343323,-0.0036871954798698425,0.48514702916145325,0.8935931921005249,-0.009196942672133446,0.49856022000312805,0.9082241654396057,-0.012326075695455074,0.4436991810798645,0.8732205629348755,-0.0016169761074706912,0.4656803607940674,0.8945600986480713,-0.00612566526979208,0.4836641550064087,0.910639762878418,-0.009768515825271606,0.4989759624004364,0.9259585738182068,-0.011863683350384235,0.4409931004047394,0.890404999256134,-0.006023599300533533,0.4615061581134796,0.9114858508110046,-0.00959096197038889,0.4779813885688782,0.9275088310241699,-0.010102218016982079,0.49299365282058716,0.9407011270523071,-0.009895679540932178,0.4359458088874817,0.907680869102478,-0.010543284006416798,0.45379385352134705,0.924031674861908,-0.012555466964840889,0.46658724546432495,0.9339314699172974,-0.011399621143937111,0.47905099391937256,0.9415616989135742,-0.01001700945198536,0.54891037940979,0.45840343832969666,-0.23685570061206818,0.999898374080658,0.9994957447052002,0.3395121991634369,0.49291709065437317,-0.22335264086723328,0.9999236464500427,0.9995831847190857,0.6199043989181519,0.7412926554679871,-0.23889389634132385,0.9988181591033936,0.9959924817085266,0.2628513276576996,0.7941051125526428,-0.3028644323348999,0.9985494613647461,0.9953669309616089,0.5090571641921997,0.8527894020080566,-0.4835268557071686,0.9954464435577393,0.9939680099487305,0.39820727705955505,0.8851231336593628,-0.6342076063156128,0.9931734800338745,0.9930926561355591,0.3965921103954315,0.18367910385131836,0.0023184409365057945,0.3860633969306946,0.19839566946029663,0.01326063647866249,0.47095775604248047,0.1875806748867035,0.010692776180803776,0.45832061767578125,0.17579083144664764,0.0004043834051117301,0.4143810272216797,0.3017515540122986,-0.0008022710680961609,0.450290322303772,0.2974776327610016,-0.0020788179244846106
101,10100,0.5193722248077393,0.8469415903091431,1.8529787837451295e-07,0.4933359920978546,0.8281970620155334,-0.0010629248572513461,0.47122883796691895,0.8387860655784607,-0.0030930116772651672,0.4581350088119507,0.8632922172546387,-0.00440510967746377,0.4514322876930237,0.8837835788726807,-0.0060503180138766766,0.47071048617362976,0.8537439107894897,-0.01381072960793972,0.4441317915916443,0.8793336749076843,-0.018581241369247437,0.4294462203979492,0.8932600617408752,-0.019609037786722183,0.4182700216770172,0.9033917188644409,-0.019328175112605095,0.4789928197860718,0.8817824125289917,-0.01450849324464798,0.4508203864097595,0.9146412014961243,-0.018495554104447365,0.43436115980148315,0.9296983480453491,-0.018140092492103577,0.4237107038497925,0.9397686719894409,-0.017200030386447906,0.4876891076564789,0.9039654731750488,-0.014246809296309948,0.46250200271606445,0.9348325133323669,-0.01590723916888237,0.4497407078742981,0.9396761059761047,-0.01424158364534378,0.4428592324256897,0.9396558403968811,-0.012718764133751392,0.49502694606781006,0.9174029231071472,-0.013840650208294392,0.4746420979499817,0.9346016645431519,-0.013774312101304531,0.46440795063972473,0.9342654347419739,-0.011003250256180763,0.45928484201431274,0.9313312768936157,-0.008466452360153198,0.38648539781570435,0.8708573579788208,1.5395053765132616e-07,0.412565141916275,0.8515402674674988,0.002248270669952035,0.44021639227867126,0.8533471822738647,0.0025949024129658937,0.4579368531703949,0.8639394640922546,0.0021757453214377165,0.47099971771240234,0.877586305141449,0.0019791070371866226,0.44619718194007874,0.8584269285202026,0.0015188278630375862,0.46783074736595154,0.8767895102500916,-0.004332029726356268,0.4860061705112457,0.892885684967041,-0.009412234649062157,0.4995810389518738,0.905784547328949,-0.012427747249603271,0.44416508078575134,0.87773197889328,-0.002280222484841943,0.4667744040489197,0.8965438008308411,-0.006290634628385305,0.4844728708267212,0.9104132652282715,-0.00965915061533451,0.49988794326782227,0.9234309792518616,-0.011758972890675068,0.4412514567375183,0.8968358635902405,-0.006178308743983507,0.4627922475337982,0.9142149686813354,-0.009411151520907879,0.478829026222229,0.9276134967803955,-0.009829279966652393,0.49325358867645264,0.9382622838020325,-0.009701160714030266,0.43630465865135193,0.9149776697158813,-0.010227036662399769,0.45475515723228455,0.9286502599716187,-0.012287280522286892,0.4671177864074707,0.937061071395874,-0.01123463362455368,0.4785926342010498,0.9430304169654846,-0.009957066737115383,0.548909068107605,0.45804187655448914,-0.23848190903663635,0.9998989105224609,0.9994686245918274,0.33951443433761597,0.4929185211658478,-0.22375531494617462,0.9999241828918457,0.9996222257614136,0.6199085712432861,0.7389960289001465,-0.239079549908638,0.9988312125205994,0.9956682920455933,0.2631918787956238,0.7940882444381714,-0.29668793082237244,0.9985262155532837,0.9955528378486633,0.5097817182540894,0.8512964844703674,-0.4841270446777344,0.9952826499938965,0.9944567680358887,0.39737945795059204,0.8849963545799255,-0.6178582310676575,0.992929220199585,0.9938088059425354,0.3974233567714691,0.1842096745967865,0.001340057933703065,0.3868095576763153,0.19844818115234375,0.012304773554205894,0.4714813232421875,0.18820661306381226,0.010123004205524921,0.45892876386642456,0.17676398158073425,-0.00030656190938316286,0.41515856981277466,0.30249249935150146,-0.0003990418917965144,0.45094460248947144,0.29863405227661133,-0.0014593311352655292
102,10200,0.5183723568916321,0.8465947508811951,1.836845484604055e-07,0.49290966987609863,0.8277620077133179,-0.0010392752010375261,0.4705469310283661,0.8391332626342773,-0.003218789352104068,0.45609065890312195,0.8625172972679138,-0.004493872635066509,0.44768327474594116,0.8820658922195435,-0.006046137306839228,0.47075924277305603,0.8515648245811462,-0.015896974131464958,0.4433581829071045,0.8776706457138062,-0.020710397511720657,0.42877092957496643,0.892175018787384,-0.02121911197900772,0.4182628393173218,0.9028831124305725,-0.020462030544877052,0.4791322350502014,0.8799019455909729,-0.016439570114016533,0.4497344195842743,0.9142346382141113,-0.02054186724126339,0.4334462583065033,0.9291293621063232,-0.01946399360895157,0.4235900938510895,0.9387634992599487,-0.017943616956472397,0.4876421093940735,0.9025801420211792,-0.015855031087994576,0.460878849029541,0.9347096681594849,-0.017496349290013313,0.44838058948516846,0.9382637143135071,-0.015109685249626637,0.4425171911716461,0.9369084239006042,-0.01304654497653246,0.494669109582901,0.9166457653045654,-0.015078829601407051,0.473219633102417,0.9345656633377075,-0.014992398209869862,0.4627247750759125,0.9340491890907288,-0.01196227502077818,0.45773425698280334,0.9310226440429688,-0.009194459766149521,0.3866257071495056,0.8693702816963196,1.467085724016215e-07,0.4125950336456299,0.8499955534934998,0.002229082165285945,0.4406415522098541,0.8532499074935913,0.002662339247763157,0.4586705267429352,0.8641974329948425,0.002351385774090886,0.472114235162735,0.8766146302223206,0.0022923406213521957,0.4460304081439972,0.8591800332069397,0.0019332843367010355,0.46751126646995544,0.8775235414505005,-0.0037956670857965946,0.48566555976867676,0.8931564092636108,-0.008959460072219372,0.49963539838790894,0.9048416614532471,-0.012154597789049149,0.443901389837265,0.8778697848320007,-0.0018713048193603754,0.46644267439842224,0.8958169221878052,-0.005686574149876833,0.48437461256980896,0.9084817171096802,-0.009177414700388908,0.5006135106086731,0.9199544191360474,-0.01156160980463028,0.4409879446029663,0.8957368731498718,-0.005792947951704264,0.4627135694026947,0.9118868112564087,-0.008939456194639206,0.4787157475948334,0.9242846965789795,-0.009310197085142136,0.4934728741645813,0.9337112903594971,-0.009298407472670078,0.4362223148345947,0.9126095175743103,-0.00988352857530117,0.45475712418556213,0.9258299469947815,-0.011849232949316502,0.46697717905044556,0.9338363409042358,-0.010722916573286057,0.4784418046474457,0.9390111565589905,-0.009564649313688278,0.5488854050636292,0.4579857587814331,-0.23937344551086426,0.9998992681503296,0.9994657635688782,0.33946913480758667,0.49289852380752563,-0.22326135635375977,0.9999246597290039,0.9995908141136169,0.6198344826698303,0.739001452922821,-0.2417689859867096,0.9988288879394531,0.9959037899971008,0.2632569670677185,0.7941049933433533,-0.2907266318798065,0.9984672665596008,0.9955464601516724,0.5097883939743042,0.8511896729469299,-0.48522186279296875,0.9950310587882996,0.9941948056221008,0.3974139094352722,0.8839254379272461,-0.6099535822868347,0.9923966526985168,0.9934542179107666,0.39805448055267334,0.18487700819969177,0.0009907017229124904,0.3873671889305115,0.19880926609039307,0.011851212941110134,0.47208473086357117,0.18917205929756165,0.01026508491486311,0.4597524404525757,0.17770172655582428,-0.00023556016094516963,0.41536784172058105,0.3025680482387543,-0.0004792338877450675,0.4510490596294403,0.2991487979888916,-0.0012630108976736665
