frame,t_ms,lh_x0,lh_y0,lh_z0,lh_x1,lh_y1,lh_z1,lh_x2,lh_y2,lh_z2,lh_x3,lh_y3,lh_z3,lh_x4,lh_y4,lh_z4,lh_x5,lh_y5,lh_z5,lh_x6,lh_y6,lh_z6,lh_x7,lh_y7,lh_z7,lh_x8,lh_y8,lh_z8,lh_x9,lh_y9,lh_z9,lh_x10,lh_y10,lh_z10,lh_x11,lh_y11,lh_z11,lh_x12,lh_y12,lh_z12,lh_x13,lh_y13,lh_z13,lh_x14,lh_y14,lh_z14,lh_x15,lh_y15,lh_z15,lh_x16,lh_y16,lh_z16,lh_x17,lh_y17,lh_z17,lh_x18,lh_y18,lh_z18,lh_x19,lh_y19,lh_z19,lh_x20,lh_y20,lh_z20,rh_x0,rh_y0,rh_z0,rh_x1,rh_y1,rh_z1,rh_x2,rh_y2,rh_z2,rh_x3,rh_y3,rh_z3,rh_x4,rh_y4,rh_z4,rh_x5,rh_y5,rh_z5,rh_x6,rh_y6,rh_z6,rh_x7,rh_y7,rh_z7,rh_x8,rh_y8,rh_z8,rh_x9,rh_y9,rh_z9,rh_x10,rh_y10,rh_z10,rh_x11,rh_y11,rh_z11,rh_x12,rh_y12,rh_z12,rh_x13,rh_y13,rh_z13,rh_x14,rh_y14,rh_z14,rh_x15,rh_y15,rh_z15,rh_x16,rh_y16,rh_z16,rh_x17,rh_y17,rh_z17,rh_x18,rh_y18,rh_z18,rh_x19,rh_y19,rh_z19,rh_x20,rh_y20,rh_z20,l_shoulder_x,l_shoulder_y,l_shoulder_z,l_shoulder_vis,l_shoulder_pres,r_shoulder_x,r_shoulder_y,r_shoulder_z,r_shoulder_vis,r_shoulder_pres,l_elbow_x,l_elbow_y,l_elbow_z,l_elbow_vis,l_elbow_pres,r_elbow_x,r_elbow_y,r_elbow_z,r_elbow_vis,r_elbow_pres,l_wrist_x,l_wrist_y,l_wrist_z,l_wrist_vis,l_wrist_pres,r_wrist_x,r_wrist_y,r_wrist_z,r_wrist_vis,r_wrist_pres,lbrow_outer_x,lbrow_outer_y,lbrow_outer_z,lbrow_inner_x,lbrow_inner_y,lbrow_inner_z,rbrow_inner_x,rbrow_inner_y,rbrow_inner_z,rbrow_outer_x,rbrow_outer_y,rbrow_outer_z,mouth_right_x,mouth_right_y,mouth_right_z,mouth_left_x,mouth_left_y,mouth_left_z
0,0,0.3655049800872803,0.8140276074409485,6.422305887099355e-08,0.33958354592323303,0.7975864410400391,-0.002017238177359104,0.3113817274570465,0.805534303188324,-0.0023303383495658636,0.29411470890045166,0.824235737323761,-0.002718582283705473,0.2820626497268677,0.842004120349884,-0.003298090072348714,0.3090797960758209,0.8282868266105652,-0.0014122906140983105,0.2916516065597534,0.850569486618042,-0.006365302950143814,0.27895551919937134,0.867925226688385,-0.010681910440325737,0.26886439323425293,0.8813101649284363,-0.013808069750666618,0.31520262360572815,0.8517977595329285,-0.0027856058441102505,0.2967347204685211,0.8725574016571045,-0.006810819264501333,0.28290891647338867,0.8878858685493469,-0.010629285126924515,0.2702156901359558,0.8994827270507812,-0.013465779833495617,0.32232755422592163,0.8719915747642517,-0.004422237165272236,0.30406203866004944,0.8933612108230591,-0.008389866910874844,0.2918373644351959,0.9055850505828857,-0.009569861926138401,0.28031256794929504,0.9147469401359558,-0.010244782082736492,0.3299644887447357,0.8884484171867371,-0.006297903601080179,0.313336044549942,0.9050741791725159,-0.010095356963574886,0.30260300636291504,0.9131418466567993,-0.010433758608996868,0.29264551401138306,0.9197516441345215,-0.010159057565033436,0.2454582005739212,0.8173039555549622,6.174082756160715e-08,0.26889127492904663,0.7971165180206299,0.0005653988337144256,0.29392051696777344,0.8032276034355164,-0.0007829497917555273,0.3110506236553192,0.8187747597694397,-0.001916683278977871,0.32316991686820984,0.8293411135673523,-0.0029411509167402983,0.29787543416023254,0.8287531733512878,-0.009770053438842297,0.32016053795814514,0.8595958352088928,-0.014656412415206432,0.33269888162612915,0.878695011138916,-0.01636754721403122,0.3409532308578491,0.8912193775177002,-0.016389179974794388,0.2893472909927368,0.8553669452667236,-0.011907365173101425,0.3139524757862091,0.8916242122650146,-0.014656852930784225,0.32412752509117126,0.9053970575332642,-0.013152756728231907,0.32833173871040344,0.9101427793502808,-0.011293184012174606,0.27987661957740784,0.8756703734397888,-0.013375608250498772,0.3028116226196289,0.910447359085083,-0.014513745903968811,0.3127462863922119,0.918900191783905,-0.010713620111346245,0.31702932715415955,0.9184266328811646,-0.007416317705065012,0.27057063579559326,0.8886204957962036,-0.01474484521895647,0.2900322377681732,0.9165410995483398,-0.01434331201016903,0.299908310174942,0.924354612827301,-0.010121096856892109,0.30585959553718567,0.9242915511131287,-0.006186486687511206,0.4221683144569397,0.47229307889938354,-0.29895198345184326,0.9998394250869751,0.9985621571540833,0.19997981190681458,0.4667622447013855,-0.25960761308670044,0.9999159574508667,0.999270498752594,0.47622150182724,0.7759159803390503,-0.4219209551811218,0.9949416518211365,0.9856982827186584,0.13573093712329865,0.7626189589500427,-0.38398414850234985,0.9891414642333984,0.9875325560569763,0.3723165988922119,0.8387073278427124,-0.8141055107116699,0.9822027683258057,0.9886626601219177,0.253775954246521,0.8139401078224182,-0.7956015467643738,0.9547491073608398,0.9882622361183167,0.278780996799469,0.16758909821510315,-0.006025545299053192,0.26777374744415283,0.18029382824897766,0.005007508676499128,0.35017234086990356,0.17610439658164978,0.00528058921918273,0.3391905128955841,0.16450434923171997,-0.005999463144689798,0.2892838418483734,0.28165164589881897,0.0051730177365243435,0.3305835723876953,0.2805887758731842,0.005200913175940514
1,120,0.3509898781776428,0.8313775062561035,3.778825430345023e-08,0.3274061381816864,0.815343976020813,-0.0028233681805431843,0.30359646677970886,0.8216357827186584,-0.002736874623224139,0.28839197754859924,0.8350629806518555,-0.0029357767198234797,0.27760735154151917,0.8488207459449768,-0.00322160217911005,0.3043588399887085,0.8512689471244812,-0.000523559283465147,0.28924569487571716,0.8702566623687744,-0.00451281014829874,0.2793968617916107,0.886050283908844,-0.008283761329948902,0.2713273763656616,0.900468647480011,-0.011279016733169556,0.30973032116889954,0.8717844486236572,-0.0016015927540138364,0.29401442408561707,0.8931178450584412,-0.005994497798383236,0.2830144762992859,0.9110060334205627,-0.010787921026349068,0.2731873691082001,0.9264679551124573,-0.014382327906787395,0.31585341691970825,0.888759970664978,-0.003032916458323598,0.3008914887905121,0.9110838770866394,-0.0075791822746396065,0.29134687781333923,0.926515519618988,-0.010384446009993553,0.2827887535095215,0.9401566386222839,-0.012309920974075794,0.32258591055870056,0.9014179110527039,-0.004740509204566479,0.31079918146133423,0.9219422340393066,-0.009020518511533737,0.30298513174057007,0.9350162148475647,-0.010672803968191147,0.29572075605392456,0.9469299912452698,-0.011554580181837082,0.2376292645931244,0.7749348282814026,1.4735879005911556e-07,0.2630891799926758,0.7653787732124329,-0.0006585926748812199,0.2850351333618164,0.7863329648971558,-0.002698999596759677,0.2966897487640381,0.8159998655319214,-0.004358768463134766,0.3008466064929962,0.8399753570556641,-0.006193139124661684,0.2924409508705139,0.7948432564735413,-0.00999464187771082,0.3138361871242523,0.8322021961212158,-0.014664741232991219,0.3257114887237549,0.8550065159797668,-0.01689927838742733,0.3344767689704895,0.8721920251846313,-0.017949165776371956,0.2825402021408081,0.8189201354980469,-0.012382579036056995,0.3037470281124115,0.8620424866676331,-0.015300639905035496,0.3138495087623596,0.8867316246032715,-0.016294829547405243,0.3207612931728363,0.9049374461174011,-0.017237314954400063,0.27179524302482605,0.8396877646446228,-0.01426201593130827,0.29187870025634766,0.8808203339576721,-0.016375651583075523,0.30139651894569397,0.9045311212539673,-0.016490809619426727,0.30740129947662354,0.9210946559906006,-0.01685267873108387,0.26174983382225037,0.8547443151473999,-0.016121363267302513,0.2772858440876007,0.8872755765914917,-0.01685526594519615,0.2833963930606842,0.9058805704116821,-0.015179924666881561,0.28739428520202637,0.9200040102005005,-0.013898763805627823,0.4213240146636963,0.47015291452407837,-0.23641923069953918,0.9998348951339722,0.998278021812439,0.20033033192157745,0.4618811011314392,-0.20518067479133606,0.9999154806137085,0.9992879033088684,0.47636088728904724,0.7755787372589111,-0.3639427423477173,0.9951691627502441,0.9914690852165222,0.13356873393058777,0.7540007829666138,-0.3470740020275116,0.9898058176040649,0.9930251836776733,0.3568401038646698,0.8385925889015198,-0.766193151473999,0.9830925464630127,0.9929068088531494,0.2500673234462738,0.7882754802703857,-0.790790855884552,0.9576991200447083,0.9936200976371765,0.2798420190811157,0.16571298241615295,-0.00561485206708312,0.2690221965312958,0.17853286862373352,0.005089829210191965,0.3494533896446228,0.17596395313739777,0.006091866176575422,0.33887380361557007,0.1638312041759491,-0.005046363454312086,0.2885851263999939,0.28123149275779724,0.004878678359091282,0.3308505415916443,0.2807249426841736,0.005473187193274498
2,200,0.3502025306224823,0.8288021087646484,9.920071875058056e-08,0.32876041531562805,0.820095956325531,-0.0038790011312812567,0.30648884177207947,0.8337171673774719,-0.007171771954745054,0.2908705770969391,0.8555046319961548,-0.00971818808466196,0.27809181809425354,0.8741135597229004,-0.012700029648840427,0.3044029474258423,0.8528341054916382,-0.011957132257521152,0.28735166788101196,0.8856236338615417,-0.018253788352012634,0.27883654832839966,0.9081204533576965,-0.0217957254499197,0.2744465172290802,0.9268606305122375,-0.02362760342657566,0.31356900930404663,0.8711397647857666,-0.01282915472984314,0.2949783205986023,0.9073781371116638,-0.018480241298675537,0.2861890196800232,0.9309951663017273,-0.021175242960453033,0.28138038516044617,0.949235737323761,-0.022797903046011925,0.3242245316505432,0.8876215815544128,-0.01352798379957676,0.3063098192214966,0.9221065044403076,-0.017870424315333366,0.29686811566352844,0.9428887963294983,-0.019492696970701218,0.2911145091056824,0.9582966566085815,-0.02039395272731781,0.33503228425979614,0.9015604853630066,-0.01420937292277813,0.31968897581100464,0.926719069480896,-0.018035603687167168,0.31078192591667175,0.9415424466133118,-0.01913430728018284,0.30407410860061646,0.9534136652946472,-0.019311971962451935,0.2316475659608841,0.7355906963348389,1.3879018467832793e-07,0.25810500979423523,0.7269711494445801,0.0008980636484920979,0.2814057767391205,0.7475345730781555,-0.0010908531257882714,0.29552045464515686,0.7764524817466736,-0.0030637881718575954,0.3019541800022125,0.7994827628135681,-0.004913806449621916,0.28918981552124023,0.7432858347892761,-0.009831171482801437,0.3125532865524292,0.7779762744903564,-0.014607075601816177,0.3237611651420593,0.8013599514961243,-0.01603868044912815,0.3310670554637909,0.8174891471862793,-0.01627073623239994,0.27897191047668457,0.7650771737098694,-0.013417650014162064,0.30194827914237976,0.811130940914154,-0.017204884439706802,0.31307560205459595,0.8357532024383545,-0.017690105363726616,0.3207598328590393,0.851245105266571,-0.01786934956908226,0.2674807012081146,0.7873127460479736,-0.016415288671851158,0.28759709000587463,0.8335978388786316,-0.018368512392044067,0.2984245717525482,0.8571599125862122,-0.018092622980475426,0.3063640892505646,0.8719721436500549,-0.01801632158458233,0.2568003535270691,0.8059512972831726,-0.01924845017492771,0.2727065980434418,0.8432155251502991,-0.019184717908501625,0.2813042998313904,0.8621068000793457,-0.01731056720018387,0.28847062587738037,0.8756918907165527,-0.01590774580836296,0.41867342591285706,0.4696792960166931,-0.18834064900875092,0.9998377561569214,0.9991573095321655,0.19997861981391907,0.4608132243156433,-0.19189852476119995,0.9999200105667114,0.9997969269752502,0.47638601064682007,0.7749835252761841,-0.32419639825820923,0.9954810738563538,0.9936834573745728,0.13001024723052979,0.7662177085876465,-0.41646337509155273,0.9906980991363525,0.9964134097099304,0.3582462668418884,0.8365360498428345,-0.7235323190689087,0.984386682510376,0.9968228340148926,0.2473450005054474,0.7420758008956909,-0.8895094990730286,0.9615452289581299,0.9990782737731934,0.2798929214477539,0.16152919828891754,-0.005061390344053507,0.2690694034099579,0.1758195161819458,0.00537734804674983,0.34957361221313477,0.17162476480007172,0.0071380469016730785,0.33935821056365967,0.1585250198841095,-0.0039760880172252655,0.28902795910835266,0.28054946660995483,0.0040632085874676704,0.33056846261024475,0.2797869145870209,0.005021364893764257
3,320,0.35023942589759827,0.8306113481521606,5.613203057919236e-08,0.32657790184020996,0.8208497166633606,0.00013070179556962103,0.3046303987503052,0.8393466472625732,-0.0012698115315288305,0.29048293828964233,0.8655233383178711,-0.0022945222444832325,0.2791399657726288,0.8850729465484619,-0.0038190993946045637,0.30004021525382996,0.8540492057800293,-0.009725493378937244,0.2846478819847107,0.8951016068458557,-0.014428218826651573,0.2780417203903198,0.9200080633163452,-0.01629679836332798,0.27501729130744934,0.9396146535873413,-0.01696183532476425,0.3104000985622406,0.8733326196670532,-0.011873281560838223,0.2933329641819,0.919270396232605,-0.01618729531764984,0.28571832180023193,0.9439182281494141,-0.017410889267921448,0.2816905975341797,0.9613577723503113,-0.017989246174693108,0.3219248056411743,0.890760600566864,-0.013439172878861427,0.30543991923332214,0.9335900545120239,-0.016498740762472153,0.2967079281806946,0.9561993479728699,-0.017322644591331482,0.2912745773792267,0.9721167683601379,-0.017790749669075012,0.3331829905509949,0.9047645926475525,-0.014562901109457016,0.3190859258174896,0.9368168711662292,-0.017207134515047073,0.3111841082572937,0.9538123607635498,-0.017590167000889778,0.3045733571052551,0.9666853547096252,-0.01740383170545101,0.22843097150325775,0.6788018345832825,1.8953822689127264e-07,0.25303366780281067,0.6600745916366577,-0.0014713435666635633,0.27838134765625,0.6502388715744019,-0.007185325957834721,0.2988043427467346,0.6595355272293091,-0.013385620899498463,0.3123587965965271,0.6726372241973877,-0.019612958654761314,0.274395227432251,0.6074146628379822,-0.015210462734103203,0.2968123257160187,0.6359023451805115,-0.025249186903238297,0.3081222474575043,0.6589013338088989,-0.03163578733801842,0.3153255581855774,0.6778528094291687,-0.03571723401546478,0.2628764510154724,0.6222496032714844,-0.020235905423760414,0.28649771213531494,0.6597309708595276,-0.029812488704919815,0.2980504333972931,0.6883918642997742,-0.03293716162443161,0.3053376078605652,0.7111353278160095,-0.03537638857960701,0.2522413730621338,0.644920825958252,-0.025111090391874313,0.27537599205970764,0.679304838180542,-0.03344789519906044,0.28650447726249695,0.7042566537857056,-0.03377607464790344,0.29364821314811707,0.7230558395385742,-0.03362243250012398,0.24352413415908813,0.6710765957832336,-0.030164603143930435,0.2626539468765259,0.6968501806259155,-0.0352763831615448,0.2731296122074127,0.7141353487968445,-0.034912895411252975,0.2811821699142456,0.7286673188209534,-0.034327782690525055,0.41870611906051636,0.46510595083236694,-0.18803945183753967,0.9998464584350586,0.9994831085205078,0.20001628994941711,0.4574182331562042,-0.20389285683631897,0.9999259114265442,0.9998875856399536,0.4760403633117676,0.7763182520866394,-0.2933201193809509,0.9958364963531494,0.9938982725143433,0.12929680943489075,0.7820362448692322,-0.4787577986717224,0.991546630859375,0.9968904852867126,0.3536945581436157,0.8364500999450684,-0.6763503551483154,0.9856979846954346,0.997323751449585,0.2408050298690796,0.676278829574585,-0.9751791954040527,0.9652130603790283,0.9997348189353943,0.2806227505207062,0.15297669172286987,-0.001865133410319686,0.2695896625518799,0.16866442561149597,0.00784603226929903,0.35026589035987854,0.16496723890304565,0.011004435829818249,0.34043586254119873,0.1507619321346283,9.632429282646626e-05,0.29162847995758057,0.27629750967025757,0.0007407072116620839,0.3307763338088989,0.27779829502105713,0.0022888844832777977
4,400,0.34861743450164795,0.8269922137260437,3.5971012835034344e-08,0.32350942492485046,0.8194839358329773,0.0009556290460750461,0.301685094833374,0.8395220637321472,-0.0004588863521348685,0.28798049688339233,0.8676313757896423,-0.0018577874870970845,0.27602922916412354,0.8867352604866028,-0.0037888512015342712,0.2964424788951874,0.8527621626853943,-0.008394059725105762,0.2812235653400421,0.8966624140739441,-0.013272466138005257,0.2751924693584442,0.9216609597206116,-0.01554932165890932,0.27309417724609375,0.9403380751609802,-0.016306836158037186,0.3074823319911957,0.8719872832298279,-0.01092599332332611,0.29037100076675415,0.9190714955329895,-0.015049789100885391,0.28340455889701843,0.9446830153465271,-0.016417304053902626,0.28098589181900024,0.9623237252235413,-0.01710057631134987,0.3194778561592102,0.8889784812927246,-0.012880153954029083,0.3026542067527771,0.9319173097610474,-0.01549475360661745,0.2943098545074463,0.9555915594100952,-0.016009489074349403,0.2900036871433258,0.9720437526702881,-0.01630638726055622,0.3313717246055603,0.9030801653862,-0.0143539197742939,0.3159191310405731,0.9350506663322449,-0.01632189378142357,0.3077036142349243,0.9519108533859253,-0.016106633469462395,0.30143436789512634,0.9644811153411865,-0.015514633618295193,0.24195218086242676,0.6440325975418091,1.929386783672271e-08,0.2636893093585968,0.6204291582107544,-0.0014415316982194781,0.27921366691589355,0.5983214974403381,-0.00608087657019496,0.29149413108825684,0.586819589138031,-0.011889639310538769,0.2984575033187866,0.5828585028648376,-0.01724175550043583,0.26851436495780945,0.5379801988601685,-0.007700112648308277,0.2917092740535736,0.5472242832183838,-0.01691708341240883,0.30033257603645325,0.5712572336196899,-0.02320779860019684,0.3021029233932495,0.5920387506484985,-0.026470568031072617,0.2572999596595764,0.5500777363777161,-0.011727818287909031,0.2812340259552002,0.5782211422920227,-0.019407248124480247,0.28868943452835083,0.6040812730789185,-0.022169210016727448,0.2895236611366272,0.6223770976066589,-0.02407434955239296,0.24792762100696564,0.571918249130249,-0.016180777922272682,0.27048859000205994,0.5988205075263977,-0.023467320948839188,0.27718111872673035,0.6200395822525024,-0.023635022342205048,0.2784782946109772,0.6348985433578491,-0.023001650348305702,0.2410186529159546,0.597068190574646,-0.020865531638264656,0.2590201497077942,0.6152475476264954,-0.024707168340682983,0.26629817485809326,0.6294857263565063,-0.023455511778593063,0.26984328031539917,0.6399363279342651,-0.021943461149930954,0.4185578227043152,0.46335479617118835,-0.17129728198051453,0.9998542666435242,0.9995784163475037,0.1993485689163208,0.4582621157169342,-0.22814878821372986,0.9999305009841919,0.9998610019683838,0.4767957627773285,0.7760324478149414,-0.276252806186676,0.996125340461731,0.9949080348014832,0.13365864753723145,0.79228276014328,-0.5246253609657288,0.9922854900360107,0.9961398243904114,0.3542719781398773,0.8363528847694397,-0.6707704663276672,0.986786961555481,0.9965567588806152,0.24116063117980957,0.6316489577293396,-1.0158765316009521,0.9684782028198242,0.9997045397758484,0.28179511427879333,0.1477506160736084,-0.0012571295956149697,0.27036556601524353,0.16465483605861664,0.007749374024569988,0.35070866346359253,0.16225600242614746,0.013289307244122028,0.3413197100162506,0.14628392457962036,0.0024012380745261908,0.29229575395584106,0.27403533458709717,-0.0007482974906452,0.33090341091156006,0.2757616937160492,0.0020041463430970907
5,520,0.34708306193351746,0.8242002725601196,2.566068424414425e-08,0.3211706578731537,0.8177882432937622,0.0015740871895104647,0.29865366220474243,0.8388444781303406,0.0006277313805185258,0.28544700145721436,0.8687111139297485,-0.0003683332179207355,0.2743806540966034,0.8902084231376648,-0.001868418650701642,0.2931942343711853,0.8508701324462891,-0.007764108944684267,0.27731770277023315,0.8951231241226196,-0.012216155417263508,0.27118343114852905,0.9201424717903137,-0.014159341342747211,0.269197940826416,0.9388136267662048,-0.014679496176540852,0.3044505715370178,0.8701019883155823,-0.010469147935509682,0.2867230772972107,0.9182145595550537,-0.014030278660356998,0.2797465920448303,0.9439885020256042,-0.015054356306791306,0.2775512635707855,0.9618390798568726,-0.015538426116108894,0.3164454400539398,0.8867836594581604,-0.012546489015221596,0.29907554388046265,0.9302637577056885,-0.014605894684791565,0.29084235429763794,0.9539092183113098,-0.014965124428272247,0.28673049807548523,0.9704875946044922,-0.015253322198987007,0.32819676399230957,0.9004659056663513,-0.0141306696459651,0.3125799000263214,0.9327822923660278,-0.015845004469156265,0.3042270243167877,0.9506141543388367,-0.015765029937028885,0.2978247106075287,0.9646474123001099,-0.015313288196921349,0.255135715007782,0.5838422179222107,3.504541723486909e-08,0.2801986038684845,0.5506165623664856,-0.001020123832859099,0.2947433590888977,0.5220149755477905,-0.0050955889746546745,0.3018794655799866,0.5003421306610107,-0.01090423297137022,0.29614928364753723,0.48930269479751587,-0.01613953523337841,0.2715227007865906,0.4622262418270111,-0.003161047585308552,0.2865197956562042,0.4481331408023834,-0.01253918930888176,0.29546234011650085,0.4564247131347656,-0.01912127621471882,0.2993254065513611,0.4688126742839813,-0.022527655586600304,0.25785815715789795,0.46820566058158875,-0.007679166737943888,0.2806801497936249,0.48237958550453186,-0.016760053113102913,0.2871001064777374,0.5108605623245239,-0.01954353228211403,0.2871522605419159,0.5301984548568726,-0.020422158762812614,0.24719470739364624,0.4855051040649414,-0.012914985418319702,0.27156615257263184,0.5067750215530396,-0.021545518189668655,0.27734893560409546,0.532317042350769,-0.020193468779325485,0.27808284759521484,0.5488411784172058,-0.017529090866446495,0.23946897685527802,0.5083922743797302,-0.01859356090426445,0.2588993310928345,0.5231378674507141,-0.022356858476996422,0.26644718647003174,0.5396041870117188,-0.01969469152390957,0.26953163743019104,0.5509991645812988,-0.016707349568605423,0.41834568977355957,0.46147122979164124,-0.18454782664775848,0.9998610019683838,0.9995063543319702,0.19979892671108246,0.4573661684989929,-0.23504845798015594,0.9999339580535889,0.9998216032981873,0.47792571783065796,0.7762460708618164,-0.2956368923187256,0.9963750839233398,0.9930422306060791,0.14571847021579742,0.7890344262123108,-0.537915050983429,0.9929027557373047,0.9948758482933044,0.3499882221221924,0.8363268375396729,-0.6811745762825012,0.9876660108566284,0.994877815246582,0.24175767600536346,0.5811598300933838,-1.0353914499282837,0.9713841676712036,0.9997138381004333,0.28182652592658997,0.1517573744058609,-0.0024754907935857773,0.2701910138130188,0.1690896600484848,0.006407586857676506,0.3510296940803528,0.16647261381149292,0.01373309176415205,0.3418677747249603,0.15084664523601532,0.0023639060091227293,0.29262006282806396,0.2793169915676117,-0.0008538239053450525,0.331801176071167,0.27955153584480286,0.0028094928711652756
6,600,0.3482251763343811,0.8244593143463135,2.1237903879978148e-08,0.32156050205230713,0.8182716965675354,0.00255004339851439,0.29903942346572876,0.8379847407341003,0.0018503012834116817,0.28544139862060547,0.8660040497779846,0.0008334186859428883,0.2739553451538086,0.8875259757041931,-0.0006181711214594543,0.29317423701286316,0.8503439426422119,-0.006002886686474085,0.2769465148448944,0.8951178789138794,-0.010643530637025833,0.2706378698348999,0.9205345511436462,-0.01295717153698206,0.26834404468536377,0.9398783445358276,-0.013674072921276093,0.3040483891963959,0.869589626789093,-0.009178021922707558,0.28632891178131104,0.9166094064712524,-0.01289659459143877,0.279018372297287,0.9431898593902588,-0.014329666271805763,0.2759537696838379,0.9622463583946228,-0.015083608217537403,0.31590914726257324,0.8869693875312805,-0.01171686127781868,0.2988431751728058,0.9299713373184204,-0.013724260963499546,0.29058653116226196,0.9533658027648926,-0.013831867836415768,0.28598159551620483,0.970330536365509,-0.013938598334789276,0.3278973698616028,0.9014274477958679,-0.013742082752287388,0.3125736713409424,0.932675838470459,-0.01499464176595211,0.304728627204895,0.949350118637085,-0.014183592982590199,0.29865047335624695,0.962505042552948,-0.013206121511757374,0.2667801082134247,0.5594913959503174,6.442914468607341e-08,0.28728246688842773,0.5199099183082581,-0.0013228048337623477,0.30090761184692383,0.48831304907798767,-0.005137094296514988,0.3058852553367615,0.4627276360988617,-0.011050853878259659,0.29684603214263916,0.45370420813560486,-0.017054187133908272,0.2733284831047058,0.43394553661346436,0.003138817148283124,0.2808322310447693,0.42517462372779846,-0.005410980898886919,0.2878664433956146,0.4187164902687073,-0.012676402926445007,0.29529300332069397,0.41350382566452026,-0.017091847956180573,0.2605664134025574,0.43743255734443665,-0.0012707250425592065,0.28317612409591675,0.4511476159095764,-0.012292182072997093,0.2890010178089142,0.482938677072525,-0.01648332178592682,0.29005885124206543,0.5031024217605591,-0.016611644998192787,0.25077080726623535,0.452770471572876,-0.006694571580737829,0.27452659606933594,0.4716503322124481,-0.01743265613913536,0.27844980359077454,0.4996037483215332,-0.016616085544228554,0.2790277898311615,0.5165389180183411,-0.01276345457881689,0.24334459006786346,0.4747118651866913,-0.012630502693355083,0.2621433138847351,0.4885256588459015,-0.018503544852137566,0.2678331434726715,0.5070969462394714,-0.016591306775808334,0.2691437900066376,0.5184170007705688,-0.01291307806968689,0.4182889461517334,0.4599590301513672,-0.15280598402023315,0.9998668432235718,0.9995906949043274,0.20181187987327576,0.45640823245048523,-0.2081625908613205,0.9999359846115112,0.9997780919075012,0.47841745615005493,0.7760961055755615,-0.2478710412979126,0.9965907335281372,0.9950714111328125,0.15086719393730164,0.7752876281738281,-0.5367425680160522,0.993449330329895,0.9950525164604187,0.34961262345314026,0.836232602596283,-0.60419762134552,0.9884125590324402,0.9953742623329163,0.24435584247112274,0.5570102334022522,-0.9788366556167603,0.9739517569541931,0.9996672868728638,0.282697468996048,0.1563153862953186,-0.0034880584571510553,0.2708348035812378,0.17356139421463013,0.005164713133126497,0.3507108688354492,0.1706182062625885,0.013631060719490051,0.3416086733341217,0.15514713525772095,0.0021360614337027073,0.2929626405239105,0.2838498055934906,-0.0006510650273412466,0.33214572072029114,0.2842696011066437,0.0036371788010001183
7,720,0.3493508994579315,0.823291540145874,1.7460131118696154e-08,0.3219088315963745,0.8168845176696777,0.0025418454315513372,0.29888051748275757,0.837898313999176,0.0019364660838618875,0.2848345935344696,0.8678816556930542,0.0010325307957828045,0.2735406458377838,0.8906516432762146,-0.00028413074323907495,0.2939326763153076,0.8494789004325867,-0.005941374693065882,0.276986688375473,0.8944985866546631,-0.010615674778819084,0.270704984664917,0.9202668070793152,-0.012944483198225498,0.26868584752082825,0.9395331144332886,-0.013620946556329727,0.3047572374343872,0.8692629337310791,-0.009025383740663528,0.28627511858940125,0.9166206121444702,-0.012821078300476074,0.2789531946182251,0.943389356136322,-0.014182358980178833,0.27606984972953796,0.9625029563903809,-0.014812428504228592,0.3165155351161957,0.8870700597763062,-0.011473887600004673,0.2987889051437378,0.9301234483718872,-0.013396937400102615,0.2907266318798065,0.9531182050704956,-0.01332859043031931,0.28635650873184204,0.969926118850708,-0.0132899209856987,0.32832226157188416,0.9015302062034607,-0.013432174921035767,0.3124631345272064,0.9326024651527405,-0.01444066409021616,0.3048115074634552,0.948987603187561,-0.013419821858406067,0.2992124557495117,0.9620530009269714,-0.012306700460612774,0.2704835832118988,0.5373267531394958,1.4866027520099578e-08,0.2893124222755432,0.5071892738342285,-0.002397269243374467,0.30354687571525574,0.4746814966201782,-0.006222041789442301,0.3081513047218323,0.4480987787246704,-0.011504300870001316,0.2999062240123749,0.4405871033668518,-0.016892991960048676,0.2766081988811493,0.417927622795105,-0.0002611268137115985,0.28386375308036804,0.40976741909980774,-0.0084203090518713,0.29042771458625793,0.4037647247314453,-0.014634168706834316,0.2978992164134979,0.39792636036872864,-0.018312057480216026,0.2631679177284241,0.42067664861679077,-0.0038021812215447426,0.2844402492046356,0.4342460334300995,-0.013828042894601822,0.2903347313404083,0.466617614030838,-0.01660376600921154,0.29146358370780945,0.4865816533565521,-0.01605127565562725,0.2525888979434967,0.43554580211639404,-0.008280147798359394,0.27572232484817505,0.45541027188301086,-0.01807582564651966,0.2796109914779663,0.4828234016895294,-0.017089273780584335,0.27933797240257263,0.4975834786891937,-0.013624545186758041,0.2447289675474167,0.4563199281692505,-0.013290459290146828,0.2635630965232849,0.4702525734901428,-0.01836271397769451,0.26856720447540283,0.48874929547309875,-0.01651690900325775,0.26802727580070496,0.49876657128334045,-0.013284641318023205,0.4167248606681824,0.4589610695838928,-0.1638791710138321,0.9998686909675598,0.9994007349014282,0.20140162110328674,0.45594894886016846,-0.2113192081451416,0.9999357461929321,0.9997114539146423,0.47819003462791443,0.7727333307266235,-0.2594381868839264,0.9967688322067261,0.9931955337524414,0.15685762465000153,0.7622818946838379,-0.5296056866645813,0.9939305186271667,0.9940131306648254,0.34909340739250183,0.8348427414894104,-0.6255698204040527,0.9890115261077881,0.9937773942947388,0.25205039978027344,0.5442216396331787,-0.9911961555480957,0.9762561917304993,0.9995995163917542,0.2837250232696533,0.1654249131679535,-0.006378101650625467,0.2715316712856293,0.18121391534805298,0.002554261591285467,0.35148581862449646,0.1779109388589859,0.011868467554450035,0.3424767255783081,0.1636316329240799,-0.00013790722005069256,0.2932162284851074,0.2895375192165375,0.0008703618077561259,0.3324953615665436,0.2911341190338135,0.005619892384856939
8,800,0.349857360124588,0.8235710263252258,1.5535967179403087e-08,0.3222728669643402,0.81693434715271,0.0026648573111742735,0.2991700768470764,0.8374046683311462,0.0020221564918756485,0.285075306892395,0.8671566843986511,0.0010869234101846814,0.27384066581726074,0.8899223804473877,-0.00026296204305253923,0.2941775918006897,0.8489050269126892,-0.006048840004950762,0.2771490812301636,0.89445960521698,-0.010676794685423374,0.2708744406700134,0.9200074672698975,-0.01291213184595108,0.2687899172306061,0.9389574527740479,-0.013515062630176544,0.3051910102367401,0.8686188459396362,-0.009182075969874859,0.2865282893180847,0.9165762066841125,-0.012940214946866035,0.27912551164627075,0.9431772232055664,-0.014227662235498428,0.27615848183631897,0.9620370268821716,-0.014811107888817787,0.3169340193271637,0.8863347172737122,-0.011645709164440632,0.2989647388458252,0.9295859336853027,-0.01355072297155857,0.29076632857322693,0.952613353729248,-0.013397292234003544,0.286245733499527,0.969397246837616,-0.013293209485709667,0.3285709619522095,0.900774359703064,-0.013598267920315266,0.3125869929790497,0.9324163198471069,-0.01458994671702385,0.3047553598880768,0.948891818523407,-0.013495457358658314,0.29890909790992737,0.9619510769844055,-0.01232339907437563,0.27080658078193665,0.5339041948318481,-2.268827969942322e-08,0.2897517681121826,0.5083160400390625,-0.003846336854621768,0.3047359883785248,0.4762738049030304,-0.007867741398513317,0.3079531192779541,0.44881343841552734,-0.012823904864490032,0.29691946506500244,0.44510528445243835,-0.01786331832408905,0.2776804566383362,0.42061978578567505,-0.002619500271975994,0.28462710976600647,0.4113287627696991,-0.010980726219713688,0.28943827748298645,0.40800461173057556,-0.01719990000128746,0.29465726017951965,0.40586814284324646,-0.020717956125736237,0.26369014382362366,0.4232971966266632,-0.005082285962998867,0.2822219133377075,0.4379872679710388,-0.014140895567834377,0.287747859954834,0.4686635434627533,-0.016843551769852638,0.28902727365493774,0.48771554231643677,-0.016784433275461197,0.2523249685764313,0.43744999170303345,-0.008450781926512718,0.2726662755012512,0.45799270272254944,-0.017208268865942955,0.2768080234527588,0.48313605785369873,-0.016039850190281868,0.2771334946155548,0.4970172643661499,-0.013041534461081028,0.24311481416225433,0.457796186208725,-0.012468240223824978,0.2602071464061737,0.4715525805950165,-0.01701701059937477,0.26625919342041016,0.4880589246749878,-0.015048597007989883,0.26714327931404114,0.49698615074157715,-0.012020147405564785,0.4144936203956604,0.45877107977867126,-0.14848557114601135,0.9998674988746643,0.999254047870636,0.20113733410835266,0.4544556140899658,-0.19496294856071472,0.9999350309371948,0.99970942735672,0.4768748879432678,0.7719547748565674,-0.27059024572372437,0.996923565864563,0.9932734966278076,0.15999576449394226,0.7556225061416626,-0.5266590118408203,0.9943683743476868,0.9947341680526733,0.3470824360847473,0.8347655534744263,-0.6383250951766968,0.9895724654197693,0.9946198463439941,0.25236713886260986,0.54292231798172,-0.982970118522644,0.9783377647399902,0.9996410608291626,0.2840384840965271,0.1703096628189087,-0.006461717188358307,0.2717176675796509,0.18574148416519165,0.0023478579241782427,0.35184645652770996,0.18248668313026428,0.012403723783791065,0.3429129123687744,0.16871100664138794,0.00027339125517755747,0.2933230698108673,0.2942970395088196,0.0007583383703604341,0.3337002694606781,0.29388511180877686,0.005902166478335857
9,920,0.35014232993125916,0.8239731788635254,1.4160496775161846e-08,0.3222070634365082,0.8167810440063477,0.002690905937924981,0.29901620745658875,0.8370678424835205,0.0019537003245204687,0.2847583293914795,0.8672024011611938,0.0010171416215598583,0.2739996016025543,0.8906700015068054,-0.0003194283344782889,0.2943201959133148,0.8486053943634033,-0.00672147935256362,0.2770387530326843,0.8941364884376526,-0.011466051451861858,0.2709382474422455,0.9198814034461975,-0.013680565170943737,0.26919102668762207,0.9387951493263245,-0.01420610211789608,0.3055616617202759,0.8686911463737488,-0.009752845391631126,0.28654634952545166,0.9172108769416809,-0.013597114011645317,0.27912479639053345,0.9434912800788879,-0.014654748141765594,0.27633562684059143,0.9617493748664856,-0.015032370574772358,0.31738796830177307,0.8866248726844788,-0.012062604539096355,0.29929497838020325,0.9303685426712036,-0.013892469927668571,0.2910044193267822,0.9532138109207153,-0.013551075011491776,0.28657397627830505,0.9698449373245239,-0.013317545875906944,0.32903340458869934,0.900756299495697,-0.013849048875272274,0.31286919116973877,0.9322391152381897,-0.01466011069715023,0.30511531233787537,0.9485635757446289,-0.01341308280825615,0.29954567551612854,0.9616113901138306,-0.012148575857281685,0.2694346010684967,0.5255988240242004,-5.859521756690356e-09,0.2870278060436249,0.5036848187446594,-0.004129568114876747,0.3009642958641052,0.47155988216400146,-0.008051726967096329,0.30350539088249207,0.44476452469825745,-0.012827386148273945,0.29310113191604614,0.4392509460449219,-0.017705176025629044,0.27569374442100525,0.4185154139995575,-0.00291666341945529,0.2809736728668213,0.4045712947845459,-0.011540137231349945,0.2855975329875946,0.40002843737602234,-0.01788986474275589,0.2906547784805298,0.3994893729686737,-0.021278582513332367,0.2614462375640869,0.41995611786842346,-0.0051232920959591866,0.2785647511482239,0.4346528947353363,-0.014379533007740974,0.28331413865089417,0.46385055780410767,-0.01726589724421501,0.2835811674594879,0.4805113673210144,-0.017289819195866585,0.2498541921377182,0.433789998292923,-0.008302667178213596,0.26874712109565735,0.45432746410369873,-0.017189742997288704,0.2723170220851898,0.4783453643321991,-0.016296841204166412,0.2719937860965729,0.48994070291519165,-0.013599037192761898,0.2403619885444641,0.453689843416214,-0.01209980621933937,0.2567337155342102,0.46920138597488403,-0.01689166948199272,0.2623319625854492,0.4861571490764618,-0.015162245370447636,0.26267409324645996,0.49370574951171875,-0.012341581284999847,0.4129959046840668,0.45874959230422974,-0.14325709640979767,0.9998666644096375,0.9993201494216919,0.2011348307132721,0.4530792236328125,-0.1926577389240265,0.9999341368675232,0.9997161030769348,0.47662353515625,0.7706192135810852,-0.2760251462459564,0.9970683455467224,0.9929666519165039,0.16157247126102448,0.7522498369216919,-0.520343542098999,0.9947764277458191,0.9943825006484985,0.34720271825790405,0.8348454236984253,-0.6474409103393555,0.9901325702667236,0.9945054650306702,0.25190943479537964,0.5392738580703735,-0.9828109741210938,0.9802504181861877,0.9996242523193359,0.2834746241569519,0.1729622185230255,-0.00731648737564683,0.27104243636131287,0.18828615546226501,0.0015487882774323225,0.35154059529304504,0.18442073464393616,0.011954943649470806,0.3426021337509155,0.17102143168449402,-0.00033650899422354996,0.2933047115802765,0.29616713523864746,0.001074116094969213,0.33341196179389954,0.2951017916202545,0.006391739007085562
10,1000,0.35011014342308044,0.8237549662590027,1.5223998062197097e-08,0.3223351538181305,0.8167878985404968,0.0026242733001708984,0.2990759313106537,0.8371962308883667,0.0018681160872802138,0.28480052947998047,0.8668035268783569,0.0008769689011387527,0.27362632751464844,0.8896233439445496,-0.0005060081603005528,0.29411423206329346,0.8490219712257385,-0.006502007599920034,0.27684879302978516,0.8941506743431091,-0.011271432042121887,0.27065593004226685,0.9196173548698425,-0.013588197529315948,0.2687559723854065,0.9385775923728943,-0.014218083582818508,0.30539968609809875,0.8691285848617554,-0.00959171261638403,0.2863718569278717,0.9171874523162842,-0.013472837395966053,0.27880990505218506,0.9432940483093262,-0.014700905419886112,0.27585604786872864,0.9617461562156677,-0.015227822586894035,0.3172781765460968,0.8868858218193054,-0.01199281495064497,0.299059122800827,0.9302710890769958,-0.013929716311395168,0.29060569405555725,0.9530627131462097,-0.013753604143857956,0.2860163450241089,0.9699051380157471,-0.013639209792017937,0.3289147913455963,0.9008368253707886,-0.013877663761377335,0.3127182126045227,0.9322986006736755,-0.014848441816866398,0.3047727048397064,0.9487608671188354,-0.013753566890954971,0.29896026849746704,0.9619967341423035,-0.012599988840520382,0.26885145902633667,0.5217445492744446,1.7487071346522498e-08,0.28494012355804443,0.49948614835739136,-0.004864608868956566,0.2976325750350952,0.4667299687862396,-0.009138296358287334,0.30001333355903625,0.4410436749458313,-0.013898400589823723,0.29093360900878906,0.4361126124858856,-0.018774250522255898,0.27023473381996155,0.4139121472835541,-0.004218710586428642,0.2758817970752716,0.40332943201065063,-0.01308661513030529,0.28189584612846375,0.39573782682418823,-0.019747324287891388,0.2890763580799103,0.3900407552719116,-0.023518186062574387,0.2559502422809601,0.4175177812576294,-0.006200389936566353,0.2745338976383209,0.4301518499851227,-0.016401810571551323,0.28093498945236206,0.46102410554885864,-0.01901250146329403,0.2826882302761078,0.4805213510990143,-0.018504321575164795,0.24464407563209534,0.43330076336860657,-0.009159940294921398,0.26511114835739136,0.45127323269844055,-0.018985360860824585,0.27022504806518555,0.4772997796535492,-0.01739449054002762,0.2712094783782959,0.4913978576660156,-0.013744625262916088,0.23636415600776672,0.4555846154689789,-0.012774915434420109,0.25311771035194397,0.46773087978363037,-0.018031733110547066,0.25957122445106506,0.4850604832172394,-0.015789667144417763,0.2605651319026947,0.4942267835140228,-0.012368710711598396,0.4126621186733246,0.45874354243278503,-0.13213559985160828,0.9998667240142822,0.9994543194770813,0.2008906900882721,0.4531063139438629,-0.17634914815425873,0.9999330043792725,0.9997313618659973,0.47656697034835815,0.7697129249572754,-0.2706179618835449,0.9972065687179565,0.9941704273223877,0.16222216188907623,0.751715362071991,-0.4960576593875885,0.9951344728469849,0.9947816729545593,0.34723952412605286,0.8348350524902344,-0.6359972953796387,0.9906805753707886,0.9955517649650574,0.2515861988067627,0.5311006307601929,-0.9537755250930786,0.9819661974906921,0.999634861946106,0.28217077255249023,0.1752728521823883,-0.008089181035757065,0.26977095007896423,0.19026151299476624,0.0008242286276072264,0.3509695827960968,0.18537425994873047,0.011531966738402843,0.3420613408088684,0.17238828539848328,-0.0008744615479372442,0.2921907305717468,0.29502633213996887,0.001524904277175665,0.33281993865966797,0.2944609820842743,0.007016743998974562
11,1120,0.35008302330970764,0.824155330657959,1.5558269339521758e-08,0.3222222924232483,0.8165706992149353,0.0026361867785453796,0.2986585795879364,0.8363265991210938,0.001888706348836422,0.2844657301902771,0.865740954875946,0.0009546686778776348,0.27402469515800476,0.8889982104301453,-0.0003974058199673891,0.2932578921318054,0.8477723002433777,-0.0068380520679056644,0.2755836248397827,0.8926781415939331,-0.011575952172279358,0.2690921723842621,0.9189750552177429,-0.013845663517713547,0.2669249475002289,0.9389593005180359,-0.014445574954152107,0.304348886013031,0.8684237599372864,-0.009954191744327545,0.28504955768585205,0.9166834354400635,-0.013674991205334663,0.2776399552822113,0.9431520700454712,-0.014720306731760502,0.274845689535141,0.9618191719055176,-0.015106790699064732,0.31618303060531616,0.886829674243927,-0.012347760610282421,0.29756632447242737,0.9302940368652344,-0.014075331389904022,0.2893483340740204,0.9528682827949524,-0.013703678734600544,0.2849935293197632,0.9693164825439453,-0.013459558598697186,0.3279157876968384,0.9014788866043091,-0.014242714270949364,0.3116348683834076,0.9328826665878296,-0.015088869258761406,0.30356720089912415,0.9493857622146606,-0.013922493904829025,0.2976200580596924,0.9625635147094727,-0.01269284076988697,0.2329787015914917,0.528380274772644,1.5064013325627457e-07,0.24145464599132538,0.4878348112106323,-0.0020798661280423403,0.2593330144882202,0.45171311497688293,-0.007853054441511631,0.28058063983917236,0.43730536103248596,-0.01417564321309328,0.29604098200798035,0.4359707534313202,-0.01971983164548874,0.24510185420513153,0.420728474855423,-0.014336606487631798,0.2776087522506714,0.4107326567173004,-0.025255843997001648,0.29628288745880127,0.413476824760437,-0.03142682835459709,0.30991315841674805,0.4189857244491577,-0.03478030115365982,0.24339133501052856,0.44384726881980896,-0.019108034670352936,0.28573593497276306,0.4391959011554718,-0.03141484409570694,0.29563260078430176,0.4610501825809479,-0.033358100801706314,0.2958832383155823,0.4782562851905823,-0.033179886639118195,0.24617795646190643,0.4697917401790619,-0.023781467229127884,0.2862035930156708,0.47184082865715027,-0.032450322061777115,0.28714296221733093,0.4880463778972626,-0.02863376773893833,0.2799036502838135,0.49520280957221985,-0.024634817615151405,0.2512483596801758,0.49461954832077026,-0.028834780678153038,0.28240153193473816,0.4948129951953888,-0.031027264893054962,0.28092721104621887,0.5047095417976379,-0.026119498535990715,0.2727929651737213,0.5086460709571838,-0.022243518382310867,0.41262707114219666,0.4586418569087982,-0.1366390883922577,0.9998670816421509,0.9994277358055115,0.20084640383720398,0.45138388872146606,-0.17403177917003632,0.9999318718910217,0.9996929168701172,0.47653794288635254,0.7700058221817017,-0.2757457196712494,0.997329831123352,0.99405437707901,0.16274172067642212,0.752797544002533,-0.49043694138526917,0.9954222440719604,0.9942957758903503,0.34530314803123474,0.8348854184150696,-0.6513769030570984,0.9911586046218872,0.9953330159187317,0.246430441737175,0.5287491083145142,-0.9543958902359009,0.9834983944892883,0.999667763710022,0.2788459062576294,0.17830854654312134,-0.008655985817313194,0.2672773599624634,0.19186250865459442,0.0006034058169461787,0.348583459854126,0.18334978818893433,0.008720180951058865,0.3388773798942566,0.1722087860107422,-0.003182705957442522,0.2917141616344452,0.2952101528644562,0.002791857346892357,0.33066117763519287,0.2929805815219879,0.006866107694804668
12,1200,0.34978461265563965,0.8236121535301208,1.6075945907800815e-08,0.3215535879135132,0.8164528608322144,0.0028788393829017878,0.2979125678539276,0.8356132507324219,0.0022032952401787043,0.28386443853378296,0.8645006418228149,0.0012572921114042401,0.2744928300380707,0.8885582089424133,-0.00017683602345641702,0.29211026430130005,0.8475402593612671,-0.006383943371474743,0.27444183826446533,0.8917166590690613,-0.011101237498223782,0.2678499221801758,0.917881965637207,-0.013560828752815723,0.2655588686466217,0.9378557205200195,-0.014339585788547993,0.3032166659832001,0.868434727191925,-0.009690050967037678,0.2839324474334717,0.9162229299545288,-0.013148452155292034,0.27625951170921326,0.9421908855438232,-0.014280530624091625,0.27309849858283997,0.9607741236686707,-0.014843104407191277,0.31514498591423035,0.8868399858474731,-0.012286205776035786,0.2965368628501892,0.9297670125961304,-0.013838522136211395,0.2882170081138611,0.9517459869384766,-0.013583436608314514,0.28357189893722534,0.9679851531982422,-0.013520020060241222,0.3269101679325104,0.901370644569397,-0.014389267191290855,0.31050366163253784,0.9319044351577759,-0.015179099515080452,0.30198657512664795,0.9476177096366882,-0.014097271487116814,0.2954127788543701,0.960256814956665,-0.012998409569263458,0.22188304364681244,0.5461446046829224,9.9937516040427e-08,0.22439806163311005,0.5005269050598145,-0.000777689681854099,0.2448144555091858,0.4662894010543823,-0.005037100985646248,0.2682519853115082,0.4550646245479584,-0.009360830299556255,0.2839541733264923,0.4551883935928345,-0.013784476555883884,0.24568885564804077,0.4515748918056488,-0.012590564787387848,0.2776242196559906,0.4335259199142456,-0.01968294009566307,0.2951086759567261,0.4332655668258667,-0.023757651448249817,0.3064897656440735,0.438073992729187,-0.025574559345841408,0.25379106402397156,0.47758689522743225,-0.015866946429014206,0.2885150611400604,0.4595775902271271,-0.02149089239537716,0.2928415536880493,0.46262460947036743,-0.021644141525030136,0.28963610529899597,0.46731701493263245,-0.02134777046740055,0.26122140884399414,0.5052075982093811,-0.018528364598751068,0.29109618067741394,0.48803818225860596,-0.02124805375933647,0.28957226872444153,0.4913538992404938,-0.017156369984149933,0.282651424407959,0.49501460790634155,-0.013989156112074852,0.2671351730823517,0.5311586260795593,-0.021359192207455635,0.2877747416496277,0.5136908888816833,-0.019132615998387337,0.2849568724632263,0.5135573744773865,-0.012854140251874924,0.27842217683792114,0.5160767436027527,-0.00837553758174181,0.4128759503364563,0.4586181640625,-0.1646803319454193,0.9998704195022583,0.999472439289093,0.20098724961280823,0.4513659179210663,-0.17551283538341522,0.9999338388442993,0.9997766613960266,0.47749289870262146,0.7723367214202881,-0.29069337248802185,0.9974860548973083,0.9944908618927002,0.15300755202770233,0.7597077488899231,-0.4767146110534668,0.9957081079483032,0.9958989024162292,0.34532469511032104,0.8355036377906799,-0.6553102731704712,0.9916773438453674,0.995954155921936,0.2383541315793991,0.5361344218254089,-0.956738293170929,0.9848979115486145,0.9997130036354065,0.27677977085113525,0.18576031923294067,-0.009956520050764084,0.2657776176929474,0.1985340416431427,-7.496395846828818e-05,0.34644535183906555,0.1869317889213562,0.005264934152364731,0.33618611097335815,0.17743751406669617,-0.006465055048465729,0.2912794053554535,0.30086326599121094,0.004705322906374931,0.3293900489807129,0.2966219484806061,0.007275726180523634
13,1320,0.3483617901802063,0.8202682733535767,1.4765048739207032e-08,0.31985586881637573,0.8121110200881958,0.0028983072843402624,0.2966710329055786,0.8314648270606995,0.0026885238476097584,0.2836039066314697,0.8600099086761475,0.002293009078130126,0.2751232981681824,0.8829329013824463,0.0014858798822388053,0.28979647159576416,0.8432489633560181,-0.005696447566151619,0.272196888923645,0.8861206769943237,-0.009683090262115002,0.26522448658943176,0.9123824238777161,-0.011756439693272114,0.262490838766098,0.9327797889709473,-0.012387779541313648,0.30042847990989685,0.8661260008811951,-0.008613046258687973,0.28115159273147583,0.9135901927947998,-0.011361382901668549,0.27374178171157837,0.9387553930282593,-0.012178078293800354,0.2708470821380615,0.9565185308456421,-0.012535101734101772,0.3118577003479004,0.8858283162117004,-0.010798834264278412,0.29322442412376404,0.9277941584587097,-0.011730490252375603,0.2850247919559479,0.9490970373153687,-0.011626331135630608,0.28066059947013855,0.9645633101463318,-0.011730183847248554,0.3229512870311737,0.9006599187850952,-0.012507054023444653,0.3068268299102783,0.9298014044761658,-0.012970402836799622,0.29856759309768677,0.9453838467597961,-0.012087064795196056,0.29237547516822815,0.9580295085906982,-0.01113486010581255,0.22277876734733582,0.5613366961479187,5.4361429135951767e-08,0.2291300892829895,0.5048536062240601,0.00013373710680752993,0.24947528541088104,0.468777596950531,-0.001370872720144689,0.27165091037750244,0.45347291231155396,-0.003071586601436138,0.2883124351501465,0.44924288988113403,-0.004308375529944897,0.2564847767353058,0.477627158164978,-0.005412937141954899,0.28520578145980835,0.46728575229644775,-0.008174923248589039,0.29536598920822144,0.4607389271259308,-0.009155113250017166,0.3009437918663025,0.4547722041606903,-0.0094155827537179,0.26541683077812195,0.5080631375312805,-0.007676532957702875,0.2925834357738495,0.48642873764038086,-0.008731028996407986,0.2979745864868164,0.4736521244049072,-0.008093331009149551,0.2974185347557068,0.4666084349155426,-0.007760846521705389,0.2719411551952362,0.5348329544067383,-0.00942089781165123,0.29392337799072266,0.507935643196106,-0.009439773857593536,0.29401785135269165,0.49547991156578064,-0.005796927958726883,0.2892603278160095,0.4908548891544342,-0.0032886522822082043,0.2764841914176941,0.556106686592102,-0.011231905780732632,0.29122859239578247,0.5284733176231384,-0.008931590244174004,0.29019686579704285,0.5175260901451111,-0.003674980252981186,0.28578266501426697,0.515657365322113,0.0002457787049934268,0.41477352380752563,0.45867449045181274,-0.17826740443706512,0.9998751878738403,0.9995560050010681,0.20109644532203674,0.4542248249053955,-0.19574293494224548,0.999937117099762,0.9998419284820557,0.4774928689002991,0.7747306227684021,-0.29687443375587463,0.9976493716239929,0.9958474040031433,0.1418103277683258,0.7749426960945129,-0.48069778084754944,0.9960193037986755,0.9972027540206909,0.3453865945339203,0.8350467085838318,-0.6796468496322632,0.9922215938568115,0.997067391872406,0.22937004268169403,0.5701469779014587,-0.9851969480514526,0.9861929416656494,0.9997747540473938,0.272831529378891,0.21100294589996338,-0.013544570654630661,0.2624349892139435,0.21994099020957947,-0.002413505921140313,0.34523695707321167,0.2048550546169281,-0.001067654462531209,0.33444082736968994,0.20030748844146729,-0.012857108376920223,0.29303792119026184,0.32128778100013733,0.008036516606807709,0.3263722360134125,0.31443604826927185,0.008546819910407066
14,1400,0.3478085994720459,0.8201776742935181,2.0193031247117688e-08,0.31940600275993347,0.8111439347267151,0.002598827239125967,0.2955525815486908,0.8289524912834167,0.0021789539605379105,0.2822653651237488,0.856961190700531,0.0015697692288085818,0.27430659532546997,0.8806087970733643,0.0005230067763477564,0.2889159619808197,0.8431086540222168,-0.005889153573662043,0.27088606357574463,0.8849884867668152,-0.01003179606050253,0.2634071111679077,0.9108943343162537,-0.012369193136692047,0.26043805480003357,0.9310657978057861,-0.013245699927210808,0.29953569173812866,0.8657751679420471,-0.008800480514764786,0.28014159202575684,0.9121718406677246,-0.011573873460292816,0.2723163664340973,0.9372122287750244,-0.012683483771979809,0.26903754472732544,0.9551969170570374,-0.01338057592511177,0.3110288381576538,0.8849508166313171,-0.011021885089576244,0.29232901334762573,0.9260759353637695,-0.012006183154881,0.28380391001701355,0.9473516345024109,-0.012235688976943493,0.27917084097862244,0.9629685282707214,-0.012675120495259762,0.32226306200027466,0.8995296955108643,-0.012803561054170132,0.30611658096313477,0.9280810356140137,-0.013426195830106735,0.2975676953792572,0.9438865780830383,-0.012860450893640518,0.29110899567604065,0.9569920301437378,-0.012212825939059258,0.2303536832332611,0.5758588910102844,-6.254686013562605e-08,0.23274549841880798,0.5208659768104553,0.0019240982364863157,0.2503361105918884,0.48298177123069763,0.0015719408402219415,0.2703915238380432,0.47148793935775757,0.00048537744442000985,0.2845595180988312,0.4753721356391907,-0.0003092022961936891,0.26540935039520264,0.4915791451931,-0.0033366756979376078,0.2933405339717865,0.4804413914680481,-0.005839490331709385,0.29881197214126587,0.48015350103378296,-0.006088027264922857,0.2990942597389221,0.4833722412586212,-0.005566625855863094,0.2747029662132263,0.5212695002555847,-0.005640407092869282,0.29490548372268677,0.5009841322898865,-0.0064315712079405785,0.28922784328460693,0.4987623989582062,-0.0045325178653001785,0.28078123927116394,0.5051110982894897,-0.002853600075468421,0.2804788053035736,0.5484932065010071,-0.007501265499740839,0.29228895902633667,0.5244935750961304,-0.0070387632586061954,0.2865855097770691,0.5233728885650635,-0.0034665463026612997,0.2792126536369324,0.5307989120483398,-0.0011049777967855334,0.284218966960907,0.5707594156265259,-0.009227355942130089,0.2922077775001526,0.5470902919769287,-0.006725013256072998,0.286917120218277,0.545487642288208,-0.0020608953200280666,0.280618816614151,0.5528661608695984,0.0014029319863766432,0.41617393493652344,0.45868292450904846,-0.19129545986652374,0.9998807907104492,0.9996289014816284,0.20107755064964294,0.45687150955200195,-0.22434654831886292,0.9999403953552246,0.9998573064804077,0.4769929349422455,0.7788771986961365,-0.3059459626674652,0.9977959394454956,0.9955226182937622,0.14055463671684265,0.7899863123893738,-0.49666815996170044,0.9963032007217407,0.9969666600227356,0.34524381160736084,0.8348425030708313,-0.7091071009635925,0.992749035358429,0.997326135635376,0.228946715593338,0.5889548659324646,-1.0098252296447754,0.9873803853988647,0.9997499585151672,0.2717621624469757,0.2248956561088562,-0.016884051263332367,0.2616707682609558,0.23211514949798584,-0.00542915565893054,0.34438467025756836,0.2162003070116043,-0.004220221191644669,0.3337678909301758,0.213470458984375,-0.016299132257699966,0.2936147153377533,0.3334084749221802,0.010272406972944736,0.3257999122142792,0.3261406421661377,0.010787866078317165
15,1520,0.34646618366241455,0.8189568519592285,2.3019635975174424e-08,0.3176386058330536,0.8111678957939148,0.0032043925020843744,0.29411521553993225,0.8291406631469727,0.002782287076115608,0.28141310811042786,0.8582945466041565,0.0020226428750902414,0.2740311026573181,0.8825856447219849,0.0008028706070035696,0.2878636419773102,0.8417125940322876,-0.005721450783312321,0.269469678401947,0.8844461441040039,-0.009989789687097073,0.2618507742881775,0.9108273386955261,-0.012304938398301601,0.2588646411895752,0.9312472939491272,-0.013064739294350147,0.2983367443084717,0.8649831414222717,-0.00899806059896946,0.2783050835132599,0.9120424389839172,-0.01199554093182087,0.27065297961235046,0.93755704164505,-0.012939688749611378,0.26780492067337036,0.9555237293243408,-0.01335027813911438,0.3097229301929474,0.8846038579940796,-0.011502142064273357,0.29033610224723816,0.9260420203208923,-0.012488041073083878,0.28212112188339233,0.9472925066947937,-0.01218621525913477,0.27798032760620117,0.9624021649360657,-0.012123688124120235,0.32088783383369446,0.8995455503463745,-0.013522556982934475,0.3041456639766693,0.928743302822113,-0.013931574299931526,0.29539620876312256,0.944612979888916,-0.012864567339420319,0.28883954882621765,0.9574058055877686,-0.011763803660869598,0.23492904007434845,0.5951150059700012,-1.2176131747310137e-07,0.2386588305234909,0.5383409261703491,0.0020416153129190207,0.25599703192710876,0.5009311437606812,0.002239946275949478,0.2753010094165802,0.4916364550590515,0.0016310265054926276,0.2875886857509613,0.5007861256599426,0.0015260337386280298,0.276885062456131,0.508154571056366,-0.000124752739793621,0.2975921034812927,0.49682530760765076,-0.0003457220154814422,0.29762932658195496,0.4970121681690216,0.0003254349285271019,0.2942316234111786,0.5006332397460938,0.0008807414560578763,0.285555362701416,0.5361365675926208,-0.002185475081205368,0.2978931963443756,0.5197007060050964,-0.0005602228338830173,0.29081737995147705,0.5209015607833862,0.0015693322056904435,0.28320685029029846,0.5284413695335388,0.002773183397948742,0.2902486026287079,0.5617225170135498,-0.003925521858036518,0.2970506250858307,0.543375551700592,-0.001591334817931056,0.29048222303390503,0.543522834777832,0.0011381643125787377,0.2827840745449066,0.5506344437599182,0.0022652680054306984,0.2921539843082428,0.5837202668190002,-0.005655731540173292,0.29510775208473206,0.5671500563621521,-0.0025014847051352262,0.28961485624313354,0.5672773122787476,0.0011994970263913274,0.28363218903541565,0.5743370056152344,0.0038384373765438795,0.4183964133262634,0.4588325023651123,-0.18927428126335144,0.9998867511749268,0.9996682405471802,0.20125071704387665,0.46045732498168945,-0.23891916871070862,0.9999434351921082,0.999834418296814,0.4769822955131531,0.7798976302146912,-0.30389294028282166,0.997910737991333,0.995955228805542,0.13753101229667664,0.7933106422424316,-0.5049381852149963,0.9965580701828003,0.9971379041671753,0.3442535698413849,0.834136426448822,-0.7086076140403748,0.9931545853614807,0.997380793094635,0.23099932074546814,0.60007244348526,-1.0027241706848145,0.988364577293396,0.9997084736824036,0.27008190751075745,0.23659230768680573,-0.017150430008769035,0.26060304045677185,0.2436029314994812,-0.005460635293275118,0.3420405387878418,0.22484837472438812,-0.0056193177588284016,0.33106714487075806,0.22246955335140228,-0.017443999648094177,0.29260140657424927,0.3417811393737793,0.011031938716769218,0.3250124454498291,0.33457082509994507,0.011062302626669407
16,1600,0.3465856611728668,0.8198490738868713,2.4282401867026238e-08,0.3179565370082855,0.810886800289154,0.0036108926869928837,0.294964462518692,0.8287515044212341,0.0033563971519470215,0.2838732898235321,0.8584826588630676,0.0027046366594731808,0.2786467671394348,0.8832973837852478,0.001521697617135942,0.287623792886734,0.8407458662986755,-0.005567773245275021,0.2687554657459259,0.8836849331855774,-0.009747159667313099,0.261052668094635,0.9102413058280945,-0.011875324882566929,0.25792527198791504,0.9311041831970215,-0.01247071847319603,0.2977912425994873,0.8644226789474487,-0.008950385265052319,0.2775132358074188,0.9118657112121582,-0.011751648969948292,0.2701148986816406,0.9374755620956421,-0.012461308389902115,0.2673587203025818,0.9553796648979187,-0.012657223269343376,0.30902987718582153,0.8847824335098267,-0.011511210352182388,0.28951528668403625,0.9264230728149414,-0.012261902913451195,0.2816278338432312,0.947985827922821,-0.011824746616184711,0.2777729034423828,0.9631109237670898,-0.011625133454799652,0.32018277049064636,0.9006167054176331,-0.013552086427807808,0.303058385848999,0.9300926327705383,-0.013636505231261253,0.2947250306606293,0.9456712007522583,-0.01224762573838234,0.28867465257644653,0.9580851793289185,-0.010870197787880898,0.23586319386959076,0.6043543219566345,-1.4382949586888572e-07,0.23963604867458344,0.5478398203849792,0.0020301288459450006,0.2559153735637665,0.5106557607650757,0.00236843666061759,0.2745215892791748,0.5004261136054993,0.0017991255735978484,0.28661608695983887,0.5082474946975708,0.001857156865298748,0.27911877632141113,0.5170673131942749,0.0013046024832874537,0.29618656635284424,0.507232129573822,0.0004237902467139065,0.2926049828529358,0.5095604062080383,-4.6979563194327056e-05,0.2870486378669739,0.5149888396263123,-0.0002631219394970685,0.2871299684047699,0.5446289777755737,-0.0008916733204387128,0.29762575030326843,0.5291386246681213,0.00030716077890247107,0.29019030928611755,0.5315191149711609,0.001733129029162228,0.2824118435382843,0.5397672653198242,0.0023626338224858046,0.2912217676639557,0.5708006620407104,-0.0029274681583046913,0.2978750765323639,0.553817093372345,-0.0014891083119437099,0.29109716415405273,0.5551522374153137,0.0012201250065118074,0.2829565405845642,0.5627196431159973,0.0024657368194311857,0.2923735976219177,0.5941212177276611,-0.004953421652317047,0.2951335906982422,0.5784251093864441,-0.0029201151337474585,0.2893647849559784,0.5790125131607056,0.0006616522441618145,0.28318214416503906,0.5859090685844421,0.003386332420632243,0.41938114166259766,0.45908161997795105,-0.18953636288642883,0.9998926520347595,0.9997009038925171,0.20119401812553406,0.46190696954727173,-0.24127444624900818,0.9999464154243469,0.9998538494110107,0.4769400656223297,0.7814931869506836,-0.30415984988212585,0.9980255961418152,0.9963808655738831,0.1374259740114212,0.7967348098754883,-0.5086928606033325,0.9967994689941406,0.9974454641342163,0.3431527316570282,0.8341096639633179,-0.7109631896018982,0.9935581684112549,0.9976298809051514,0.2363978922367096,0.6016733646392822,-0.9988871812820435,0.9892836213111877,0.9997468590736389,0.26847895979881287,0.2387475073337555,-0.01720178872346878,0.2592414319515228,0.24583718180656433,-0.005077000241726637,0.34120917320251465,0.2241540253162384,-0.006507823243737221,0.3301863670349121,0.22219836711883545,-0.018341979011893272,0.2941196858882904,0.3454822897911072,0.011082723736763,0.32390961050987244,0.3378169536590576,0.010486039333045483
17,1720,0.3456454277038574,0.82085120677948,2.6685436083084824e-08,0.3172689378261566,0.8121944665908813,0.0031281765550374985,0.2940998077392578,0.8293595910072327,0.0024453126825392246,0.2830905020236969,0.8593522906303406,0.0014015261549502611,0.27853384613990784,0.8843817114830017,-0.000233471451792866,0.2864493727684021,0.8429607152938843,-0.006119673140347004,0.26768729090690613,0.8844110369682312,-0.010599715635180473,0.2598622143268585,0.910228967666626,-0.013126015663146973,0.2566875219345093,0.9307177066802979,-0.014026696793735027,0.2968780994415283,0.8665161728858948,-0.009436511434614658,0.27678489685058594,0.9127353429794312,-0.012444520369172096,0.26934096217155457,0.9380691647529602,-0.01341794803738594,0.2665618360042572,0.9562196731567383,-0.013867419213056564,0.3082934319972992,0.8863539099693298,-0.01196876261383295,0.2888256013393402,0.9269974231719971,-0.012914485298097134,0.280828595161438,0.9484524130821228,-0.012670323252677917,0.27698877453804016,0.963774561882019,-0.012635039165616035,0.319591224193573,0.9014844298362732,-0.01402689516544342,0.3026029169559479,0.9301633238792419,-0.014242049306631088,0.2940322160720825,0.9455406069755554,-0.012996254488825798,0.28778403997421265,0.9578776359558105,-0.011760581284761429,0.2357933670282364,0.6096365451812744,-1.6547727454963024e-07,0.23864999413490295,0.5552153587341309,0.0018278533825650811,0.2538169026374817,0.5181989073753357,0.00211456511169672,0.2726215124130249,0.5072261095046997,0.0017689913511276245,0.2840996980667114,0.516324520111084,0.0022014554124325514,0.27947866916656494,0.5254535675048828,0.0009362612618133426,0.294986367225647,0.5148658156394958,0.0014217093121260405,0.287096232175827,0.5164135694503784,0.0015789103927090764,0.2787403464317322,0.5224531888961792,0.0015700130024924874,0.28707754611968994,0.5529449582099915,-0.0007963143289089203,0.29599064588546753,0.5379173755645752,0.0022314907982945442,0.28834468126296997,0.5391168594360352,0.003963493276387453,0.28069543838500977,0.5474235415458679,0.004240855574607849,0.29062512516975403,0.5789132118225098,-0.002199608599767089,0.2971280813217163,0.5618353486061096,0.0005051592015661299,0.29090431332588196,0.5612107515335083,0.0030703486409038305,0.28260132670402527,0.5680552124977112,0.003772921860218048,0.29124337434768677,0.601167619228363,-0.003547858214005828,0.2948775887489319,0.5847477912902832,-0.0010869954712688923,0.289678156375885,0.5844333171844482,0.002465480240061879,0.28315919637680054,0.5909215807914734,0.004958713427186012,0.42054134607315063,0.4596414268016815,-0.19238629937171936,0.9998978972434998,0.9997016787528992,0.20137910544872284,0.46254962682724,-0.24767498672008514,0.9999490976333618,0.9998524188995361,0.47692155838012695,0.7832175493240356,-0.30389875173568726,0.9981291890144348,0.9964878559112549,0.13527265191078186,0.7982152104377747,-0.514398992061615,0.997018575668335,0.9973887801170349,0.3427813649177551,0.8353767395019531,-0.7089356780052185,0.9939179420471191,0.9976381063461304,0.23878522217273712,0.6040392518043518,-0.996507465839386,0.9901142120361328,0.999744713306427,0.2678367793560028,0.23296496272087097,-0.016750482842326164,0.25889912247657776,0.2417881041765213,-0.004922819323837757,0.34038642048835754,0.2193799763917923,-0.00527717312797904,0.3295919597148895,0.21597227454185486,-0.01717246137559414,0.2937845289707184,0.34322547912597656,0.010551607236266136,0.3245300054550171,0.3350422978401184,0.010472405701875687
18,1800,0.3448318839073181,0.8212456107139587,2.714373081857957e-08,0.31643617153167725,0.8125285506248474,0.003226481843739748,0.2933588922023773,0.8300653100013733,0.002621442312374711,0.2827024757862091,0.8609941005706787,0.0016697540413588285,0.2783115804195404,0.8865387439727783,0.00012712858733721077,0.2854439914226532,0.8432243466377258,-0.006168778520077467,0.2665419578552246,0.8853075504302979,-0.010512106120586395,0.25868353247642517,0.911159098148346,-0.012826713733375072,0.2555314004421234,0.9315292835235596,-0.013568791560828686,0.29589587450027466,0.8671732544898987,-0.00951498281210661,0.27557289600372314,0.9142388105392456,-0.012427544221282005,0.26844146847724915,0.9392136931419373,-0.013181418180465698,0.26610881090164185,0.9564849734306335,-0.01341194473206997,0.3073666989803314,0.8872001767158508,-0.012053249403834343,0.2875904440879822,0.9284531474113464,-0.012913093902170658,0.2797403633594513,0.949553906917572,-0.01250313688069582,0.27607718110084534,0.9641563892364502,-0.012333040125668049,0.3187311887741089,0.9024121761322021,-0.014103480614721775,0.3015817105770111,0.9314607381820679,-0.01427236758172512,0.2930643856525421,0.9468176364898682,-0.012942896224558353,0.28685885667800903,0.9589645266532898,-0.011620370671153069,0.23727105557918549,0.6094351410865784,-1.4835245565336663e-07,0.23927488923072815,0.5551972985267639,0.002064728643745184,0.25451189279556274,0.5191956758499146,0.003098714165389538,0.2729623019695282,0.5093420743942261,0.003343784948810935,0.28415417671203613,0.5168389081954956,0.00432592025026679,0.2799580693244934,0.5262706279754639,0.0029463383834809065,0.2949298918247223,0.5142107605934143,0.003644913900643587,0.28770819306373596,0.5148181319236755,0.003743786597624421,0.2798043489456177,0.5210664868354797,0.0037584451492875814,0.28760266304016113,0.5521273612976074,0.0013083593221381307,0.29677537083625793,0.5363529920578003,0.004646195564419031,0.28945374488830566,0.5369771122932434,0.0062260860577225685,0.28226613998413086,0.5450228452682495,0.006448880769312382,0.29119381308555603,0.5772519111633301,-0.00017245674098376185,0.29712021350860596,0.5597524642944336,0.002608564682304859,0.2906672954559326,0.5590181350708008,0.004855885170400143,0.2826583981513977,0.5661474466323853,0.0054036695510149,0.29201066493988037,0.5991621017456055,-0.0016251442721113563,0.29479044675827026,0.5832632780075073,0.0010785706108435988,0.2893142104148865,0.5822781324386597,0.004354945383965969,0.2828460931777954,0.588179886341095,0.006582265254110098,0.4210408329963684,0.4598965048789978,-0.190192312002182,0.999902606010437,0.9997040629386902,0.20139285922050476,0.4626149535179138,-0.2467525750398636,0.9999514818191528,0.9998551607131958,0.47736501693725586,0.784467339515686,-0.2972011864185333,0.9982120394706726,0.9962369203567505,0.13475662469863892,0.798121988773346,-0.5111068487167358,0.9972023367881775,0.9972047209739685,0.3427833616733551,0.8363854885101318,-0.6984505653381348,0.9942134618759155,0.9974474906921387,0.23993746936321259,0.6038898229598999,-0.9923722147941589,0.990837812423706,0.9997327923774719,0.26762667298316956,0.22634920477867126,-0.015948332846164703,0.2586595416069031,0.23571428656578064,-0.0043893554247915745,0.34054505825042725,0.21344824135303497,-0.0036193523555994034,0.3299981355667114,0.20912416279315948,-0.015560077503323555,0.2938404083251953,0.33991384506225586,0.009582647122442722,0.32475516200065613,0.33202502131462097,0.010067407041788101
19,1920,0.34386521577835083,0.8224047422409058,2.5655209512365218e-08,0.3153367042541504,0.8135606050491333,0.003697618143633008,0.29245418310165405,0.83094322681427,0.00329373637214303,0.2818993031978607,0.8618091940879822,0.002474995795637369,0.27756404876708984,0.8872649073600769,0.0010491786524653435,0.2842928469181061,0.8445119857788086,-0.005685416981577873,0.2650497257709503,0.8863955736160278,-0.009684402495622635,0.2573425769805908,0.9118044376373291,-0.011717029847204685,0.2543101906776428,0.9319610595703125,-0.01227483805269003,0.2948412597179413,0.8682244420051575,-0.009098886512219906,0.2744631767272949,0.9150657653808594,-0.011783651076257229,0.26756179332733154,0.9397472739219666,-0.012326094321906567,0.2654047906398773,0.9569737911224365,-0.012393541634082794,0.3063623905181885,0.8880500793457031,-0.011651851236820221,0.2865946888923645,0.9292957186698914,-0.012279549613595009,0.2789544463157654,0.9502881765365601,-0.011623954400420189,0.2754885256290436,0.9649483561515808,-0.011270642280578613,0.3177095055580139,0.902968168258667,-0.013671320863068104,0.3005164861679077,0.9325862526893616,-0.013590442016720772,0.2921300530433655,0.9479406476020813,-0.012012451887130737,0.2860945463180542,0.9600080251693726,-0.010497177951037884,0.23898911476135254,0.6081892251968384,-1.474861477390732e-07,0.24138206243515015,0.5541375875473022,0.0012813188368454576,0.2561967670917511,0.52076256275177,0.0013611018657684326,0.2746082842350006,0.5116037726402283,0.0006246642442420125,0.28680840134620667,0.5168567299842834,0.0007060273201204836,0.28157269954681396,0.5272952914237976,0.0023931055329740047,0.29573386907577515,0.51512610912323,0.0018220366910099983,0.2873729169368744,0.5164949297904968,0.0007283908780664206,0.27881619334220886,0.5237541794776917,9.712582141219173e-06,0.2890322804450989,0.5523267984390259,0.0005493320641107857,0.29804685711860657,0.5371419787406921,0.002744798781350255,0.290879487991333,0.5385599732398987,0.003417314263060689,0.2838284373283386,0.5472970604896545,0.0030800001695752144,0.2924354076385498,0.5769741535186768,-0.0012781794648617506,0.299211710691452,0.5604039430618286,0.0006607809918932617,0.29264047741889954,0.560215175151825,0.0029622504953294992,0.2846391797065735,0.5674451589584351,0.0036498282570391893,0.29282689094543457,0.5991414189338684,-0.003195132128894329,0.2967619299888611,0.5842654705047607,-0.001103400019928813,0.29124459624290466,0.5831074118614197,0.002367438515648246,0.28465327620506287,0.588573157787323,0.004860312212258577,0.42134547233581543,0.45982712507247925,-0.18690162897109985,0.9999067187309265,0.999722421169281,0.20046091079711914,0.4630005657672882,-0.23772022128105164,0.9999535083770752,0.9998593330383301,0.47794467210769653,0.7851057052612305,-0.2972617745399475,0.9982962608337402,0.9966723918914795,0.13440671563148499,0.7998508810997009,-0.5060657262802124,0.9973711371421814,0.9971951246261597,0.34273654222488403,0.836920440196991,-0.70038902759552,0.9945127964019775,0.9977753758430481,0.24076321721076965,0.60442715883255,-0.9922341108322144,0.9914978742599487,0.9997240900993347,0.2696625292301178,0.21332916617393494,-0.013207855634391308,0.260322630405426,0.22550511360168457,-0.001970662735402584,0.34136146306991577,0.20192568004131317,0.00029851606814190745,0.33109956979751587,0.19547614455223083,-0.011852365918457508,0.2943345308303833,0.3310263156890869,0.007173873484134674,0.32642900943756104,0.3233923316001892,0.00820898450911045
20,2000,0.34343254566192627,0.8227421641349792,2.6129322705514824e-08,0.3148770034313202,0.8141289353370667,0.003563791513442993,0.29244905710220337,0.8317344188690186,0.002770587569102645,0.28231146931648254,0.8629946112632751,0.0015475773252546787,0.2784106433391571,0.8886243104934692,-0.0002734289737418294,0.2843724191188812,0.8440362811088562,-0.0066390614956617355,0.2646847367286682,0.886352002620697,-0.011301481164991856,0.2567501962184906,0.911946713924408,-0.013603436760604382,0.2535748779773712,0.9320691823959351,-0.014217682182788849,0.294910192489624,0.8678560256958008,-0.010139653459191322,0.27438023686408997,0.9160740375518799,-0.013320984318852425,0.26736095547676086,0.9411419630050659,-0.01389363780617714,0.2652599811553955,0.9581872820854187,-0.01391351968050003,0.3064269721508026,0.8878417611122131,-0.012773550115525723,0.28676727414131165,0.9305037260055542,-0.013681608252227306,0.2790404260158539,0.9512759447097778,-0.012875334359705448,0.27560296654701233,0.9651292562484741,-0.01235988736152649,0.3178422749042511,0.9028480052947998,-0.01489853672683239,0.30067408084869385,0.9323824644088745,-0.014817031100392342,0.2922973334789276,0.9470380544662476,-0.013053838163614273,0.28642287850379944,0.9582189917564392,-0.01139801274985075,0.24085849523544312,0.6088571548461914,-1.4338503717681306e-07,0.24205227196216583,0.556014895439148,0.0014629990328103304,0.25678303837776184,0.5208933353424072,0.0019113972084596753,0.2753565013408661,0.5117501616477966,0.0014926480362191796,0.28736215829849243,0.5177679061889648,0.0017800959758460522,0.28230440616607666,0.5267307758331299,0.0031759559642523527,0.29684194922447205,0.5160377025604248,0.0027274941094219685,0.2896556258201599,0.5169344544410706,0.00160121766384691,0.28138184547424316,0.5235415697097778,0.0008840332739055157,0.28992441296577454,0.5518310070037842,0.0013617638032883406,0.2985973358154297,0.538256824016571,0.0038236407563090324,0.29182422161102295,0.5393846035003662,0.004495589528232813,0.2848357856273651,0.5477439761161804,0.004121102392673492,0.29341554641723633,0.5765680074691772,-0.0005121123394928873,0.29969391226768494,0.5604540705680847,0.0014801627257838845,0.2933700382709503,0.5602114200592041,0.003470670897513628,0.2855380177497864,0.5675062537193298,0.0039415243081748486,0.2942805588245392,0.598905622959137,-0.002448121551424265,0.2979619801044464,0.5836277008056641,-0.0003024919133167714,0.2924444377422333,0.5825620293617249,0.002981408964842558,0.28588154911994934,0.5882927179336548,0.005286072380840778,0.4215713143348694,0.459913045167923,-0.18460389971733093,0.9999104142189026,0.9997114539146423,0.1996627300977707,0.46410077810287476,-0.23647406697273254,0.9999552965164185,0.9998511075973511,0.47827714681625366,0.7858583331108093,-0.2987039089202881,0.9983708262443542,0.9967043995857239,0.13354121148586273,0.8004560470581055,-0.5060983896255493,0.9975261092185974,0.9972366094589233,0.34268584847450256,0.8375256061553955,-0.7104986906051636,0.9947595596313477,0.9977624416351318,0.24224388599395752,0.604345440864563,-0.9913046956062317,0.9920673370361328,0.9997072815895081,0.2711746096611023,0.20730999112129211,-0.012570547871291637,0.2614816427230835,0.22001229226589203,-0.0015818419633433223,0.34202098846435547,0.19717267155647278,0.0015536478022113442,0.3317410349845886,0.1898774802684784,-0.010603138245642185,0.29494190216064453,0.32734644412994385,0.006276428699493408,0.32728487253189087,0.31970134377479553,0.007813829928636551
21,2120,0.34361034631729126,0.8235099911689758,2.539755250552389e-08,0.31515294313430786,0.8149486780166626,0.0033830890897661448,0.2926514744758606,0.8329981565475464,0.002642015228047967,0.28268951177597046,0.8645803332328796,0.0014688672963529825,0.27905482053756714,0.8902153968811035,-0.0002630528178997338,0.284579873085022,0.8445699214935303,-0.00623269472271204,0.26492345333099365,0.8866369724273682,-0.010793102905154228,0.2568254768848419,0.912385880947113,-0.013153952546417713,0.25343406200408936,0.9327657222747803,-0.013863593339920044,0.2949618399143219,0.8684508204460144,-0.009627322666347027,0.27468177676200867,0.9163364171981812,-0.012702453881502151,0.26770728826522827,0.9414475560188293,-0.013415073044598103,0.26557037234306335,0.9586783051490784,-0.013571873307228088,0.3062950074672699,0.8885985612869263,-0.012196275405585766,0.28695911169052124,0.9308129549026489,-0.012978730723261833,0.2793269753456116,0.9514747858047485,-0.012277519330382347,0.2759404480457306,0.9653277397155762,-0.011879956349730492,0.3175109028816223,0.9038699269294739,-0.01429835520684719,0.3006286323070526,0.9328900575637817,-0.014122928492724895,0.29238808155059814,0.9475852251052856,-0.012430605478584766,0.2866196036338806,0.9589119553565979,-0.010860905051231384,0.24533711373806,0.6109892129898071,-1.4828803784894262e-07,0.24538779258728027,0.5572936534881592,0.0015759359812363982,0.2592354118824005,0.5221198201179504,0.0018371043261140585,0.27745524048805237,0.5126245021820068,0.001311251544393599,0.2891598641872406,0.5179544687271118,0.001511676819063723,0.2859402596950531,0.5270872116088867,0.0022872488480061293,0.2994902729988098,0.5143054127693176,0.0019952175207436085,0.291443794965744,0.5158196091651917,0.0008257368463091552,0.28302937746047974,0.5240808725357056,-2.497331843187567e-05,0.293529212474823,0.5530349612236023,0.00045628176303580403,0.3006412982940674,0.537344753742218,0.0032139199320226908,0.2935444712638855,0.5387210249900818,0.004027550108730793,0.2866414487361908,0.5480819344520569,0.0035545446444302797,0.2967228591442108,0.5781989097595215,-0.0013333226088434458,0.3011046051979065,0.5608940124511719,0.0008882745751179755,0.2947114408016205,0.5612332224845886,0.002961968770250678,0.28724661469459534,0.5694828033447266,0.0033334235195070505,0.2972222566604614,0.6004673838615417,-0.0031469783280044794,0.2999953329563141,0.5835232734680176,-0.0008326136157847941,0.29461994767189026,0.5825521349906921,0.0025645236019045115,0.28840067982673645,0.5889436602592468,0.004841245245188475,0.42158636450767517,0.4603569805622101,-0.1722162961959839,0.9999129772186279,0.999681830406189,0.19898927211761475,0.4648694694042206,-0.22763052582740784,0.9999563694000244,0.9998323917388916,0.47840434312820435,0.7857469916343689,-0.29873305559158325,0.9984315037727356,0.99676114320755,0.13482870161533356,0.8007121682167053,-0.5056662559509277,0.9976624846458435,0.9970589876174927,0.34271305799484253,0.8390645980834961,-0.7143748998641968,0.9949658513069153,0.9976252913475037,0.24648351967334747,0.6038413643836975,-0.9845526814460754,0.9925718307495117,0.9996641874313354,0.2733005881309509,0.19508090615272522,-0.01115285325795412,0.2632026672363281,0.20926743745803833,-0.0006777480593882501,0.3438754081726074,0.187759131193161,0.004108501598238945,0.3338364362716675,0.17949122190475464,-0.008151720277965069,0.2959119379520416,0.31827953457832336,0.004727381747215986,0.3289256691932678,0.31140387058258057,0.0070103975012898445
22,2200,0.3429770767688751,0.824407160282135,3.088987554633604e-08,0.3141600787639618,0.8172399997711182,0.003521806327626109,0.2922455072402954,0.8358035087585449,0.002801010385155678,0.28376850485801697,0.8670488595962524,0.0014053273480385542,0.28160935640335083,0.892349362373352,-0.0006327413721010089,0.28362181782722473,0.847687840461731,-0.004727644380182028,0.26462769508361816,0.8888140916824341,-0.00920903030782938,0.2565690577030182,0.914069652557373,-0.01197211816906929,0.2533126175403595,0.934188961982727,-0.013053731992840767,0.2940394878387451,0.8712828159332275,-0.008353887125849724,0.27456557750701904,0.9177756905555725,-0.011294448748230934,0.26792415976524353,0.9428246021270752,-0.012571224942803383,0.2657800018787384,0.9604663848876953,-0.013244060799479485,0.30553722381591797,0.8911575078964233,-0.011253291741013527,0.28654229640960693,0.931731641292572,-0.012050420977175236,0.2792521119117737,0.952738881111145,-0.01190920826047659,0.276094526052475,0.9673818945884705,-0.011955984868109226,0.3170155882835388,0.9063519239425659,-0.013689856976270676,0.30045345425605774,0.9349964261054993,-0.013552907854318619,0.29240939021110535,0.950099766254425,-0.012073258869349957,0.28686612844467163,0.9620264172554016,-0.010715201497077942,0.25189757347106934,0.6057167649269104,-7.590933392975785e-08,0.24489563703536987,0.556490421295166,-0.0017666559433564544,0.25394195318222046,0.5099629759788513,-0.0017338319448754191,0.2702312469482422,0.48912733793258667,-0.0016457802848890424,0.28192776441574097,0.49247345328330994,-0.0011433896142989397,0.28123268485069275,0.5137742757797241,-0.0004089663561899215,0.2957695722579956,0.47811949253082275,-0.002100924262776971,0.30082133412361145,0.46004581451416016,-0.0026101572439074516,0.3033568263053894,0.45047739148139954,-0.0027628387324512005,0.2925793528556824,0.53586345911026,-0.0006543531198985875,0.30167898535728455,0.5017318725585938,-0.0030554106924682856,0.2935466170310974,0.5027448534965515,-0.002409879118204117,0.2863916754722595,0.5120161175727844,-0.0005161064327694476,0.29880523681640625,0.5576798319816589,-0.001136468956246972,0.2993631660938263,0.5303049087524414,-0.004137348383665085,0.29120415449142456,0.5325498580932617,-0.0029131982009857893,0.2851479649543762,0.5421115159988403,-0.000690241577103734,0.30202797055244446,0.5778330564498901,-0.0016459425678476691,0.30037423968315125,0.55255526304245,-0.0026602146681398153,0.2937372922897339,0.5531376004219055,-0.0004602245753630996,0.28868284821510315,0.5612717866897583,0.002202057745307684,0.4216720163822174,0.4606534242630005,-0.1728825867176056,0.9999144673347473,0.9996423721313477,0.1981038898229599,0.46495214104652405,-0.2275029420852661,0.9999570250511169,0.9998262524604797,0.4787796139717102,0.7869127988815308,-0.30276036262512207,0.9984656572341919,0.9958961009979248,0.13878414034843445,0.8035365343093872,-0.509312093257904,0.9977578520774841,0.9960317015647888,0.34278544783592224,0.8399112224578857,-0.7189702391624451,0.9951216578483582,0.9971033930778503,0.2473783940076828,0.6036679744720459,-1.0001647472381592,0.9930304884910583,0.9996071457862854,0.27713558077812195,0.17787028849124908,-0.008214862085878849,0.26617297530174255,0.19371914863586426,0.0013697664253413677,0.34680843353271484,0.17422419786453247,0.009933778084814548,0.3372480273246765,0.1639687716960907,-0.0026114012580364943,0.2984277606010437,0.30572056770324707,0.0009917092975229025,0.3314794898033142,0.300498902797699,0.00500587048009038
23,2320,0.3415556252002716,0.8254293203353882,3.195425790636364e-08,0.3128339648246765,0.8170987963676453,0.003264816477894783,0.2909305691719055,0.834775447845459,0.0027387412264943123,0.28224560618400574,0.8658205270767212,0.001622431562282145,0.2797672152519226,0.8908196091651917,-0.0001470830902690068,0.28242871165275574,0.8486881852149963,-0.004644762724637985,0.26293036341667175,0.8897989392280579,-0.008749375119805336,0.25521013140678406,0.9157090783119202,-0.011205684393644333,0.252407968044281,0.935806393623352,-0.012138502672314644,0.2928849458694458,0.8726617097854614,-0.008056976832449436,0.2729807496070862,0.9178829193115234,-0.01053923461586237,0.26603713631629944,0.9428176283836365,-0.011761656031012535,0.2635821998119354,0.9604463577270508,-0.012515505775809288,0.3045232892036438,0.8922186493873596,-0.010774060152471066,0.2850632071495056,0.9319549202919006,-0.011326654814183712,0.2772625684738159,0.9536225199699402,-0.011552117764949799,0.27353203296661377,0.969072163105011,-0.012018772773444653,0.31602245569229126,0.9066441655158997,-0.013033280149102211,0.29947513341903687,0.934345543384552,-0.013029892928898335,0.29095590114593506,0.94990473985672,-0.012052374891936779,0.28474316000938416,0.9624149203300476,-0.011151365004479885,0.256870836019516,0.5703426003456116,-1.4136377046725102e-07,0.2781304717063904,0.5464281439781189,0.0054480344988405704,0.29142144322395325,0.5124292373657227,0.008047972805798054,0.29425716400146484,0.4758763015270233,0.009146159514784813,0.2932872176170349,0.4489836096763611,0.01021779514849186,0.2973443567752838,0.48409608006477356,0.007311444263905287,0.2956687808036804,0.4283168315887451,0.009591637179255486,0.2889987528324127,0.4121905565261841,0.009512148797512054,0.2841426432132721,0.3994172215461731,0.00912251602858305,0.28363916277885437,0.4768674671649933,0.003336445428431034,0.28438302874565125,0.42006978392601013,0.0067152464762330055,0.2812519967556,0.3998068571090698,0.005788895767182112,0.2774890959262848,0.38710352778434753,0.003803885541856289,0.26815077662467957,0.4745565354824066,-0.00020511416369117796,0.2682443857192993,0.4294005036354065,0.0015678502386435866,0.26776498556137085,0.4294578433036804,0.0015018394915387034,0.26702961325645447,0.4360620379447937,0.00044397098827175796,0.25121229887008667,0.47322481870651245,-0.003219032660126686,0.2521640360355377,0.4417170286178589,-0.0013406287180259824,0.25524234771728516,0.4413089156150818,0.0014585185563191772,0.2582972049713135,0.4477021396160126,0.0030654435977339745,0.4205855429172516,0.4607066214084625,-0.1557362824678421,0.99991375207901,0.9996334314346313,0.19910410046577454,0.4632965922355652,-0.1929861605167389,0.9999558925628662,0.9998083710670471,0.4788413643836975,0.7854127883911133,-0.3035208284854889,0.998502254486084,0.9962277412414551,0.15766137838363647,0.7933130264282227,-0.49833187460899353,0.9978348016738892,0.995917022228241,0.342787504196167,0.8401124477386475,-0.7149552702903748,0.9952995777130127,0.9975614547729492,0.2489941120147705,0.5663353204727173,-0.9880878329277039,0.9935097098350525,0.9997206330299377,0.281008780002594,0.16538242995738983,-0.006659375503659248,0.2692272365093231,0.1834985315799713,0.0016746059991419315,0.3492697775363922,0.16646191477775574,0.015150710009038448,0.3403890132904053,0.1540045142173767,0.0023286696523427963,0.30084770917892456,0.2971155047416687,-0.0021621829364448786,0.3353506326675415,0.2912110686302185,0.00426069088280201
24,2400,0.3414817452430725,0.823711097240448,3.396505832142793e-08,0.3121817409992218,0.8161797523498535,0.003416292369365692,0.29068753123283386,0.8339298963546753,0.0029064882546663284,0.28269025683403015,0.8640861511230469,0.0016352691454812884,0.28124719858169556,0.8891295790672302,-0.0002836128987837583,0.28217923641204834,0.8483392596244812,-0.0035633977968245745,0.26300013065338135,0.8873872756958008,-0.007799048908054829,0.25532105565071106,0.912587583065033,-0.010599571280181408,0.2522467374801636,0.9329880475997925,-0.011829232797026634,0.2924182415008545,0.8722724914550781,-0.0071934969164431095,0.27339330315589905,0.9165229201316833,-0.009815332479774952,0.2666599452495575,0.9412654638290405,-0.011335312388837337,0.2640272080898285,0.9591146111488342,-0.01229704637080431,0.304095059633255,0.8918685913085938,-0.010211844928562641,0.2852412760257721,0.9315135478973389,-0.010933628305792809,0.2775779068470001,0.9525330066680908,-0.01116169709712267,0.27374520897865295,0.9673999547958374,-0.011543270200490952,0.31566378474235535,0.9063244462013245,-0.01279745064675808,0.2990421652793884,0.9341274499893188,-0.012739775702357292,0.2905568778514862,0.9490731954574585,-0.011506793089210987,0.2844507694244385,0.9606731534004211,-0.010377285070717335,0.2453262209892273,0.5717154145240784,1.0574733977364303e-08,0.22965115308761597,0.5270814895629883,-0.003753555240109563,0.22667261958122253,0.47748038172721863,-0.005773370619863272,0.23876574635505676,0.444002628326416,-0.007368162274360657,0.25090014934539795,0.432040810585022,-0.008322391659021378,0.25509458780288696,0.46918752789497375,-0.007311131339520216,0.2565299868583679,0.4149666726589203,-0.010860959067940712,0.2570103406906128,0.38759249448776245,-0.012328440323472023,0.25827497243881226,0.36725544929504395,-0.012737235985696316,0.270847350358963,0.4770536422729492,-0.006988832261413336,0.2738223373889923,0.42085063457489014,-0.010527478531002998,0.27352091670036316,0.3901134133338928,-0.0120614068582654,0.2739042341709137,0.36973315477371216,-0.01218348927795887,0.2822909951210022,0.489404559135437,-0.006411357317119837,0.2744535505771637,0.4535316228866577,-0.011283858679234982,0.265183687210083,0.46324247121810913,-0.011376669630408287,0.259895920753479,0.4800223112106323,-0.009182597510516644,0.2897653579711914,0.5032943487167358,-0.005905055906623602,0.2812662720680237,0.47549882531166077,-0.008611601777374744,0.273369163274765,0.4816933572292328,-0.006532203871756792,0.26985418796539307,0.49575915932655334,-0.0032788768876343966,0.4195877015590668,0.46042871475219727,-0.14499154686927795,0.9999088048934937,0.9994240999221802,0.2006479948759079,0.46064838767051697,-0.17587348818778992,0.9999520778656006,0.9997099041938782,0.4788379669189453,0.7825056910514832,-0.3071856200695038,0.9984705448150635,0.994440495967865,0.17120178043842316,0.7767462730407715,-0.495755672454834,0.9978346824645996,0.9941652417182922,0.3433108925819397,0.8401660323143005,-0.7149454355239868,0.9953332543373108,0.9961532950401306,0.24936719238758087,0.5470427870750427,-0.9906039237976074,0.9939085841178894,0.9996156692504883,0.28214600682258606,0.1678873896598816,-0.007163550239056349,0.26999399065971375,0.1857365369796753,0.0010163668775931,0.34974193572998047,0.1681974083185196,0.01599680446088314,0.3413313925266266,0.15596765279769897,0.002895306097343564,0.301660418510437,0.2986915707588196,-0.0026926558930426836,0.3364306092262268,0.293817937374115,0.004487006459385157
25,2520,0.34247076511383057,0.8242506980895996,4.200847669721952e-08,0.3129807114601135,0.8160764575004578,0.002976375399157405,0.29147908091545105,0.8343173861503601,0.0023781144991517067,0.28407150506973267,0.8654281497001648,0.0011424878612160683,0.283147394657135,0.890866756439209,-0.0007025066879577935,0.2835041582584381,0.8480283617973328,-0.004058739170432091,0.2635267972946167,0.8870293498039246,-0.00826454907655716,0.2553907036781311,0.9123057126998901,-0.01088467426598072,0.2522248923778534,0.9324610233306885,-0.01194512378424406,0.29363954067230225,0.872007429599762,-0.007359453942626715,0.274258017539978,0.9162204265594482,-0.010164125822484493,0.26752206683158875,0.9412375092506409,-0.011601563543081284,0.2651596963405609,0.9590320587158203,-0.01238344982266426,0.3051726520061493,0.8918864727020264,-0.010060572065412998,0.28607016801834106,0.9313154816627502,-0.010857479646801949,0.27839070558547974,0.952390193939209,-0.011076689697802067,0.274577796459198,0.9672746062278748,-0.011378581635653973,0.31659796833992004,0.9067437648773193,-0.012346439063549042,0.29975324869155884,0.9342777132987976,-0.012294800020754337,0.29142898321151733,0.9490011930465698,-0.011043557897210121,0.2855932116508484,0.960513710975647,-0.009857730939984322,0.2393878847360611,0.5812132358551025,2.7160718119034755e-08,0.2234017252922058,0.5358609557151794,-0.004275294952094555,0.21923492848873138,0.48713937401771545,-0.007571733091026545,0.2299799621105194,0.453286737203598,-0.010295957326889038,0.24251148104667664,0.43838804960250854,-0.012270646169781685,0.24263863265514374,0.4808513820171356,-0.011082503944635391,0.24345892667770386,0.42348623275756836,-0.01728033646941185,0.24368733167648315,0.39302927255630493,-0.019815517589449883,0.24398459494113922,0.3695676326751709,-0.020578965544700623,0.2600768506526947,0.48569509387016296,-0.01121572032570839,0.26301246881484985,0.42488300800323486,-0.016637379303574562,0.264053612947464,0.39073339104652405,-0.018291877582669258,0.26539939641952515,0.3669240474700928,-0.01829429157078266,0.2731340527534485,0.49569395184516907,-0.010981623083353043,0.26499542593955994,0.46118009090423584,-0.016809938475489616,0.2568233907222748,0.4709451496601105,-0.01555543765425682,0.25210094451904297,0.4866151213645935,-0.012265264056622982,0.2815442681312561,0.5074068307876587,-0.010994836688041687,0.27223917841911316,0.48150286078453064,-0.013746004551649094,0.26452136039733887,0.48836785554885864,-0.010440737009048462,0.2610389292240143,0.5013259053230286,-0.006256138440221548,0.418069064617157,0.46091428399086,-0.13814756274223328,0.9999035000801086,0.9993714690208435,0.20232944190502167,0.45823246240615845,-0.17632892727851868,0.9999489188194275,0.9997256398200989,0.4787421226501465,0.7820203900337219,-0.3040512204170227,0.9984416365623474,0.9939017295837402,0.17421121895313263,0.7711234092712402,-0.49382224678993225,0.9978601336479187,0.9941073656082153,0.3440631031990051,0.8402305841445923,-0.706577718257904,0.9953939914703369,0.9961728453636169,0.24804286658763885,0.543283224105835,-0.9911062121391296,0.994301974773407,0.999612033367157,0.28285691142082214,0.17780464887619019,-0.008960393257439137,0.2707499563694,0.1938372254371643,-0.0005611595697700977,0.34982484579086304,0.17623233795166016,0.014122183434665203,0.34151363372802734,0.16499513387680054,0.0009737266227602959,0.30158179998397827,0.30606549978256226,-0.001588398590683937,0.33544397354125977,0.3014897406101227,0.005605421029031277
26,2600,0.3440459668636322,0.8235039710998535,4.378528828397066e-08,0.31431329250335693,0.8159955143928528,0.0034710688050836325,0.29282477498054504,0.8353729248046875,0.003041024086996913,0.2854316532611847,0.8661945462226868,0.0019640482496470213,0.28456318378448486,0.8916767239570618,0.00024735392071306705,0.2850077450275421,0.8477608561515808,-0.004316806327551603,0.2644995152950287,0.8872765898704529,-0.00841050036251545,0.2561753988265991,0.9129512310028076,-0.010741733014583588,0.2528632581233978,0.9331567287445068,-0.011548243463039398,0.2950972616672516,0.8717195391654968,-0.007703370880335569,0.2753126621246338,0.9173562526702881,-0.010454291477799416,0.26858916878700256,0.9425865411758423,-0.011604724451899529,0.2662951350212097,0.960030734539032,-0.012116475962102413,0.30659350752830505,0.8917533755302429,-0.010380121879279613,0.28741317987442017,0.9322149753570557,-0.011012239381670952,0.27980878949165344,0.9530841112136841,-0.01096733845770359,0.27602842450141907,0.9673841595649719,-0.01105012558400631,0.31801238656044006,0.9066290259361267,-0.0125792371109128,0.3010486960411072,0.9349675178527832,-0.0122517179697752,0.29291707277297974,0.9494705200195312,-0.010675041005015373,0.2872736155986786,0.9604394435882568,-0.009227722883224487,0.24227987229824066,0.595080554485321,3.8418722425603846e-08,0.22614963352680206,0.5481899380683899,-0.003920135088264942,0.22315697371959686,0.5011049509048462,-0.0073983012698590755,0.2347620129585266,0.4676600992679596,-0.010419963859021664,0.24808794260025024,0.4527490437030792,-0.012876966968178749,0.24508720636367798,0.49605071544647217,-0.01168061327189207,0.2465204894542694,0.4398573637008667,-0.017718886956572533,0.24679166078567505,0.4101414680480957,-0.020213456824421883,0.24709294736385345,0.38627350330352783,-0.02100243605673313,0.26287123560905457,0.5008040070533752,-0.011930317617952824,0.2659931182861328,0.4388585686683655,-0.017194809392094612,0.26647529006004333,0.40580078959465027,-0.018618889153003693,0.26706793904304504,0.382881760597229,-0.018350346013903618,0.27642884850502014,0.5097593665122986,-0.011684976518154144,0.2676912546157837,0.47355416417121887,-0.01714724861085415,0.2597964406013489,0.48281940817832947,-0.015949368476867676,0.25522753596305847,0.4990011155605316,-0.01260598748922348,0.2856261134147644,0.5200838446617126,-0.011642937548458576,0.27625468373298645,0.49319541454315186,-0.013726099394261837,0.2689017057418823,0.49923762679100037,-0.010400799103081226,0.265367716550827,0.5121542811393738,-0.00625133840367198,0.4180927872657776,0.4612037241458893,-0.14006467163562775,0.9998999834060669,0.9993973970413208,0.20340541005134583,0.4580990672111511,-0.17926907539367676,0.9999471306800842,0.9997476935386658,0.47840118408203125,0.7822384238243103,-0.30372536182403564,0.9983996152877808,0.9936060905456543,0.17260070145130157,0.7719835638999939,-0.4939953684806824,0.9978742599487305,0.9943435192108154,0.3441165089607239,0.8410197496414185,-0.7037664651870728,0.9953910112380981,0.9959248304367065,0.24809224903583527,0.544691264629364,-0.9909416437149048,0.994621992111206,0.9996023774147034,0.28321927785873413,0.18428488075733185,-0.010839404538273811,0.271343857049942,0.2002391815185547,-0.0019889797549694777,0.35013461112976074,0.18127304315567017,0.011006565764546394,0.3414490818977356,0.17079484462738037,-0.002120895776897669,0.30206596851348877,0.311662495136261,0.0005267763626761734,0.33526596426963806,0.30574560165405273,0.006868626456707716
27,2720,0.3451259732246399,0.8250152468681335,4.704033784719286e-08,0.3156362771987915,0.8172476291656494,0.0029843817465007305,0.2941354513168335,0.835946261882782,0.002013835124671459,0.28620338439941406,0.8665057420730591,0.00048640937893651426,0.28469154238700867,0.8918390870094299,-0.0017210545483976603,0.28657954931259155,0.8485945463180542,-0.006128472276031971,0.2654557526111603,0.8879165649414062,-0.010787402279675007,0.2564759850502014,0.9134680032730103,-0.013261756859719753,0.25254642963409424,0.9335609674453735,-0.014103079214692116,0.2970315217971802,0.87188720703125,-0.009539279155433178,0.27669039368629456,0.918557345867157,-0.012906904332339764,0.2697864770889282,0.9444286823272705,-0.014047152362763882,0.2675441801548004,0.9619643092155457,-0.014464917592704296,0.30872097611427307,0.8915468454360962,-0.012183350510895252,0.2890411615371704,0.9330759048461914,-0.013311685994267464,0.2812122106552124,0.954344630241394,-0.013033650815486908,0.27742257714271545,0.968402624130249,-0.012864709831774235,0.32023128867149353,0.9063150882720947,-0.014374951831996441,0.3029460608959198,0.935349702835083,-0.014469213783740997,0.29454848170280457,0.9499724507331848,-0.012819242663681507,0.28891757130622864,0.9608108401298523,-0.011231034994125366,0.25541800260543823,0.6124176383018494,4.0460761852045835e-08,0.2397976964712143,0.5653890371322632,-0.004258109722286463,0.23804177343845367,0.5196095705032349,-0.007070222869515419,0.25111091136932373,0.4915621876716614,-0.009029245935380459,0.26338329911231995,0.4798070788383484,-0.010414260439574718,0.2659923732280731,0.5117691159248352,-0.011057785712182522,0.2653098404407501,0.45556098222732544,-0.01469455286860466,0.26467424631118774,0.4295617938041687,-0.01599823124706745,0.26492223143577576,0.4089203476905823,-0.016042686998844147,0.28101232647895813,0.5179873704910278,-0.009975777938961983,0.2830764651298523,0.45840802788734436,-0.012696728110313416,0.28287678956985474,0.4268645942211151,-0.013556482270359993,0.28360676765441895,0.4046827256679535,-0.013284782879054546,0.29145053029060364,0.5293700098991394,-0.008324863389134407,0.2826560139656067,0.49708661437034607,-0.011422618292272091,0.27404189109802246,0.5070246458053589,-0.010794447734951973,0.26997965574264526,0.522727906703949,-0.008397162891924381,0.29792919754981995,0.5422773957252502,-0.006779760122299194,0.2902005910873413,0.5165759325027466,-0.0074801454320549965,0.2825230062007904,0.5228116512298584,-0.0040638321079313755,0.27956831455230713,0.5358050465583801,-9.675194451119751e-05,0.42091017961502075,0.4612016975879669,-0.17995500564575195,0.9998989701271057,0.9994650483131409,0.20336803793907166,0.45945435762405396,-0.2260139286518097,0.999946653842926,0.9997239708900452,0.47805577516555786,0.7824559807777405,-0.32345420122146606,0.9984034299850464,0.9954922199249268,0.16744394600391388,0.7905624508857727,-0.50236976146698,0.9978916049003601,0.9947355389595032,0.3436662554740906,0.8412066102027893,-0.7469366788864136,0.9954713582992554,0.9968492388725281,0.25303584337234497,0.5986818671226501,-1.0105968713760376,0.994873046875,0.9994503855705261,0.28553614020347595,0.18974658846855164,-0.012625104747712612,0.27363812923431396,0.20436283946037292,-0.0038280156441032887,0.3524795472621918,0.18622873723506927,0.01013971772044897,0.34423109889030457,0.17619064450263977,-0.003196928882971406,0.3026771545410156,0.3163710832595825,0.0013549618888646364,0.3366280794143677,0.31169694662094116,0.008217813447117805
28,2800,0.34534481167793274,0.8250761032104492,4.627248628708003e-08,0.3160805106163025,0.8176298141479492,0.003197887446731329,0.29466819763183594,0.8357067108154297,0.0024533572141081095,0.28671231865882874,0.8660731315612793,0.0010330205550417304,0.2850993275642395,0.8912100791931152,-0.0010889966506510973,0.2868271470069885,0.8493106365203857,-0.005101313814520836,0.2659049332141876,0.8888877034187317,-0.00942116416990757,0.25684380531311035,0.9139355421066284,-0.011807137168943882,0.25276273488998413,0.9334890246391296,-0.01269261073321104,0.2973495423793793,0.8726210594177246,-0.008633974939584732,0.277615487575531,0.9186460375785828,-0.01172924879938364,0.2704545855522156,0.9438821077346802,-0.013051116839051247,0.26771414279937744,0.9613232016563416,-0.013717911206185818,0.30912837386131287,0.8920485973358154,-0.011452713049948215,0.2899489998817444,0.932971715927124,-0.012471230700612068,0.28180375695228577,0.9542521238327026,-0.01250128448009491,0.2774283289909363,0.9688819646835327,-0.012668614275753498,0.32067933678627014,0.9064681529998779,-0.013812122866511345,0.30397340655326843,0.9349585175514221,-0.013993173837661743,0.29536446928977966,0.9498709440231323,-0.012673968449234962,0.2891741991043091,0.9613911509513855,-0.01140598114579916,0.25915127992630005,0.613416850566864,3.208436183399499e-08,0.2449452131986618,0.5688524842262268,-0.003711600322276354,0.2432229071855545,0.52214115858078,-0.005532454699277878,0.2544507682323456,0.4902492165565491,-0.0066175698302686214,0.2662835121154785,0.4796087145805359,-0.007002563215792179,0.27211815118789673,0.5137039422988892,-0.008076535537838936,0.2706119120121002,0.45922616124153137,-0.010388661175966263,0.2696916162967682,0.43431514501571655,-0.010798431932926178,0.2704755365848541,0.4157673716545105,-0.010360524989664555,0.28649163246154785,0.5208724141120911,-0.007036393973976374,0.28764376044273376,0.46162474155426025,-0.009867902845144272,0.28803911805152893,0.4306679964065552,-0.010866237804293633,0.2892700731754303,0.4099716544151306,-0.01049525011330843,0.2960260510444641,0.5327767729759216,-0.005474110133945942,0.287050724029541,0.5014653205871582,-0.009085423313081264,0.2786876857280731,0.5095171928405762,-0.008958837017416954,0.2737516462802887,0.5236590504646301,-0.006689794827252626,0.3018041253089905,0.5450846552848816,-0.00394410640001297,0.29428374767303467,0.5196583271026611,-0.004868331830948591,0.2868902385234833,0.5250150561332703,-0.0020406022667884827,0.28315600752830505,0.5366621613502502,0.0015037398552522063,0.42090049386024475,0.46096909046173096,-0.17984966933727264,0.9998993277549744,0.9995461106300354,0.20149198174476624,0.46097877621650696,-0.2311805784702301,0.9999460577964783,0.9997280240058899,0.47800764441490173,0.7825268507003784,-0.33335408568382263,0.9984285831451416,0.9961053729057312,0.1673554927110672,0.7963190078735352,-0.5075838565826416,0.9979426264762878,0.9954525828361511,0.34348970651626587,0.8411321043968201,-0.7675742506980896,0.9955917596817017,0.9975085258483887,0.2562835216522217,0.6014017462730408,-1.010045051574707,0.995131254196167,0.9994757771492004,0.2866232693195343,0.1917933076620102,-0.013209277763962746,0.2743629813194275,0.2054922878742218,-0.004274486564099789,0.35379719734191895,0.1887841820716858,0.009773396886885166,0.3456541895866394,0.17956402897834778,-0.0037340743001550436,0.3038850426673889,0.31840547919273376,0.0016877801390364766,0.3370242118835449,0.31286218762397766,0.00838544312864542
29,2920,0.34480953216552734,0.824012279510498,4.456143187780981e-08,0.3156495988368988,0.8163318037986755,0.0031921665649861097,0.29371482133865356,0.8336755037307739,0.002757280133664608,0.28529900312423706,0.8630021810531616,0.0016480986960232258,0.28409603238105774,0.8871862292289734,-0.00012513577530626208,0.2859758138656616,0.8485168814659119,-0.004364101216197014,0.26482653617858887,0.8863022327423096,-0.008353260345757008,0.2552665174007416,0.9111234545707703,-0.010658998973667622,0.2508711516857147,0.9310503005981445,-0.011622975580394268,0.2960899770259857,0.8721349835395813,-0.007870929315686226,0.27643710374832153,0.9169921278953552,-0.010737099684774876,0.26957160234451294,0.9420749545097351,-0.012110610492527485,0.2672739326953888,0.9596524238586426,-0.012844138778746128,0.3076713979244232,0.8914841413497925,-0.01068839430809021,0.2885425388813019,0.9318962693214417,-0.01152984518557787,0.28054311871528625,0.9533472061157227,-0.011682179756462574,0.27646756172180176,0.9683935642242432,-0.011988289654254913,0.31903865933418274,0.9055998921394348,-0.013083587400615215,0.3025674819946289,0.9341484904289246,-0.013314046896994114,0.2938871681690216,0.9498721361160278,-0.012283998541533947,0.2876634895801544,0.9621423482894897,-0.01123762410134077,0.25428950786590576,0.5933266282081604,4.821508525765239e-08,0.23839110136032104,0.5486965775489807,-0.004467940889298916,0.23636597394943237,0.5005055069923401,-0.007368340622633696,0.24848759174346924,0.4705183506011963,-0.009013385511934757,0.26070523262023926,0.46107006072998047,-0.010115979239344597,0.26522505283355713,0.496745228767395,-0.012764668092131615,0.2645655572414398,0.44083648920059204,-0.015738140791654587,0.26346683502197266,0.41521379351615906,-0.016300197690725327,0.2647075057029724,0.3962557911872864,-0.016094312071800232,0.28103360533714294,0.5023312568664551,-0.011144657619297504,0.2829747498035431,0.44095462560653687,-0.013458460569381714,0.2827457785606384,0.40869244933128357,-0.013602341525256634,0.2844020426273346,0.3877653479576111,-0.013133271597325802,0.29185187816619873,0.512512743473053,-0.00867397803813219,0.2842676043510437,0.4747282862663269,-0.01064435113221407,0.2752241790294647,0.48042115569114685,-0.009157668799161911,0.2698431611061096,0.4943280518054962,-0.0068541415967047215,0.2983986735343933,0.523899495601654,-0.006365910172462463,0.2904796302318573,0.4986904263496399,-0.006516501307487488,0.28335294127464294,0.5036992430686951,-0.003297115210443735,0.2798551321029663,0.5155319571495056,0.0001717001578072086,0.4203909933567047,0.46097591519355774,-0.17648282647132874,0.9998980164527893,0.9995135068893433,0.20145368576049805,0.46109020709991455,-0.21525880694389343,0.9999455213546753,0.999755322933197,0.4779437482357025,0.7825513482093811,-0.3225998878479004,0.9984566569328308,0.9958806037902832,0.16715845465660095,0.7957480549812317,-0.5069207549095154,0.9979876279830933,0.9957083463668823,0.34270206093788147,0.8411620855331421,-0.7331504225730896,0.9957073330879211,0.9972621202468872,0.2556552290916443,0.5836398005485535,-1.0053714513778687,0.9953864812850952,0.9996490478515625,0.2854667901992798,0.19660639762878418,-0.013884659856557846,0.27322134375572205,0.21019577980041504,-0.0046448116190731525,0.3536645770072937,0.1924595981836319,0.008544559590518475,0.34539079666137695,0.1834312379360199,-0.005009226500988007,0.3028942346572876,0.32139700651168823,0.002495205495506525,0.33592021465301514,0.31569862365722656,0.008876437321305275
30,3000,0.34326642751693726,0.8234554529190063,4.686951982080245e-08,0.31404614448547363,0.8155073523521423,0.0029158105608075857,0.292228102684021,0.8332815170288086,0.00236767390742898,0.28419029712677,0.8634132146835327,0.0012018932029604912,0.2829388976097107,0.8881058096885681,-0.0005857304786331952,0.2843768298625946,0.8483279943466187,-0.0045146457850933075,0.263072669506073,0.8857898712158203,-0.008453797549009323,0.25347432494163513,0.9107306599617004,-0.01067966315895319,0.2492533028125763,0.9307848811149597,-0.011590433306992054,0.29456183314323425,0.8719282150268555,-0.007867210544645786,0.27480652928352356,0.9171880483627319,-0.010821249336004257,0.2683143615722656,0.9425108432769775,-0.01209696102887392,0.26646509766578674,0.9600037932395935,-0.012703770771622658,0.3062065541744232,0.8910631537437439,-0.010551746934652328,0.28697729110717773,0.9320271015167236,-0.01152124535292387,0.27934449911117554,0.9535813927650452,-0.011561118997633457,0.27559056878089905,0.9685171246528625,-0.011722578667104244,0.3176654577255249,0.9048172831535339,-0.01282690092921257,0.3011475205421448,0.9338593482971191,-0.013161193579435349,0.2927868962287903,0.9497690796852112,-0.012072224169969559,0.28690600395202637,0.9620981216430664,-0.010930085554718971,0.25027403235435486,0.5919283628463745,3.432388240298678e-08,0.23489859700202942,0.5483845472335815,-0.004474997520446777,0.2305513322353363,0.5014550685882568,-0.007768748328089714,0.24097298085689545,0.4697323143482208,-0.010197530500590801,0.25195804238319397,0.4530423879623413,-0.01182942558079958,0.25945377349853516,0.48930779099464417,-0.010642443783581257,0.2589990794658661,0.435892254114151,-0.015726028010249138,0.25798431038856506,0.4084245562553406,-0.0183117613196373,0.2581373453140259,0.38728010654449463,-0.01927417330443859,0.275460422039032,0.4954019784927368,-0.010293937288224697,0.27872636914253235,0.4369376003742218,-0.014083166606724262,0.28050997853279114,0.40372467041015625,-0.01568899303674698,0.28330883383750916,0.3810209333896637,-0.016067391261458397,0.28663066029548645,0.5067998766899109,-0.00956349354237318,0.2792380452156067,0.4736071825027466,-0.013603496365249157,0.27063772082328796,0.48124486207962036,-0.01308984961360693,0.2653246223926544,0.4958769381046295,-0.010991048999130726,0.2940213978290558,0.5202569961547852,-0.009107583202421665,0.28518834710121155,0.4972471594810486,-0.011307571083307266,0.2771941125392914,0.5023584961891174,-0.00886121392250061,0.27294889092445374,0.5139593482017517,-0.005524518433958292,0.41893020272254944,0.46124741435050964,-0.1724313199520111,0.9998934864997864,0.9992289543151855,0.20105206966400146,0.46115341782569885,-0.20567326247692108,0.999943196773529,0.9996628761291504,0.4779306948184967,0.7826203107833862,-0.3175135552883148,0.9983983039855957,0.9923275113105774,0.17144639790058136,0.7935766577720642,-0.5065487027168274,0.9979234933853149,0.9929325580596924,0.3426266610622406,0.8413457870483398,-0.7239748239517212,0.995587944984436,0.9946109056472778,0.25553014874458313,0.5614656805992126,-1.0095430612564087,0.9955193400382996,0.9995110034942627,0.2837955057621002,0.19786153733730316,-0.013541575521230698,0.2717966139316559,0.21111363172531128,-0.004097350873053074,0.3522602319717407,0.19407682120800018,0.007921632379293442,0.34381482005119324,0.18517202138900757,-0.005456044804304838,0.30169251561164856,0.3239514231681824,0.0027088201604783535,0.3341275453567505,0.3181420564651489,0.0085399579256773
31,3120,0.34376728534698486,0.8249926567077637,5.142929992985046e-08,0.3145866096019745,0.8169479370117188,0.0025614278856664896,0.29291701316833496,0.8352847099304199,0.0016271054046228528,0.2846822738647461,0.8656533360481262,0.0002536690153647214,0.2832551896572113,0.8908841013908386,-0.001659806934185326,0.28557732701301575,0.8484435081481934,-0.006040514912456274,0.2634236514568329,0.8856793642044067,-0.010337715037167072,0.2538149356842041,0.9109817147254944,-0.012486455962061882,0.24949727952480316,0.9311580061912537,-0.013220930472016335,0.29575780034065247,0.8722696304321289,-0.009101740084588528,0.27521461248397827,0.9184147715568542,-0.012448997236788273,0.26846665143966675,0.9435755610466003,-0.013423236086964607,0.26639315485954285,0.9603862166404724,-0.01368064433336258,0.30711883306503296,0.892090916633606,-0.01143207773566246,0.28724992275238037,0.9334055185317993,-0.012586324475705624,0.2794685363769531,0.9541432857513428,-0.01222902163863182,0.2756918966770172,0.9678629636764526,-0.01196607667952776,0.31799980998039246,0.9065017104148865,-0.013349328190088272,0.30086690187454224,0.9359062314033508,-0.013555745594203472,0.2927227020263672,0.9510511159896851,-0.01200959738343954,0.2874661982059479,0.9622764587402344,-0.010451024398207664,,,,,,,,,,,,,,,,,,,,,,,,,,,,,,,,,,,,,,,,,,,,,,,,,,,,,,,,,,,,,,,,0.41895824670791626,0.46118614077568054,-0.179769366979599,0.9998900890350342,0.999279797077179,0.20139122009277344,0.46122363209724426,-0.20886850357055664,0.9999414086341858,0.9996589422225952,0.4779483675956726,0.7825725078582764,-0.3267434239387512,0.9983466267585754,0.9926839470863342,0.1710149198770523,0.7933968305587769,-0.506985068321228,0.9978548288345337,0.9926469326019287,0.3425430655479431,0.8415218591690063,-0.7373131513595581,0.995490312576294,0.9947168231010437,0.2554038166999817,0.563348114490509,-1.017930269241333,0.9956319332122803,0.99943608045578,0.2838541567325592,0.19578072428703308,-0.012746603228151798,0.2721935510635376,0.208493173122406,-0.0031353053636848927,0.35243090987205505,0.1933688223361969,0.007431208621710539,0.34384915232658386,0.18477943539619446,-0.00569142634049058,0.3015589714050293,0.32315799593925476,0.00274236174300313,0.3340480923652649,0.31811007857322693,0.00781367439776659
32,3200,0.3434900939464569,0.8259157538414001,5.436357142230008e-08,0.31409943103790283,0.8179644346237183,0.0022581727243959904,0.2929212749004364,0.8369056582450867,0.0010456695454195142,0.2860890030860901,0.8680419921875,-0.0006809288752265275,0.28567424416542053,0.8932111859321594,-0.003049833234399557,0.28545376658439636,0.8500596880912781,-0.006064114160835743,0.26412662863731384,0.8880844712257385,-0.010400720871984959,0.25444212555885315,0.9125990271568298,-0.012797930277884007,0.24976468086242676,0.9320042729377747,-0.01380230113863945,0.2960110604763031,0.8738725185394287,-0.009211192838847637,0.27606168389320374,0.9193584322929382,-0.012530345469713211,0.26921841502189636,0.9440555572509766,-0.013821564614772797,0.2668995261192322,0.9607086181640625,-0.014439072459936142,0.3077317774295807,0.8933787941932678,-0.011682511307299137,0.2878182530403137,0.9342377185821533,-0.012957902625203133,0.28004762530326843,0.9546356201171875,-0.012883633375167847,0.27620261907577515,0.9681615233421326,-0.012888170778751373,0.3189695179462433,0.9074552059173584,-0.013769538141787052,0.301743745803833,0.9365952014923096,-0.014246759936213493,0.2932513356208801,0.9518309235572815,-0.012985500507056713,0.2876441478729248,0.963216245174408,-0.011695170775055885,0.25014060735702515,0.5994988679885864,-2.0019179203245585e-08,0.23864887654781342,0.5495903491973877,-0.004838893190026283,0.23917849361896515,0.503625750541687,-0.009043271653354168,0.24963071942329407,0.4720229506492615,-0.012377781793475151,0.26254817843437195,0.4581868052482605,-0.01506402064114809,0.26738545298576355,0.502467930316925,-0.012790659442543983,0.27443981170654297,0.45149728655815125,-0.018633142113685608,0.2764025926589966,0.42659619450569153,-0.02149842120707035,0.2789739966392517,0.40592750906944275,-0.02288026548922062,0.28439897298812866,0.5114520788192749,-0.012732154689729214,0.2944909632205963,0.4487153887748718,-0.01769992709159851,0.2995316684246063,0.41752979159355164,-0.019151004031300545,0.3042587637901306,0.39427414536476135,-0.019704993814229965,0.2954648733139038,0.5226194858551025,-0.012260709889233112,0.29478681087493896,0.4728805124759674,-0.017918556928634644,0.2867010235786438,0.466646283864975,-0.01644451543688774,0.2800208628177643,0.468449205160141,-0.013840426690876484,0.3007162809371948,0.5320358276367188,-0.012008457444608212,0.2961544990539551,0.4971707761287689,-0.014776056632399559,0.2883378863334656,0.4924028813838959,-0.011602855287492275,0.2821565866470337,0.495090514421463,-0.008184010162949562,0.4200161099433899,0.4596700072288513,-0.18467557430267334,0.9998878240585327,0.9993138313293457,0.20192983746528625,0.45956578850746155,-0.22151334583759308,0.9999406933784485,0.9996966123580933,0.47783342003822327,0.7824662327766418,-0.3288240134716034,0.9983084797859192,0.9930478930473328,0.17017729580402374,0.789517879486084,-0.5177038311958313,0.9978445768356323,0.9936025738716125,0.3425007164478302,0.8414266705513,-0.7370478510856628,0.9954215884208679,0.9949309229850769,0.2574240565299988,0.56500244140625,-1.0230648517608643,0.9957626461982727,0.9994921684265137,0.2846806049346924,0.1915847659111023,-0.012764429673552513,0.27256152033805847,0.2039894163608551,-0.003317934926599264,0.3530665636062622,0.18955346941947937,0.008565206080675125,0.34443721175193787,0.18118369579315186,-0.0048117972910404205,0.3022323250770569,0.31829267740249634,0.0020814472809433937,0.3342556357383728,0.31318143010139465,0.007860156707465649
33,3320,0.34184685349464417,0.8255869150161743,5.603645192309159e-08,0.313073068857193,0.8167473077774048,0.002026971662417054,0.2911318242549896,0.83303302526474,0.0012083870824426413,0.2838331460952759,0.8638188242912292,2.1075059066788526e-06,0.2834630012512207,0.8881203532218933,-0.001837551244534552,0.28394564986228943,0.8515859246253967,-0.005661903880536556,0.26236557960510254,0.8888525366783142,-0.009505057707428932,0.2522638142108917,0.9133816361427307,-0.011589459143579006,0.24742373824119568,0.9330735802650452,-0.012472725473344326,0.2942238450050354,0.8752819895744324,-0.008601944893598557,0.27425745129585266,0.9188767671585083,-0.011440617963671684,0.26731017231941223,0.943232536315918,-0.0125861382111907,0.26518458127975464,0.9599770903587341,-0.01315361075103283,0.30575376749038696,0.8935530781745911,-0.010884554125368595,0.2864704132080078,0.933383584022522,-0.011752774938941002,0.27836793661117554,0.953792154788971,-0.011735914275050163,0.2743189334869385,0.9673755764961243,-0.011889259330928326,0.3169024586677551,0.9061888456344604,-0.012842579744756222,0.30026835203170776,0.9352920651435852,-0.01316690631210804,0.2913837432861328,0.9510493874549866,-0.012129979208111763,0.2850587069988251,0.962725818157196,-0.011056961491703987,0.24086405336856842,0.5724737644195557,7.547770053406566e-08,0.23994141817092896,0.5194681882858276,-0.004672180395573378,0.24873371422290802,0.47637370228767395,-0.005809984169900417,0.2626470923423767,0.45031312108039856,-0.006980632431805134,0.2770163118839264,0.4402403235435486,-0.007002389989793301,0.26936444640159607,0.4744875431060791,0.00275453575886786,0.28821858763694763,0.4425315856933594,-0.0008763635996729136,0.29212087392807007,0.4305577874183655,-0.003006724175065756,0.2935876250267029,0.4244552254676819,-0.0038697090931236744,0.2755122780799866,0.4895080029964447,0.002808606019243598,0.29568958282470703,0.46710124611854553,-0.0031023158226162195,0.2952888011932373,0.4562128782272339,-0.007091461215168238,0.29171690344810486,0.449412077665329,-0.008438614197075367,0.27890878915786743,0.5047476887702942,0.0014808820560574532,0.29639163613319397,0.4900367558002472,-0.006278183311223984,0.2983497083187103,0.4811429977416992,-0.010274214670062065,0.29845982789993286,0.4749809503555298,-0.01101621426641941,0.2800214886665344,0.5186557769775391,9.995446453103796e-05,0.29717588424682617,0.5080885887145996,-0.005334837827831507,0.30832919478416443,0.4966774880886078,-0.008049143478274345,0.31802159547805786,0.48645591735839844,-0.008904857560992241,0.420072466135025,0.45969632267951965,-0.1651783585548401,0.9998838305473328,0.9992530941963196,0.20339541137218475,0.4556916654109955,-0.1936521679162979,0.9999389052391052,0.9996689558029175,0.47782158851623535,0.7816545963287354,-0.3178326487541199,0.9982293844223022,0.9924671053886414,0.17191825807094574,0.7753909826278687,-0.500105082988739,0.997785747051239,0.9927555918693542,0.34240037202835083,0.8415055871009827,-0.7201372385025024,0.9952625036239624,0.9941324591636658,0.2571668028831482,0.5612638592720032,-1.0107929706573486,0.995858371257782,0.9994770884513855,0.28508448600769043,0.1715264916419983,-0.006976237520575523,0.2727791965007782,0.1872260421514511,0.0017957992386072874,0.35392528772354126,0.17712005972862244,0.013779191300272942,0.34527328610420227,0.16430747509002686,0.0010453845607116818,0.30177342891693115,0.304116427898407,-0.001442096894606948,0.33374157547950745,0.3018927574157715,0.004305543843656778
34,3400,0.34089580178260803,0.8260639309883118,5.787373780208327e-08,0.3120553195476532,0.8178454637527466,0.002334421966224909,0.2906019985675812,0.8350819945335388,0.0015752955805510283,0.28324657678604126,0.8650829792022705,0.00042116487747989595,0.2830461263656616,0.8889497518539429,-0.001284353551454842,0.2837026119232178,0.8509685397148132,-0.005588650703430176,0.26154541969299316,0.8865702748298645,-0.009473578073084354,0.2516247034072876,0.9105620980262756,-0.011380747891962528,0.24694573879241943,0.9300005435943604,-0.012077601626515388,0.29371464252471924,0.8747219443321228,-0.008551224134862423,0.27300673723220825,0.9183069467544556,-0.011612888425588608,0.2663995325565338,0.9420920014381409,-0.012386156246066093,0.2646135687828064,0.958172082901001,-0.01251140981912613,0.3049214482307434,0.8938179612159729,-0.010840593837201595,0.28491923213005066,0.9336162209510803,-0.01186394039541483,0.2770532965660095,0.953533947467804,-0.011450923047959805,0.27321118116378784,0.9669245481491089,-0.011170740239322186,0.31555312871932983,0.9073397517204285,-0.012765688821673393,0.2985236942768097,0.9366162419319153,-0.013038460165262222,0.28994420170783997,0.95176100730896,-0.011706138029694557,0.2840058207511902,0.9631121754646301,-0.010342895984649658,0.2544509172439575,0.5408094525337219,6.664602381079021e-08,0.2552497982978821,0.49500739574432373,-0.003763957414776087,0.26963216066360474,0.45739033818244934,-0.004571626428514719,0.287058025598526,0.4322587847709656,-0.005200576037168503,0.29604047536849976,0.4157680869102478,-0.006061316467821598,0.2633706331253052,0.45853376388549805,-0.002530978759750724,0.27091774344444275,0.4258493483066559,-0.007369604893028736,0.2795853912830353,0.42380231618881226,-0.011396721936762333,0.2872387170791626,0.4266155958175659,-0.013914735056459904,0.2713269591331482,0.47140607237815857,-0.003427257062867284,0.28980761766433716,0.44277074933052063,-0.00819449219852686,0.2950151860713959,0.4341471791267395,-0.013805612921714783,0.29794058203697205,0.42862391471862793,-0.01755458489060402,0.2764338254928589,0.4869351387023926,-0.004992042202502489,0.29793238639831543,0.46637198328971863,-0.011983150616288185,0.3058682382106781,0.4489489197731018,-0.020438777282834053,0.31220242381095886,0.43293264508247375,-0.02649783529341221,0.2770688235759735,0.505268931388855,-0.006329011637717485,0.2931251525878906,0.5173172354698181,-0.013152471743524075,0.30397719144821167,0.5213210582733154,-0.018674449995160103,0.31361067295074463,0.5237029790878296,-0.02260792814195156,0.4204452633857727,0.45901376008987427,-0.14881090819835663,0.9998836517333984,0.9995429515838623,0.20577099919319153,0.4511307179927826,-0.16412819921970367,0.9999379515647888,0.9997597336769104,0.47820430994033813,0.7795873284339905,-0.30182355642318726,0.998228907585144,0.9943300485610962,0.17183908820152283,0.7615556716918945,-0.4782894253730774,0.9977977871894836,0.9948888421058655,0.34230196475982666,0.8413037061691284,-0.6840749979019165,0.9952885508537292,0.9960493445396423,0.25639405846595764,0.5458158850669861,-0.9727729558944702,0.9960275292396545,0.9997119307518005,0.2852250337600708,0.163053959608078,-0.004365619737654924,0.27324509620666504,0.18076124787330627,0.004123609513044357,0.3542620837688446,0.17125260829925537,0.01511242613196373,0.34545189142227173,0.15698179602622986,0.0029331250116229057,0.30215317010879517,0.29762470722198486,-0.0024799550883471966,0.33446115255355835,0.29665786027908325,0.0028269258327782154
35,3520,0.34035810828208923,0.8258240222930908,6.174720823537427e-08,0.3122454583644867,0.8174185156822205,0.0022282565478235483,0.29079344868659973,0.8329318761825562,0.0014093616046011448,0.28310954570770264,0.8622642755508423,0.00020897416106890887,0.2823841869831085,0.8858993053436279,-0.00158271798864007,0.283537894487381,0.8517597317695618,-0.005824028979986906,0.26145806908607483,0.8865038156509399,-0.009825900197029114,0.25112396478652954,0.9096613526344299,-0.011834186501801014,0.24608881771564484,0.9285531640052795,-0.01259373314678669,0.29353612661361694,0.875348687171936,-0.008917311206459999,0.2725139260292053,0.9185689687728882,-0.0121085736900568,0.265751451253891,0.9420617818832397,-0.012980290688574314,0.2640119791030884,0.9580932259559631,-0.013128572143614292,0.3048417270183563,0.8939007520675659,-0.01133008487522602,0.2845875918865204,0.9333093762397766,-0.012535665184259415,0.2765377163887024,0.9530935883522034,-0.012150545604526997,0.27258992195129395,0.9665674567222595,-0.011828498914837837,0.31589093804359436,0.9068798422813416,-0.01338471844792366,0.29848283529281616,0.9357112050056458,-0.013874980621039867,0.28972306847572327,0.9507911801338196,-0.012536948546767235,0.2836621105670929,0.9622889757156372,-0.0110970139503479,0.24844291806221008,0.5133758187294006,2.301205341836976e-07,0.2646716833114624,0.5127860903739929,-0.008960435166954994,0.281596302986145,0.512366533279419,-0.016669902950525284,0.297183632850647,0.5242787599563599,-0.02387428469955921,0.3081262409687042,0.5327152609825134,-0.031327441334724426,0.2734485864639282,0.47590669989585876,-0.01489784475415945,0.28845837712287903,0.4571787118911743,-0.023891696706414223,0.2987799346446991,0.4477013647556305,-0.030416211113333702,0.306801974773407,0.4410925507545471,-0.034512605518102646,0.26588574051856995,0.4610142707824707,-0.014493778347969055,0.2816520929336548,0.43683311343193054,-0.022929897531867027,0.29180023074150085,0.42586320638656616,-0.02835659496486187,0.2997393012046814,0.4205576777458191,-0.03186318278312683,0.25864550471305847,0.4516278803348541,-0.014641553163528442,0.2718678414821625,0.43078523874282837,-0.022325927391648293,0.28198662400245667,0.4270951747894287,-0.025952190160751343,0.2898554503917694,0.4285891354084015,-0.027570651844143867,0.2521074712276459,0.4480012357234955,-0.015416285023093224,0.2620024085044861,0.4336962103843689,-0.020841240882873535,0.269760400056839,0.43191027641296387,-0.02247927524149418,0.27700942754745483,0.4345709979534149,-0.023065365850925446,0.42022666335105896,0.4577213227748871,-0.13618728518486023,0.9998854398727417,0.9996222257614136,0.20632517337799072,0.4431191682815552,-0.15134680271148682,0.9999382495880127,0.9998049139976501,0.478343665599823,0.7763485312461853,-0.2864762246608734,0.998261034488678,0.9953110814094543,0.17017383873462677,0.7496301531791687,-0.46834278106689453,0.997848629951477,0.9960731267929077,0.34246814250946045,0.8412260413169861,-0.662800133228302,0.9953741431236267,0.9967401623725891,0.25477656722068787,0.5331302881240845,-0.9499480128288269,0.996204674243927,0.9997757077217102,0.28755539655685425,0.15941891074180603,-0.0038411139976233244,0.2752302885055542,0.17757423222064972,0.004150976426899433,0.35647836327552795,0.17128098011016846,0.01685233600437641,0.348075807094574,0.15562734007835388,0.004674098454415798,0.30342942476272583,0.29446646571159363,-0.0035714064724743366,0.33622273802757263,0.2939426600933075,0.0025888097006827593
36,3600,0.3406142592430115,0.8271610140800476,6.71510420602317e-08,0.31232109665870667,0.8182416558265686,0.001996187260374427,0.29084306955337524,0.8344131708145142,0.0011334196897223592,0.2834242582321167,0.8646368980407715,1.0045363524113782e-05,0.282981812953949,0.8886786103248596,-0.0016717243706807494,0.284090131521225,0.8518795371055603,-0.0063464283011853695,0.2614635229110718,0.8862698674201965,-0.010248670354485512,0.2510855793952942,0.9095685482025146,-0.01206470187753439,0.24618928134441376,0.9287533760070801,-0.012668871320784092,0.2941672205924988,0.8756216764450073,-0.009196353144943714,0.2727395296096802,0.9185117483139038,-0.012354004196822643,0.2657766044139862,0.941985547542572,-0.013047851622104645,0.2639352083206177,0.9581382870674133,-0.013035684823989868,0.3054489195346832,0.8945488929748535,-0.011340966448187828,0.28483253717422485,0.9335471391677856,-0.012420111335814,0.2764812707901001,0.9532528519630432,-0.01201626006513834,0.27234482765197754,0.9669445753097534,-0.011695788241922855,0.31637808680534363,0.9079500436782837,-0.013126389123499393,0.29879939556121826,0.9363749027252197,-0.013452203013002872,0.2899427115917206,0.9511764645576477,-0.012084982357919216,0.2838268578052521,0.9625674486160278,-0.010654395446181297,,,,,,,,,,,,,,,,,,,,,,,,,,,,,,,,,,,,,,,,,,,,,,,,,,,,,,,,,,,,,,,,0.4200645387172699,0.457180917263031,-0.13179412484169006,0.9998879432678223,0.9996639490127563,0.20637039840221405,0.43834277987480164,-0.14207768440246582,0.9999396800994873,0.9998477697372437,0.47840389609336853,0.7753229737281799,-0.28442060947418213,0.9983199238777161,0.9962053894996643,0.16839644312858582,0.7421168684959412,-0.4651001989841461,0.997935950756073,0.9972838163375854,0.3428608775138855,0.8410931825637817,-0.6587778329849243,0.9955226182937622,0.9975192546844482,0.2547978460788727,0.5268603563308716,-0.9410527944564819,0.99639493227005,0.9998499155044556,0.28859812021255493,0.1596180498600006,-0.003988764248788357,0.27597689628601074,0.17799876630306244,0.003783588297665119,0.3567500114440918,0.17375895380973816,0.017560474574565887,0.3486725389957428,0.15816986560821533,0.005214043892920017,0.30454766750335693,0.2962840795516968,-0.004115835297852755,0.3363953232765198,0.2955932915210724,0.002634899690747261
37,3720,0.3410358726978302,0.8281053304672241,6.822005360618277e-08,0.31295907497406006,0.8186160922050476,0.0019605697598308325,0.2915164828300476,0.8334956169128418,0.0010717627592384815,0.28427472710609436,0.8641613721847534,-8.01502465037629e-05,0.28394415974617004,0.8885000348091125,-0.0018375868676230311,0.28461477160453796,0.8525183796882629,-0.0061845676973462105,0.2621113657951355,0.886444091796875,-0.01006101630628109,0.2515806555747986,0.9093483090400696,-0.011914694681763649,0.24635235965251923,0.928147554397583,-0.012573178857564926,0.2946412265300751,0.8763197064399719,-0.00902735535055399,0.27337509393692017,0.9186670780181885,-0.012151810340583324,0.26616013050079346,0.9418467283248901,-0.012923491187393665,0.2640056312084198,0.9577428698539734,-0.013000532053411007,0.30587252974510193,0.8951475024223328,-0.011176164261996746,0.2853728234767914,0.9339863657951355,-0.01229882799088955,0.2768578827381134,0.9534088969230652,-0.011929680593311787,0.27247360348701477,0.9667307138442993,-0.01164016593247652,0.3168075978755951,0.9084203839302063,-0.01296171359717846,0.2991388142108917,0.9368212819099426,-0.013344931416213512,0.2902432978153229,0.951396644115448,-0.011949987150728703,0.28405317664146423,0.9624959230422974,-0.010490259155631065,0.25805962085723877,0.5140171051025391,7.385849443153347e-08,0.25336000323295593,0.470240980386734,-0.006916949525475502,0.26611241698265076,0.43788886070251465,-0.010418826714158058,0.2851722240447998,0.4224182665348053,-0.012857940047979355,0.2999882698059082,0.41588929295539856,-0.01556191872805357,0.26874637603759766,0.4478258788585663,-0.01109346468001604,0.28497055172920227,0.42932602763175964,-0.01748836040496826,0.29333409667015076,0.4220733344554901,-0.02143782004714012,0.29896631836891174,0.41717761754989624,-0.02447332814335823,0.277055561542511,0.4639071226119995,-0.011470381170511246,0.29933232069015503,0.44750702381134033,-0.018892556428909302,0.3019365966320038,0.4410048723220825,-0.023405421525239944,0.30080869793891907,0.4358423352241516,-0.026188649237155914,0.28178638219833374,0.4818781912326813,-0.01237769890576601,0.30482685565948486,0.4725085496902466,-0.021383393555879593,0.3105829060077667,0.4618978500366211,-0.02750285156071186,0.3141612708568573,0.4499175250530243,-0.0317191407084465,0.2819862365722656,0.501488447189331,-0.013313671573996544,0.2940828502178192,0.521111011505127,-0.022131094709038734,0.3027037978172302,0.5264633297920227,-0.027725420892238617,0.31036049127578735,0.5286580920219421,-0.031678978353738785,0.42036524415016174,0.4569346606731415,-0.13162437081336975,0.9998902678489685,0.9996508359909058,0.20773550868034363,0.43712887167930603,-0.1410682648420334,0.9999409317970276,0.9998370409011841,0.47854846715927124,0.7737627625465393,-0.2815033793449402,0.9983630776405334,0.9957861304283142,0.16610965132713318,0.7378343939781189,-0.4564800262451172,0.9980012774467468,0.9970347881317139,0.3431076109409332,0.8410605788230896,-0.6529446244239807,0.9956361651420593,0.9971990585327148,0.25476908683776855,0.5269286036491394,-0.9293920397758484,0.9965519905090332,0.9998247027397156,0.2889988124370575,0.16318964958190918,-0.004298096988350153,0.27643680572509766,0.18118028342723846,0.00344498036429286,0.3571404218673706,0.17607083916664124,0.01724824123084545,0.34899526834487915,0.16120487451553345,0.004907837603241205,0.30483394861221313,0.2993430197238922,-0.003741514403373003,0.3373188376426697,0.29775965213775635,0.003042245516553521
38,3800,0.3410041928291321,0.8280727863311768,6.57635581546856e-08,0.3132111132144928,0.8185611963272095,0.002029558178037405,0.2916473150253296,0.8332506418228149,0.0010836715810000896,0.284196674823761,0.8636031746864319,-0.00013537667109631002,0.28357064723968506,0.887970507144928,-0.0019861955661326647,0.28423911333084106,0.8527352809906006,-0.006468147039413452,0.2618151009082794,0.8868850469589233,-0.010458909906446934,0.2513154149055481,0.9101215600967407,-0.012377400882542133,0.24633806943893433,0.9292173981666565,-0.01305321604013443,0.2945112884044647,0.8761341571807861,-0.009437048807740211,0.2734377384185791,0.9187187552452087,-0.012614415027201176,0.2664676904678345,0.9422874450683594,-0.013388154096901417,0.2646417021751404,0.9585533142089844,-0.013484847731888294,0.3060093820095062,0.8947191834449768,-0.011694876477122307,0.2856661081314087,0.9337547421455383,-0.012857241556048393,0.27737048268318176,0.953529417514801,-0.012456586584448814,0.27323633432388306,0.9670910239219666,-0.012166992761194706,0.31729328632354736,0.9079617857933044,-0.013581233099102974,0.2996990382671356,0.9364728927612305,-0.01403410080820322,0.290885865688324,0.9511000514030457,-0.012635253369808197,0.2847801446914673,0.9621707797050476,-0.011172198690474033,,,,,,,,,,,,,,,,,,,,,,,,,,,,,,,,,,,,,,,,,,,,,,,,,,,,,,,,,,,,,,,,0.42055147886276245,0.45689892768859863,-0.13261400163173676,0.9998921751976013,0.9996380805969238,0.20824143290519714,0.4366048276424408,-0.14387229084968567,0.9999421834945679,0.9998396635055542,0.47854533791542053,0.7737707495689392,-0.28214946389198303,0.9983937740325928,0.9955489635467529,0.1660078763961792,0.738175094127655,-0.45748940110206604,0.9980586171150208,0.997161865234375,0.34307602047920227,0.8407930135726929,-0.6568402051925659,0.9957239031791687,0.9970617890357971,0.25474438071250916,0.5261507630348206,-0.9321379661560059,0.9966960549354553,0.9998379945755005,0.28925463557243347,0.16450795531272888,-0.004456972703337669,0.2767067849636078,0.1827605813741684,0.0033106855116784573,0.35715776681900024,0.17751175165176392,0.017068004235625267,0.34899812936782837,0.16233354806900024,0.00471907202154398,0.3050561547279358,0.3013695478439331,-0.0037242905236780643,0.3372877836227417,0.2997780740261078,0.0029934444464743137
39,3920,0.3415148854255676,0.8275906443595886,6.608288316556354e-08,0.31363874673843384,0.8182374238967896,0.002022919710725546,0.29215919971466064,0.8327614665031433,0.0011894010240212083,0.2845195531845093,0.8634342551231384,9.422660514246672e-05,0.2838357985019684,0.8879493474960327,-0.0016360984882339835,0.28487199544906616,0.8521689176559448,-0.006225369870662689,0.2623847424983978,0.885867178440094,-0.010136010125279427,0.25173696875572205,0.9087603688240051,-0.01197685208171606,0.24637866020202637,0.9274815320968628,-0.012636817060410976,0.29483649134635925,0.8757509589195251,-0.009128494188189507,0.27380597591400146,0.9181646704673767,-0.012358615174889565,0.2665799856185913,0.9415476322174072,-0.013141684234142303,0.2643657326698303,0.9575904607772827,-0.013226604089140892,0.30613410472869873,0.8945069313049316,-0.011344059370458126,0.2859423756599426,0.9336495399475098,-0.01264753844588995,0.27730560302734375,0.9533282518386841,-0.012351241894066334,0.27272114157676697,0.9667087197303772,-0.012089435011148453,0.3172527253627777,0.9079034924507141,-0.013178003020584583,0.2996704578399658,0.9365492463111877,-0.013719534501433372,0.2907867133617401,0.9510053396224976,-0.012382499873638153,0.28455212712287903,0.9617951512336731,-0.010945755057036877,0.25411662459373474,0.5131242275238037,5.318160845035891e-08,0.25407785177230835,0.4663245677947998,-0.004896401893347502,0.2704493999481201,0.4355807602405548,-0.0075346906669437885,0.2900003492832184,0.4235735237598419,-0.00928476732224226,0.3029595911502838,0.4179612994194031,-0.011331449262797832,0.2726675868034363,0.4512506425380707,-0.011026768945157528,0.2933776080608368,0.43833935260772705,-0.016921838745474815,0.2987712621688843,0.43243181705474854,-0.02040458843111992,0.2998494803905487,0.42548897862434387,-0.022868754342198372,0.2803918123245239,0.4693244397640228,-0.012210558168590069,0.3043951988220215,0.44982606172561646,-0.01811598241329193,0.3083629608154297,0.4329701066017151,-0.022070564329624176,0.30744197964668274,0.4187494218349457,-0.024868717417120934,0.2838927209377289,0.48724812269210815,-0.013659375719726086,0.30781883001327515,0.47597411274909973,-0.021927237510681152,0.3147958517074585,0.4599926173686981,-0.029077041894197464,0.31816697120666504,0.4439524710178375,-0.03415808454155922,0.282461941242218,0.5058266520500183,-0.01486354973167181,0.2953278720378876,0.5259324312210083,-0.024351906031370163,0.3032207787036896,0.532162606716156,-0.030640915036201477,0.3096980154514313,0.5359240174293518,-0.03494712710380554,0.4208570420742035,0.4568587839603424,-0.13346447050571442,0.9998935461044312,0.9996159076690674,0.20857536792755127,0.4360869824886322,-0.14419136941432953,0.9999431371688843,0.9998315572738647,0.47853630781173706,0.7738986611366272,-0.28225862979888916,0.9984056353569031,0.995046854019165,0.1659606695175171,0.7382166385650635,-0.45974263548851013,0.9980955719947815,0.9968296885490417,0.34305304288864136,0.8407941460609436,-0.6533219218254089,0.9957482814788818,0.9965968728065491,0.2547931671142578,0.5243422985076904,-0.93732750415802,0.9967949390411377,0.9998162388801575,0.2896575331687927,0.16596978902816772,-0.004900820087641478,0.2770669758319855,0.18367986381053925,0.0028761746361851692,0.35769546031951904,0.17880821228027344,0.017146309837698936,0.34964069724082947,0.16401198506355286,0.004644712898880243,0.304866224527359,0.3020015060901642,-0.003587183775380254,0.3377167582511902,0.3001195192337036,0.003429119009524584
40,4000,0.34184202551841736,0.8267924785614014,6.480662051444597e-08,0.31429213285446167,0.8171221017837524,0.002229606732726097,0.29244565963745117,0.8315119743347168,0.0015901908045634627,0.28456681966781616,0.8620358109474182,0.0007573703769594431,0.2833753228187561,0.8863170146942139,-0.0006477984134107828,0.28513655066490173,0.8516342639923096,-0.006399818696081638,0.2619926631450653,0.8853954076766968,-0.01013744156807661,0.251249223947525,0.9082597494125366,-0.01166190579533577,0.2461031973361969,0.9270114898681641,-0.012050180695950985,0.29511669278144836,0.8752051591873169,-0.009263762272894382,0.27364063262939453,0.9184470772743225,-0.012345238588750362,0.26658540964126587,0.9417844414710999,-0.012821853160858154,0.2647114098072052,0.9576807618141174,-0.012656399048864841,0.3064110279083252,0.893885612487793,-0.01138567365705967,0.2857966721057892,0.9334374666213989,-0.01253532711416483,0.27729886770248413,0.9529449343681335,-0.012001711875200272,0.272938996553421,0.9663441777229309,-0.011573377065360546,0.3175182640552521,0.9071150422096252,-0.013088814914226532,0.2997501492500305,0.9359756112098694,-0.01362468022853136,0.29078108072280884,0.9506285190582275,-0.01229493785649538,0.2843964397907257,0.9618167877197266,-0.010829875245690346,,,,,,,,,,,,,,,,,,,,,,,,,,,,,,,,,,,,,,,,,,,,,,,,,,,,,,,,,,,,,,,,0.42084646224975586,0.4568556845188141,-0.12933972477912903,0.9998929500579834,0.9995561242103577,0.20863127708435059,0.4371388256549835,-0.13567329943180084,0.9999428391456604,0.9998019337654114,0.47867822647094727,0.7742239832878113,-0.288287878036499,0.9984006881713867,0.9946972131729126,0.1674109548330307,0.7383829951286316,-0.45686420798301697,0.998103141784668,0.996184766292572,0.3432197868824005,0.8407849669456482,-0.6727327704429626,0.99576735496521,0.9967353940010071,0.25337904691696167,0.5245072245597839,-0.9386119842529297,0.9968798160552979,0.9997679591178894,0.2897416949272156,0.1671842336654663,-0.004264182411134243,0.27726420760154724,0.1846909523010254,0.0037303001154214144,0.35780009627342224,0.1790904551744461,0.016630206257104874,0.3494936227798462,0.16432693600654602,0.004348861053586006,0.3053915202617645,0.30298537015914917,-0.0035822726786136627,0.3371957838535309,0.30219173431396484,0.0027259199414402246
41,4120,0.3422102928161621,0.8271047472953796,7.092940279562754e-08,0.3142181932926178,0.8173564672470093,0.0019597134087234735,0.29216501116752625,0.8317354321479797,0.0011892893817275763,0.2845332622528076,0.8627257943153381,0.0002697344170883298,0.28391313552856445,0.8873373866081238,-0.0011678184382617474,0.28501516580581665,0.851982831954956,-0.006319110281765461,0.2614387273788452,0.8852028250694275,-0.010003532283008099,0.25047409534454346,0.9081119298934937,-0.0115316491574049,0.2451111525297165,0.9269869327545166,-0.011973473243415356,0.2951871156692505,0.8760541081428528,-0.009042958728969097,0.27362027764320374,0.9190454483032227,-0.012243900448083878,0.2665213346481323,0.9423800706863403,-0.012863453477621078,0.2644771337509155,0.958350658416748,-0.012777140364050865,0.30650755763053894,0.8948755860328674,-0.01104664895683527,0.28594595193862915,0.9340333938598633,-0.012241245247423649,0.27730000019073486,0.9535670876502991,-0.011824019253253937,0.27276724576950073,0.9670332670211792,-0.011455967091023922,0.31742730736732483,0.9078567624092102,-0.012661979533731937,0.2997018098831177,0.9364951848983765,-0.013102574273943901,0.2907295227050781,0.9511100053787231,-0.011755149811506271,0.28438588976860046,0.962084949016571,-0.010283409617841244,0.24280689656734467,0.5426195859909058,2.537089471843501e-08,0.23436316847801208,0.4927963614463806,-0.007848533801734447,0.2452636957168579,0.444467693567276,-0.011996213346719742,0.2638016641139984,0.41186589002609253,-0.014215745031833649,0.28013983368873596,0.39739885926246643,-0.015316708013415337,0.24942821264266968,0.4677429497241974,-0.013655046001076698,0.26571521162986755,0.4288906157016754,-0.018687676638364792,0.27506783604621887,0.4169440269470215,-0.020070480182766914,0.27952104806900024,0.4139973521232605,-0.019612973555922508,0.26423656940460205,0.4876802861690521,-0.011054513975977898,0.28969839215278625,0.45019790530204773,-0.01568242721259594,0.29801657795906067,0.4332788586616516,-0.017279300838708878,0.29797258973121643,0.42718085646629333,-0.01768750324845314,0.27611780166625977,0.5009082555770874,-0.008719203993678093,0.29870134592056274,0.4632611870765686,-0.015006604604423046,0.30327147245407104,0.4432784616947174,-0.018168874084949493,0.30020880699157715,0.43316879868507385,-0.018559513613581657,0.2849865257740021,0.5066195130348206,-0.0061992984265089035,0.3006294369697571,0.4739833474159241,-0.01054978184401989,0.3029019236564636,0.45386573672294617,-0.012142210267484188,0.29863056540489197,0.4416658878326416,-0.012243064120411873,0.4207163453102112,0.4569283425807953,-0.1319359689950943,0.9998911619186401,0.9994925260543823,0.2094060480594635,0.43828916549682617,-0.13177751004695892,0.9999427199363708,0.9998059868812561,0.4783228933811188,0.7760608196258545,-0.2893106937408447,0.9983694553375244,0.9944520592689514,0.1684998720884323,0.7384838461875916,-0.44807344675064087,0.9980812668800354,0.9961644411087036,0.3426145017147064,0.8420736789703369,-0.6599783301353455,0.9957150220870972,0.9963037967681885,0.2510601878166199,0.5274579524993896,-0.9367833137512207,0.9969378709793091,0.9997492432594299,0.2868651747703552,0.17223259806632996,-0.006031224969774485,0.27496010065078735,0.1856340765953064,0.0028973324224352837,0.35673049092292786,0.17984788119792938,0.011396968737244606,0.34736788272857666,0.1684013307094574,-0.0003850502835121006,0.30289122462272644,0.3020579218864441,-0.0008139702258631587,0.3319793939590454,0.3018723130226135,0.003221157006919384
42,4200,0.3424064815044403,0.8276503086090088,7.004909718943964e-08,0.3144203722476959,0.817348837852478,0.001946373376995325,0.2921423017978668,0.8309840559959412,0.0012983394553884864,0.28393617272377014,0.8615715503692627,0.0005414613406173885,0.28269895911216736,0.8857494592666626,-0.0006988837849348783,0.2851688861846924,0.8522043228149414,-0.006274606566876173,0.26158908009529114,0.8851441740989685,-0.009807996451854706,0.25032928586006165,0.9079543948173523,-0.01122988946735859,0.24463894963264465,0.9267261624336243,-0.011623851954936981,0.2952650487422943,0.8765352964401245,-0.008874700404703617,0.2737327218055725,0.9195138216018677,-0.011947198770940304,0.26658517122268677,0.9424442052841187,-0.012372666969895363,0.2644977271556854,0.9578109383583069,-0.012162870727479458,0.30645477771759033,0.8955457210540771,-0.01074057538062334,0.28581497073173523,0.9345912933349609,-0.011850178241729736,0.27712035179138184,0.9535852074623108,-0.0111667700111866,0.2726292312145233,0.9663281440734863,-0.010602115653455257,0.31718960404396057,0.9086285829544067,-0.012230603024363518,0.29928767681121826,0.9371730089187622,-0.012552564032375813,0.2902785837650299,0.9515692591667175,-0.011006195098161697,0.284010112285614,0.9623372554779053,-0.009371303953230381,0.2500717043876648,0.5304484367370605,6.30891392461308e-08,0.2353915125131607,0.4920799732208252,-0.01043013110756874,0.24301044642925262,0.44320544600486755,-0.01622898317873478,0.26067858934402466,0.41028136014938354,-0.019037840887904167,0.2761314809322357,0.3959638476371765,-0.020981905981898308,0.2547365427017212,0.4761408567428589,-0.027913710102438927,0.27372145652770996,0.4211061894893646,-0.03562753275036812,0.2797744870185852,0.394318550825119,-0.035590317100286484,0.2811538875102997,0.38564854860305786,-0.033368319272994995,0.27259841561317444,0.4883631467819214,-0.0247374027967453,0.2972452640533447,0.42890721559524536,-0.03290896117687225,0.2951314151287079,0.4080634117126465,-0.03155156597495079,0.28687214851379395,0.4095538854598999,-0.02812439389526844,0.2857281267642975,0.4938681125640869,-0.020912205800414085,0.30210646986961365,0.4328000545501709,-0.027367355301976204,0.29572057723999023,0.4190327525138855,-0.024742718786001205,0.28746476769447327,0.42386478185653687,-0.020609335973858833,0.29402005672454834,0.4922267198562622,-0.01724567823112011,0.30493852496147156,0.44174477458000183,-0.021273555234074593,0.2992439270019531,0.42798393964767456,-0.018977371975779533,0.2919692397117615,0.4320565462112427,-0.015621266327798367,0.4206119179725647,0.4571402668952942,-0.1373232901096344,0.9998918771743774,0.9996055960655212,0.20888113975524902,0.4382825493812561,-0.13244183361530304,0.9999428987503052,0.9998154044151306,0.4788634777069092,0.7786445021629333,-0.2909619212150574,0.9983858466148376,0.995197594165802,0.16801230609416962,0.7398663759231567,-0.4486628472805023,0.9980769753456116,0.9961152076721191,0.34253254532814026,0.8425268530845642,-0.660057544708252,0.9957761764526367,0.9969462752342224,0.25098976492881775,0.5250033736228943,-0.9388958811759949,0.9970283508300781,0.9997860789299011,0.2834957540035248,0.1733124554157257,-0.005390768870711327,0.2723179757595062,0.18502911925315857,0.004650499671697617,0.3537258505821228,0.1825271099805832,0.006465645972639322,0.34333351254463196,0.17196446657180786,-0.004366438835859299,0.2993631958961487,0.3033803403377533,0.0015611319104209542,0.32629814743995667,0.3040326237678528,0.002375590382143855
43,4320,0.3420923352241516,0.8253445029258728,6.969158761194194e-08,0.31472548842430115,0.8149572610855103,0.0015230561839416623,0.29256489872932434,0.8288490176200867,0.0007008957909420133,0.28467127680778503,0.8596370220184326,-0.0002196067216573283,0.2835564911365509,0.8836943507194519,-0.0016739439452067018,0.2846788167953491,0.8505899906158447,-0.006603673566132784,0.261150985956192,0.8840103149414062,-0.010309350676834583,0.24954847991466522,0.9062958359718323,-0.011932536028325558,0.24336373805999756,0.9244751334190369,-0.012507887557148933,0.2947273254394531,0.8747759461402893,-0.009146741591393948,0.27351874113082886,0.9181857705116272,-0.012306144461035728,0.26656487584114075,0.9413888454437256,-0.012981105595827103,0.2646423876285553,0.9567713737487793,-0.01301704440265894,0.30595090985298157,0.8933121562004089,-0.011010238900780678,0.2857882082462311,0.9327720999717712,-0.012297442182898521,0.27731946110725403,0.952063262462616,-0.011930840089917183,0.2730010449886322,0.9648279547691345,-0.011643593199551105,0.31673628091812134,0.9058817028999329,-0.012540155090391636,0.29923003911972046,0.9343748092651367,-0.013181800954043865,0.29040271043777466,0.9488269686698914,-0.011968376114964485,0.28426292538642883,0.9597061276435852,-0.010609281249344349,0.25342440605163574,0.5047580003738403,1.2453330811013075e-08,0.24246449768543243,0.4678688049316406,-0.006056241691112518,0.24607549607753754,0.4294288456439972,-0.009881173260509968,0.2561114728450775,0.39856526255607605,-0.011981146410107613,0.265959233045578,0.3780907392501831,-0.012703519314527512,0.2608090937137604,0.4436255097389221,-0.021181555464863777,0.2786451578140259,0.391510546207428,-0.029824504628777504,0.2827605903148651,0.3690705895423889,-0.029910016804933548,0.2797155976295471,0.37048858404159546,-0.026828106492757797,0.27766039967536926,0.4543880522251129,-0.019909005612134933,0.29622572660446167,0.39970770478248596,-0.029026813805103302,0.29798978567123413,0.3725302815437317,-0.02737690694630146,0.2907494604587555,0.370930016040802,-0.023245055228471756,0.29009580612182617,0.46166178584098816,-0.01844802498817444,0.3058513104915619,0.40986090898513794,-0.025855183601379395,0.3054547905921936,0.38358405232429504,-0.0232677161693573,0.2990942895412445,0.37828001379966736,-0.01851039007306099,0.29800650477409363,0.46493881940841675,-0.016978325322270393,0.3103870451450348,0.4244017004966736,-0.023927750065922737,0.3113774061203003,0.4015205502510071,-0.023682184517383575,0.30657872557640076,0.39558446407318115,-0.020560266450047493,0.4219866394996643,0.4576776325702667,-0.1462888866662979,0.9998950362205505,0.9997106194496155,0.20958340167999268,0.4391333758831024,-0.13144952058792114,0.999944269657135,0.9998528957366943,0.47973012924194336,0.7809687852859497,-0.30003637075424194,0.9984309673309326,0.9953603148460388,0.16428862512111664,0.7401504516601562,-0.4440622925758362,0.998110830783844,0.9970760345458984,0.343004047870636,0.8418017625808716,-0.6604131460189819,0.9958895444869995,0.9973577857017517,0.25155994296073914,0.5037309527397156,-0.9219453930854797,0.9971211552619934,0.9998583793640137,0.27922770380973816,0.18672846257686615,-0.008215953595936298,0.269372820854187,0.19642454385757446,0.003065661294385791,0.34990403056144714,0.19297373294830322,0.00037376125692389905,0.33856916427612305,0.18392141163349152,-0.010242173448204994,0.2948717474937439,0.30836427211761475,0.005646063946187496,0.32454752922058105,0.30804482102394104,0.004457029979676008
44,4400,0.3424304127693176,0.8248783946037292,6.538479624396132e-08,0.31476181745529175,0.8153079152107239,0.0018974433187395334,0.29259994626045227,0.8297905325889587,0.001293375389650464,0.28431060910224915,0.8604466319084167,0.00046583780203945935,0.2828857898712158,0.884284257888794,-0.0008334883605130017,0.28438904881477356,0.8502303957939148,-0.005454885307699442,0.2613436281681061,0.8834445476531982,-0.008993303403258324,0.2502274513244629,0.906141996383667,-0.010668771341443062,0.2445756494998932,0.9247453212738037,-0.01128009706735611,0.2943137586116791,0.8741271495819092,-0.008090175688266754,0.27365994453430176,0.9171851873397827,-0.011147825978696346,0.26700475811958313,0.9405251145362854,-0.01188402995467186,0.2650071978569031,0.956510066986084,-0.011924334801733494,0.30555564165115356,0.8930277824401855,-0.010069048963487148,0.2857966125011444,0.9320693612098694,-0.011179075576364994,0.2775670289993286,0.9515173435211182,-0.010743875056505203,0.27335628867149353,0.9648507833480835,-0.01036879513412714,0.31648337841033936,0.9063901305198669,-0.011712124571204185,0.29907408356666565,0.9346731305122375,-0.011996084824204445,0.29048094153404236,0.949329674243927,-0.010518273338675499,0.28464561700820923,0.9603095054626465,-0.008953960612416267,0.2558141350746155,0.4783378541469574,5.3240796660247725e-08,0.24881230294704437,0.43232613801956177,0.00021291770099196583,0.25571781396865845,0.3906598687171936,-0.0008344681700691581,0.26835060119628906,0.36211270093917847,-0.0013573623728007078,0.28018733859062195,0.3472496569156647,-0.0008723572245799005,0.26636651158332825,0.4018843472003937,-0.011196881532669067,0.2857566177845001,0.35655248165130615,-0.015276710502803326,0.29168084263801575,0.3378625810146332,-0.013561327941715717,0.2911379933357239,0.3368176221847534,-0.010028121992945671,0.2816198468208313,0.41800737380981445,-0.012193663977086544,0.30078011751174927,0.3676968514919281,-0.015362607315182686,0.30574196577072144,0.3455278277397156,-0.012318084016442299,0.302744597196579,0.3416944742202759,-0.008413777686655521,0.29342567920684814,0.43177059292793274,-0.012515983544290066,0.312298446893692,0.38337430357933044,-0.014840356074273586,0.31574517488479614,0.36111071705818176,-0.011317416094243526,0.3121662735939026,0.3546828031539917,-0.0072162700816988945,0.30029788613319397,0.44186708331108093,-0.012442677281796932,0.31322550773620605,0.4080433249473572,-0.01437554694712162,0.3168391287326813,0.3862549960613251,-0.012086327187716961,0.31537750363349915,0.37540021538734436,-0.008514339104294777,0.4226836562156677,0.4576193392276764,-0.1476951390504837,0.9998971819877625,0.9996979236602783,0.21088096499443054,0.4391642212867737,-0.12954892218112946,0.9999449849128723,0.9998453855514526,0.4805087149143219,0.7810778021812439,-0.30328553915023804,0.9984745383262634,0.9951158761978149,0.1635243445634842,0.7394922971725464,-0.44382113218307495,0.9981544613838196,0.9971662163734436,0.3430374562740326,0.8401919603347778,-0.6548998355865479,0.9959807991981506,0.9971790313720703,0.2542533278465271,0.48797085881233215,-0.904167652130127,0.9972009658813477,0.9998611211776733,0.2765713632106781,0.19406653940677643,-0.008918402716517448,0.2673649489879608,0.20330417156219482,0.002914043376222253,0.34913700819015503,0.1987241804599762,-0.0023477759677916765,0.33757808804512024,0.19058771431446075,-0.012722636573016644,0.2940898835659027,0.31537947058677673,0.007291780319064856,0.3240581154823303,0.31535807251930237,0.004827684722840786
45,4520,0.34204429388046265,0.8248183131217957,6.822588716204336e-08,0.31434711813926697,0.815105676651001,0.0018021707655861974,0.29201170802116394,0.8292628526687622,0.0010342076420783997,0.2841336727142334,0.8599656224250793,6.423451122827828e-05,0.283144474029541,0.8836349248886108,-0.0013449972029775381,0.284021258354187,0.8505116105079651,-0.005507077556103468,0.2607834041118622,0.883404016494751,-0.009064890444278717,0.2496485412120819,0.9061015844345093,-0.01075619924813509,0.24419644474983215,0.9247710108757019,-0.011351371183991432,0.2942126989364624,0.8745598793029785,-0.008093934506177902,0.27338707447052,0.9173270463943481,-0.011079262010753155,0.2665295898914337,0.9401978850364685,-0.011798212304711342,0.2645191252231598,0.9558836817741394,-0.011867386288940907,0.3054346740245819,0.8934252858161926,-0.01003421563655138,0.2853657603263855,0.9320327043533325,-0.011065222322940826,0.27698639035224915,0.9507923722267151,-0.010563597083091736,0.272801011800766,0.963614821434021,-0.010170811787247658,0.3161182105541229,0.9065060019493103,-0.011652729474008083,0.2985844314098358,0.9347608685493469,-0.01188089419156313,0.2897583842277527,0.9493189454078674,-0.01039839442819357,0.28370070457458496,0.9602904915809631,-0.00885086040943861,0.2578560709953308,0.45355504751205444,1.2932255799569248e-07,0.27960002422332764,0.4446282386779785,0.0028433180414140224,0.2941210865974426,0.4185102880001068,0.0035580277908593416,0.3012228310108185,0.3929944336414337,0.004191546700894833,0.3026703894138336,0.37333306670188904,0.005058437120169401,0.2976623773574829,0.3989417254924774,-0.0030052848160266876,0.31151923537254333,0.3547195494174957,-0.004601207096129656,0.31443101167678833,0.33719149231910706,-0.004271905869245529,0.31363075971603394,0.3331041634082794,-0.00260899867862463,0.2870102822780609,0.3836548924446106,-0.004320583306252956,0.3018497824668884,0.33618810772895813,-0.004080435261130333,0.3059743046760559,0.32157883048057556,-0.00202800496481359,0.30565303564071655,0.32090577483177185,0.0002764610981103033,0.2751563489437103,0.37172573804855347,-0.004987682681530714,0.28772392868995667,0.33002856373786926,-0.003268532920628786,0.2937462329864502,0.31861257553100586,-0.0005596138071268797,0.2962055504322052,0.31868278980255127,0.0013455902226269245,0.26315486431121826,0.3641487956047058,-0.005295653361827135,0.2744958996772766,0.3414185345172882,-0.0034129314590245485,0.2807139754295349,0.33703312277793884,-0.00017134012887254357,0.2844550311565399,0.3389362096786499,0.00283591216430068,0.42268604040145874,0.4573018252849579,-0.11783365160226822,0.9998974800109863,0.9996669292449951,0.21270592510700226,0.43963971734046936,-0.09875131398439407,0.9999443888664246,0.9998226761817932,0.48060116171836853,0.7791656255722046,-0.28595322370529175,0.9985061287879944,0.9956692457199097,0.16394492983818054,0.7315962910652161,-0.4280604422092438,0.9982110261917114,0.997576892375946,0.34310320019721985,0.8392448425292969,-0.6219922304153442,0.996027410030365,0.9973205924034119,0.26184266805648804,0.46687808632850647,-0.8607053756713867,0.9972607493400574,0.9998621940612793,0.2754974067211151,0.1999502182006836,-0.010049254633486271,0.2663852572441101,0.20735527575016022,0.0014155019307509065,0.34726524353027344,0.2044774889945984,-0.003967971540987492,0.3358493149280548,0.19735932350158691,-0.013917208649218082,0.29055294394493103,0.3138291537761688,0.008602865040302277,0.3223239779472351,0.31764739751815796,0.00614312244579196
46,4600,0.3412783443927765,0.8237245678901672,6.829006338193722e-08,0.31380385160446167,0.813903272151947,0.001847730134613812,0.2914944589138031,0.8279334902763367,0.001188581227324903,0.28365305066108704,0.8583539128303528,0.00031386211048811674,0.28288501501083374,0.8822051882743835,-0.0010213537607342005,0.28329017758369446,0.8496260046958923,-0.0053805275820195675,0.26004117727279663,0.8831223845481873,-0.008938241750001907,0.2488878071308136,0.9061556458473206,-0.010634658858180046,0.24333517253398895,0.9247828125953674,-0.011234094388782978,0.293402761220932,0.8737039566040039,-0.008018839173018932,0.27235332131385803,0.9170244932174683,-0.010931243188679218,0.2656600773334503,0.939919650554657,-0.011627089232206345,0.26372966170310974,0.9551196694374084,-0.011666348204016685,0.30463850498199463,0.892461359500885,-0.010009064339101315,0.2846073508262634,0.9315279126167297,-0.01101380493491888,0.2763794958591461,0.9503592848777771,-0.010452902875840664,0.2722203731536865,0.9628022313117981,-0.010022593662142754,0.3154585361480713,0.9054527282714844,-0.011684508062899113,0.2980145514011383,0.9336813688278198,-0.011904534883797169,0.2893713414669037,0.9483134150505066,-0.010340152308344841,0.28344619274139404,0.9591827392578125,-0.008734484203159809,0.2586032450199127,0.44766515493392944,-9.149269786234981e-09,0.2520659863948822,0.40399739146232605,0.0018674868624657393,0.2601768374443054,0.3689083158969879,0.0017659818986430764,0.27308112382888794,0.3522292673587799,0.0013637677766382694,0.2831302881240845,0.3474554121494293,0.0011576958931982517,0.27100515365600586,0.3643283247947693,-0.005479725543409586,0.2869734466075897,0.3195069432258606,-0.008351459167897701,0.29143914580345154,0.3088155686855316,-0.008221657946705818,0.2921300232410431,0.3110487461090088,-0.006644091103225946,0.2851364314556122,0.37678149342536926,-0.007222983054816723,0.30139192938804626,0.3280370831489563,-0.009114943444728851,0.3040142357349396,0.3152812123298645,-0.007828768342733383,0.301987886428833,0.3163600265979767,-0.005821344442665577,0.2956962585449219,0.3907214403152466,-0.008383230306208134,0.31137365102767944,0.34457775950431824,-0.00904516875743866,0.3113522529602051,0.3321036994457245,-0.0067152888514101505,0.30809223651885986,0.33248651027679443,-0.004322674125432968,0.302074134349823,0.4039939045906067,-0.009244628250598907,0.3129484951496124,0.3715067505836487,-0.008357549086213112,0.312913179397583,0.35650208592414856,-0.005227622576057911,0.3106338679790497,0.3526942729949951,-0.0021589528769254684,0.42268675565719604,0.4567616879940033,-0.11564920097589493,0.9998970627784729,0.9996340274810791,0.2136811763048172,0.43967756628990173,-0.09586511552333832,0.9999433755874634,0.99980229139328,0.48054662346839905,0.7772305607795715,-0.2839869260787964,0.9985058307647705,0.9951252341270447,0.16511079668998718,0.7270656228065491,-0.41947850584983826,0.9982360005378723,0.9971773624420166,0.3427426517009735,0.8391715884208679,-0.6192838549613953,0.9960106015205383,0.9969443678855896,0.26186853647232056,0.4674795866012573,-0.8517788052558899,0.9972918033599854,0.9998340606689453,0.27554556727409363,0.19910195469856262,-0.00898556225001812,0.2662099301815033,0.2071470022201538,0.0021511733066290617,0.34639084339141846,0.20236602425575256,-0.0026220842264592648,0.334890216588974,0.19522050023078918,-0.012437812983989716,0.28942757844924927,0.31322234869003296,0.007771637290716171,0.32292482256889343,0.3152075707912445,0.005612224340438843
47,4720,0.34173667430877686,0.8244175910949707,6.96738311489753e-08,0.3134164810180664,0.8150923252105713,0.00188799190800637,0.2915257513523102,0.8304750323295593,0.0010136886266991496,0.2845756709575653,0.8618234992027283,-1.2382121894916054e-05,0.2849210798740387,0.8860821723937988,-0.0015435661189258099,0.28412237763404846,0.8480100631713867,-0.006342896725982428,0.26070845127105713,0.8815708756446838,-0.010213039815425873,0.24960894882678986,0.905384361743927,-0.011879321187734604,0.24382337927818298,0.9247392416000366,-0.012435363605618477,0.29393500089645386,0.8726649880409241,-0.008970186114311218,0.2724226117134094,0.9169071316719055,-0.012291382998228073,0.26566678285598755,0.9409509897232056,-0.012849120423197746,0.2636127471923828,0.9568870067596436,-0.012673310935497284,0.3049313724040985,0.892315685749054,-0.01087095681577921,0.28449180722236633,0.9323285222053528,-0.012108600698411465,0.27624383568763733,0.9520394802093506,-0.011433281935751438,0.2721264660358429,0.9651027917861938,-0.01081982534378767,0.31540560722351074,0.9060490727424622,-0.012414814904332161,0.29785022139549255,0.9348832368850708,-0.012689115479588509,0.2892990708351135,0.9495426416397095,-0.011011641472578049,0.28356418013572693,0.9602974057197571,-0.00928483996540308,0.2527800500392914,0.44651859998703003,8.121159567053837e-08,0.2482059895992279,0.39908355474472046,0.001700959401205182,0.2566642463207245,0.3596680462360382,0.0002986423496622592,0.2704363167285919,0.3338657319545746,-0.0011042309924960136,0.2816947400569916,0.3198810815811157,-0.001949967467226088,0.2641432583332062,0.35921144485473633,-0.008249932900071144,0.28666239976882935,0.31963664293289185,-0.012341608293354511,0.29699409008026123,0.3042137026786804,-0.012353341095149517,0.30145636200904846,0.29944103956222534,-0.010542334988713264,0.2770221531391144,0.3787343204021454,-0.010761050507426262,0.3010241389274597,0.3342742621898651,-0.01405374240130186,0.3095242977142334,0.3170238435268402,-0.012142658233642578,0.3108401298522949,0.3125627040863037,-0.009155641309916973,0.2873939573764801,0.3974739909172058,-0.012488160282373428,0.30988484621047974,0.354387104511261,-0.01386673841625452,0.3163685202598572,0.33742350339889526,-0.009432325139641762,0.31656402349472046,0.33168983459472656,-0.005163427907973528,0.29412034153938293,0.41370606422424316,-0.013921208679676056,0.308868408203125,0.3792116940021515,-0.01319177821278572,0.31456848978996277,0.36246734857559204,-0.008349322713911533,0.31670457124710083,0.3539048135280609,-0.0035286706406623125,0.42251133918762207,0.45529186725616455,-0.11798392236232758,0.9998989105224609,0.9997214674949646,0.21386465430259705,0.43852943181991577,-0.09685929119586945,0.9999439120292664,0.9998478889465332,0.4806143343448639,0.775262713432312,-0.2840765416622162,0.9985532760620117,0.9966142773628235,0.16491176187992096,0.7249077558517456,-0.41830915212631226,0.9982988834381104,0.9979606866836548,0.34277623891830444,0.8391171097755432,-0.619901716709137,0.9961223006248474,0.9978529214859009,0.2602457106113434,0.4687019884586334,-0.8572765588760376,0.9973912239074707,0.9998841285705566,0.277013897895813,0.1873244047164917,-0.008585493080317974,0.2670431137084961,0.1953730583190918,0.0021971859969198704,0.3476199209690094,0.18914061784744263,0.0005758980987593532,0.3365653455257416,0.18150261044502258,-0.009767908602952957,0.2904087007045746,0.3022901713848114,0.006404036656022072,0.3250512182712555,0.30417340993881226,0.005577936302870512
48,4800,0.34117165207862854,0.8249531388282776,7.241232680144094e-08,0.3133082687854767,0.8164994120597839,0.002167209517210722,0.2916721999645233,0.8322341442108154,0.0012767153093591332,0.28503382205963135,0.8632147908210754,0.0001275384856853634,0.28543591499328613,0.8877339959144592,-0.0015754789346829057,0.28363052010536194,0.8501083254814148,-0.006177431438118219,0.2601262629032135,0.8834072947502136,-0.009964280761778355,0.24898764491081238,0.9072688221931458,-0.011624290607869625,0.24357931315898895,0.9267795085906982,-0.012150011956691742,0.2937071919441223,0.8744286894798279,-0.008994325995445251,0.27238181233406067,0.9186358451843262,-0.012180563062429428,0.2657529413700104,0.94293612241745,-0.012772748246788979,0.26396042108535767,0.9593817591667175,-0.012709829024970531,0.3050081431865692,0.893893301486969,-0.01106331404298544,0.2844561040401459,0.9336878657341003,-0.012204061262309551,0.27646854519844055,0.9536449313163757,-0.01159230712801218,0.27276885509490967,0.9671012163162231,-0.011079572141170502,0.31589922308921814,0.9074908494949341,-0.012745214626193047,0.29814302921295166,0.9362966418266296,-0.012967105954885483,0.2895302176475525,0.951461136341095,-0.011334018781781197,0.2838670611381531,0.962681233882904,-0.009660407900810242,0.24445462226867676,0.45745816826820374,1.2210456645789236e-07,0.2409690022468567,0.4097147285938263,-0.003406375413760543,0.2485501617193222,0.3610653877258301,-0.006403780542314053,0.2616637945175171,0.3251436650753021,-0.00834752805531025,0.2737579047679901,0.30140969157218933,-0.00954520981758833,0.259379118680954,0.37004074454307556,-0.010732613503932953,0.28610971570014954,0.3401450216770172,-0.014195450581610203,0.2995854318141937,0.32782629132270813,-0.014354215003550053,0.30775243043899536,0.3213191032409668,-0.01337795052677393,0.27045705914497375,0.3934114873409271,-0.01033598929643631,0.2972690463066101,0.36036714911460876,-0.011537687852978706,0.30890077352523804,0.3434734046459198,-0.010179184377193451,0.31469595432281494,0.33229273557662964,-0.009147187694907188,0.27937325835227966,0.4133618474006653,-0.0095638083294034,0.3012085556983948,0.38056477904319763,-0.009580143727362156,0.3100019693374634,0.3623863160610199,-0.006768490187823772,0.3140071630477905,0.3502865433692932,-0.004874547943472862,0.2865321636199951,0.4284537434577942,-0.008914659731090069,0.3007025718688965,0.3986262381076813,-0.007981489412486553,0.3063030540943146,0.3821336328983307,-0.004624017048627138,0.3091224133968353,0.37043261528015137,-0.0017775361193343997,0.42143362760543823,0.4552997052669525,-0.1464696228504181,0.9998995065689087,0.9996614456176758,0.21391046047210693,0.4383031725883484,-0.11345198005437851,0.9999438524246216,0.9998272061347961,0.48098859190940857,0.7744712233543396,-0.2961459755897522,0.9985873699188232,0.9955276846885681,0.16177116334438324,0.7259776592254639,-0.4314172863960266,0.9983220100402832,0.9974004030227661,0.34285232424736023,0.8391516208648682,-0.6259980201721191,0.9961562156677246,0.9967517852783203,0.253471314907074,0.46813440322875977,-0.8871327638626099,0.9974433183670044,0.9998574256896973,0.2798885703086853,0.16766953468322754,-0.005320468917489052,0.26923418045043945,0.17929598689079285,0.004757897462695837,0.3485596179962158,0.17251941561698914,0.006008245516568422,0.33808669447898865,0.1624240130186081,-0.0045548235066235065,0.29504910111427307,0.287994384765625,0.0022933001164346933,0.3269426226615906,0.2868422567844391,0.0028656141366809607
49,4920,0.34211307764053345,0.8273740410804749,7.08160712292738e-08,0.31377458572387695,0.8189013600349426,0.001745424815453589,0.29202187061309814,0.8348610401153564,0.0007050644489936531,0.285092830657959,0.8662066459655762,-0.0005067444872111082,0.28527650237083435,0.8907541036605835,-0.0022277189418673515,0.2846819758415222,0.8520665168762207,-0.006680856458842754,0.26112285256385803,0.885692834854126,-0.010669691488146782,0.2501242458820343,0.9098660349845886,-0.01244122814387083,0.24467994272708893,0.9297513961791992,-0.013028012588620186,0.29482796788215637,0.8765166997909546,-0.009298335760831833,0.2734973132610321,0.9203909635543823,-0.012748339213430882,0.26673758029937744,0.9449186325073242,-0.013425469398498535,0.2647921144962311,0.9616682529449463,-0.013344673439860344,0.30606609582901,0.8962124586105347,-0.011187461204826832,0.28548234701156616,0.935691237449646,-0.01249485183507204,0.27718257904052734,0.9557700157165527,-0.011903229169547558,0.2732009291648865,0.9694501757621765,-0.01132915634661913,0.3167363405227661,0.9099901914596558,-0.012723167426884174,0.2987903654575348,0.9391419887542725,-0.012983428314328194,0.2901802957057953,0.9542945027351379,-0.011265159584581852,0.2847084105014801,0.9654762148857117,-0.009484854526817799,0.23083938658237457,0.46729975938796997,4.351373306121786e-08,0.23122252523899078,0.41725826263427734,-0.0026390065904706717,0.24431103467941284,0.37493717670440674,-0.0055449483916163445,0.26006412506103516,0.34733039140701294,-0.007524935528635979,0.2725566327571869,0.32759180665016174,-0.00885956734418869,0.2591654658317566,0.3879200518131256,-0.011238432489335537,0.2898971438407898,0.37881287932395935,-0.01457516010850668,0.29864364862442017,0.3756314218044281,-0.014902735128998756,0.3015241026878357,0.3741341531276703,-0.014100883156061172,0.26748955249786377,0.41770461201667786,-0.011258694343268871,0.29841139912605286,0.40037015080451965,-0.011807686649262905,0.3040592670440674,0.392941415309906,-0.009512688964605331,0.30218061804771423,0.38900166749954224,-0.00805444922298193,0.2732107937335968,0.443080872297287,-0.010663450695574284,0.2972765266895294,0.4221269488334656,-0.00988884549587965,0.301724910736084,0.412932813167572,-0.005138104315847158,0.2996683120727539,0.40750250220298767,-0.0020470533054322004,0.2765945494174957,0.462053120136261,-0.010125979781150818,0.29335901141166687,0.4398651719093323,-0.007613298483192921,0.29641079902648926,0.4318407475948334,-0.0019611844327300787,0.2949028015136719,0.4279017448425293,0.002294866368174553,0.42142534255981445,0.4580250084400177,-0.15302172303199768,0.9998999834060669,0.9996178150177002,0.21391677856445312,0.4488612711429596,-0.11481186002492905,0.9999430179595947,0.9997690320014954,0.4809495508670807,0.7777916789054871,-0.29698798060417175,0.9985910058021545,0.9947052597999573,0.15046940743923187,0.74220871925354,-0.41533350944519043,0.9982951879501343,0.9966763257980347,0.34068113565444946,0.8410584926605225,-0.6320468187332153,0.9961022138595581,0.9963551759719849,0.23582880198955536,0.4774642884731293,-0.8716486692428589,0.9974111914634705,0.9997920393943787,0.2816091775894165,0.17632634937763214,-0.005590375047177076,0.2707505524158478,0.18941563367843628,0.004261366091668606,0.34963712096214294,0.17551535367965698,0.008264763280749321,0.3390756845474243,0.1657407581806183,-0.002942020306363702,0.2974397838115692,0.29530978202819824,0.0011387774720788002,0.3314407467842102,0.2920688986778259,0.0031798873096704483
50,5000,0.34217867255210876,0.8274401426315308,7.11632566208209e-08,0.31399160623550415,0.8193348050117493,0.001966015435755253,0.29222816228866577,0.8353837132453918,0.001224156585521996,0.28490155935287476,0.8661285638809204,0.0001812821428757161,0.2842801809310913,0.8901849389076233,-0.0013341978192329407,0.2842479348182678,0.8546078205108643,-0.005393650382757187,0.2613427937030792,0.8879053592681885,-0.009034809656441212,0.2503678500652313,0.9111840128898621,-0.010774683207273483,0.2450341284275055,0.9302223920822144,-0.011388873681426048,0.29454872012138367,0.8787975907325745,-0.00813006516546011,0.27395159006118774,0.9223570823669434,-0.011266045272350311,0.2672302722930908,0.9456571340560913,-0.01200459897518158,0.26526355743408203,0.9613223075866699,-0.01202644594013691,0.30606767535209656,0.8979239463806152,-0.010220220312476158,0.2861309051513672,0.9372557401657104,-0.011348459869623184,0.2777567505836487,0.9565074443817139,-0.01086447760462761,0.27356329560279846,0.9692947864532471,-0.0104238111525774,0.3171719014644623,0.9111531376838684,-0.01196843758225441,0.2997497618198395,0.9399554133415222,-0.012093300931155682,0.2911120057106018,0.9548880457878113,-0.010432135313749313,0.28541165590286255,0.9657430052757263,-0.008736146613955498,0.2219225913286209,0.48100608587265015,2.354027373030476e-08,0.22644378244876862,0.429340124130249,-0.003226314904168248,0.24344293773174286,0.3914128839969635,-0.005472034681588411,0.2611672878265381,0.36939170956611633,-0.00694299628958106,0.2741982936859131,0.35101553797721863,-0.0075118280947208405,0.2630078196525574,0.41261762380599976,-0.008119178004562855,0.2936955988407135,0.41514265537261963,-0.01154274307191372,0.299096941947937,0.4153602421283722,-0.01262437179684639,0.297953724861145,0.41576388478279114,-0.0120223518460989,0.2668462097644806,0.44346410036087036,-0.007611467968672514,0.2945874035358429,0.4393121302127838,-0.007260685320943594,0.3009832501411438,0.4345524311065674,-0.00563508877530694,0.30172574520111084,0.4315098822116852,-0.004817058332264423,0.2679666578769684,0.46902620792388916,-0.006967472843825817,0.28951260447502136,0.45800039172172546,-0.0056940303184092045,0.2953181266784668,0.44998013973236084,-0.0017491909675300121,0.2962798774242401,0.4441530108451843,0.0006684224936179817,0.2679634988307953,0.48766469955444336,-0.0065156533382833,0.2838498651981354,0.4713827669620514,-0.003889427985996008,0.2885169982910156,0.46242472529411316,0.0014016698114573956,0.28989145159721375,0.45680758357048035,0.005483568180352449,0.4215853810310364,0.4606955945491791,-0.13879668712615967,0.9999018907546997,0.9996517896652222,0.21397757530212402,0.45809394121170044,-0.1157386302947998,0.9999434351921082,0.9998025298118591,0.4822245240211487,0.7786141037940979,-0.25825461745262146,0.9986160397529602,0.9953663349151611,0.13676650822162628,0.7477267980575562,-0.4120599627494812,0.9983131289482117,0.9971869587898254,0.34047409892082214,0.841702938079834,-0.5926940441131592,0.9960533976554871,0.9966217279434204,0.22891302406787872,0.4919900596141815,-0.8558861017227173,0.99736487865448,0.9998018145561218,0.2802678942680359,0.20969310402870178,-0.013218192383646965,0.26976466178894043,0.22006838023662567,-0.002212550723925233,0.34894275665283203,0.2045263946056366,-0.0009308728040196002,0.33829766511917114,0.1980326622724533,-0.012597551569342613,0.29852330684661865,0.3247241675853729,0.007459080312401056,0.33134549856185913,0.3195492625236511,0.008299760520458221
51,5120,0.3425580859184265,0.8302291035652161,7.163510673535711e-08,0.31417277455329895,0.8228562474250793,0.0022310952190309763,0.29289156198501587,0.838782012462616,0.001330060651525855,0.2859869599342346,0.8700374364852905,0.00010966294212266803,0.28577908873558044,0.8940353393554688,-0.0016136836493387818,0.2854663133621216,0.8568558692932129,-0.005801296327263117,0.2623826563358307,0.8896456956863403,-0.00961519405245781,0.251607209444046,0.9134128093719482,-0.011297565884888172,0.24639040231704712,0.9330756068229675,-0.011842812411487103,0.29574546217918396,0.880982518196106,-0.008639257401227951,0.27498817443847656,0.9246724843978882,-0.011989419348537922,0.2682080566883087,0.9484745860099792,-0.012655995786190033,0.2660999298095703,0.9646652936935425,-0.012595690786838531,0.3070714473724365,0.9000943303108215,-0.01074796449393034,0.2870193421840668,0.9396426677703857,-0.01196913793683052,0.27864202857017517,0.9592149257659912,-0.011397100053727627,0.2745209336280823,0.9723806977272034,-0.010862020775675774,0.31788530945777893,0.9131198525428772,-0.01247058529406786,0.3005092144012451,0.9421156644821167,-0.012547093443572521,0.2919342517852783,0.9570351839065552,-0.01078326627612114,0.28643158078193665,0.967939019203186,-0.009000146761536598,0.1992836445569992,0.48367738723754883,1.2132763060890284e-07,0.2105608880519867,0.4472934901714325,-0.0033936866093426943,0.23531070351600647,0.41875144839286804,-0.007995891384780407,0.25589749217033386,0.40096017718315125,-0.012226220220327377,0.26917320489883423,0.3821652829647064,-0.016396809369325638,0.24660086631774902,0.42567920684814453,-0.014450163580477238,0.27353015542030334,0.45080116391181946,-0.023105766624212265,0.2872574031352997,0.4722399115562439,-0.02810872718691826,0.29617375135421753,0.48969632387161255,-0.03065176121890545,0.2420770525932312,0.44806987047195435,-0.017123140394687653,0.27058762311935425,0.47302868962287903,-0.023353779688477516,0.28538990020751953,0.4919377565383911,-0.02526971884071827,0.29563647508621216,0.5058467388153076,-0.026717087253928185,0.23671875894069672,0.47393566370010376,-0.019671505317091942,0.26418495178222656,0.4922030568122864,-0.025256264954805374,0.2796202003955841,0.5062741041183472,-0.025092335417866707,0.2905350923538208,0.5167292356491089,-0.024610569700598717,0.23203350603580475,0.5009425282478333,-0.022347360849380493,0.2555190324783325,0.5122109651565552,-0.025464752689003944,0.2697189450263977,0.5190550684928894,-0.023910341784358025,0.2813131511211395,0.5247361660003662,-0.022405819967389107,0.4216705858707428,0.46742627024650574,-0.14262430369853973,0.999902069568634,0.9995368719100952,0.21396692097187042,0.4725181460380554,-0.13901883363723755,0.9999434351921082,0.9997605681419373,0.4824119210243225,0.779659628868103,-0.2559812068939209,0.998641312122345,0.9957615733146667,0.1273346245288849,0.7663487195968628,-0.4354735016822815,0.9983224272727966,0.9972649812698364,0.3406815528869629,0.8421155214309692,-0.6021312475204468,0.9959911704063416,0.996336817741394,0.21377189457416534,0.5187844634056091,-0.9045218229293823,0.9973154067993164,0.999779999256134,0.2791222929954529,0.24729856848716736,-0.016958268359303474,0.26836004853248596,0.2537306249141693,-0.004858552478253841,0.35077542066574097,0.23783734440803528,-0.005467478185892105,0.3402186632156372,0.23426681756973267,-0.017553182318806648,0.29735666513442993,0.3539286255836487,0.010955664329230785,0.33092719316482544,0.3495914936065674,0.010616541840136051
52,5200,0.34261053800582886,0.8315944075584412,7.518828937236322e-08,0.31439486145973206,0.8240194916725159,0.0019774807151407003,0.2927894592285156,0.839361310005188,0.001165876048617065,0.28604933619499207,0.8700681924819946,5.247183798928745e-05,0.28633368015289307,0.893824577331543,-0.001584694255143404,0.28547191619873047,0.859413743019104,-0.005489112809300423,0.2626437246799469,0.8920795321464539,-0.009084328077733517,0.25142958760261536,0.915471613407135,-0.010847198776900768,0.24583564698696136,0.9351727366447449,-0.011564339511096478,0.29567599296569824,0.8834823966026306,-0.00827507022768259,0.27530747652053833,0.9264948964118958,-0.011244106106460094,0.2686723470687866,0.9499604105949402,-0.012021728791296482,0.26678645610809326,0.9664251804351807,-0.012187258340418339,0.30701830983161926,0.9023131132125854,-0.01036796160042286,0.28718018531799316,0.941102147102356,-0.011381377466022968,0.27892711758613586,0.9604471921920776,-0.010916516184806824,0.27496200799942017,0.9739237427711487,-0.010590806603431702,0.31798475980758667,0.9152915477752686,-0.01212602574378252,0.300616592168808,0.9437440633773804,-0.012303811497986317,0.29193374514579773,0.9586989879608154,-0.010725290514528751,0.28618207573890686,0.9700720310211182,-0.009127114899456501,0.1827944666147232,0.4987529218196869,1.740209398803927e-07,0.20555971562862396,0.46874481439590454,-0.005843346007168293,0.22593039274215698,0.4406459331512451,-0.010389823466539383,0.23941345512866974,0.4189245104789734,-0.014743109233677387,0.25054770708084106,0.3970460295677185,-0.01927332766354084,0.216807022690773,0.43057307600975037,-0.012415386736392975,0.2379237711429596,0.4650537371635437,-0.022821038961410522,0.25217410922050476,0.48841962218284607,-0.030069764703512192,0.2638130486011505,0.5082839131355286,-0.03472786769270897,0.2053857147693634,0.4483174681663513,-0.014797799289226532,0.2283783257007599,0.48732590675354004,-0.023979250341653824,0.24537058174610138,0.5119764804840088,-0.028434475883841515,0.2597452700138092,0.5295720100402832,-0.0324271060526371,0.1960667222738266,0.472151517868042,-0.017849963158369064,0.22189895808696747,0.5059525966644287,-0.028251614421606064,0.24043643474578857,0.5257607698440552,-0.030665209516882896,0.25534623861312866,0.5406308174133301,-0.031657539308071136,0.19000740349292755,0.4970892369747162,-0.02127639390528202,0.21262823045253754,0.5203606486320496,-0.028918569907546043,0.22845986485481262,0.5329889059066772,-0.02986808493733406,0.24185532331466675,0.5427390336990356,-0.030049029737710953,0.42223119735717773,0.4679909944534302,-0.1580028086900711,0.9998971819877625,0.9993095397949219,0.21344943344593048,0.47587156295776367,-0.162259042263031,0.9999412298202515,0.999679684638977,0.48164111375808716,0.7801154255867004,-0.24918773770332336,0.998645007610321,0.9939343333244324,0.12627360224723816,0.7774273157119751,-0.4340302050113678,0.9982603788375854,0.9957149624824524,0.34079378843307495,0.8426427245140076,-0.6017102599143982,0.9959221482276917,0.994938850402832,0.1983153373003006,0.5388903021812439,-0.922623336315155,0.9972599148750305,0.9995742440223694,0.27855995297431946,0.2431018054485321,-0.0153286661952734,0.26858893036842346,0.2506105303764343,-0.0035395724698901176,0.35050132870674133,0.23832513391971588,-0.003376358188688755,0.33996516466140747,0.2334180474281311,-0.015401513315737247,0.2972922921180725,0.3560778796672821,0.009266197681427002,0.33003950119018555,0.3519790768623352,0.009438193403184414
53,5320,0.34176015853881836,0.8349427580833435,7.712690575090164e-08,0.3136981725692749,0.8266732096672058,0.0019383563194423914,0.29181745648384094,0.8409894704818726,0.0011991274077445269,0.283930242061615,0.87132728099823,0.00022895049187354743,0.2830795645713806,0.8948938846588135,-0.0012132292613387108,0.2847817540168762,0.8619422316551208,-0.005583314225077629,0.262162983417511,0.8958672881126404,-0.009112144820392132,0.25080224871635437,0.9188820123672485,-0.010825074277818203,0.24493424594402313,0.9378681182861328,-0.011442553251981735,0.29514122009277344,0.8857897520065308,-0.008139786310493946,0.27524715662002563,0.9292948246002197,-0.011032557114958763,0.2682633399963379,0.9529075622558594,-0.011830346658825874,0.2659611999988556,0.9691036939620972,-0.012015734799206257,0.3064047694206238,0.9047141075134277,-0.009976912289857864,0.2870468199253082,0.9436100721359253,-0.010879330337047577,0.2785453796386719,0.9627984762191772,-0.01042200531810522,0.2742888033390045,0.9757588505744934,-0.010113292373716831,0.31715303659439087,0.9178186058998108,-0.011473237536847591,0.3003111779689789,0.946249783039093,-0.011551753617823124,0.29169920086860657,0.9610714316368103,-0.009972396306693554,0.28588584065437317,0.972062349319458,-0.008351074531674385,0.18622265756130219,0.510252833366394,9.642474374516041e-09,0.20309576392173767,0.4819287359714508,-0.00867102388292551,0.21212543547153473,0.4431418478488922,-0.011915489099919796,0.21210257709026337,0.4130707085132599,-0.01463809609413147,0.21623654663562775,0.3897174596786499,-0.01770089939236641,0.18795278668403625,0.42454442381858826,-0.006681299768388271,0.1807929426431656,0.4017908275127411,-0.013153993524610996,0.17575974762439728,0.3922960162162781,-0.01926601305603981,0.170821413397789,0.3839814066886902,-0.02353810891509056,0.17373085021972656,0.43443918228149414,-0.006446151062846184,0.1648898422718048,0.41266703605651855,-0.01142818108201027,0.15967202186584473,0.40271928906440735,-0.016497939825057983,0.15512430667877197,0.39330241084098816,-0.020653516054153442,0.1629493087530136,0.449344664812088,-0.007357987109571695,0.1537550687789917,0.4283275902271271,-0.012371104210615158,0.14914309978485107,0.4177969694137573,-0.014925996772944927,0.14578428864479065,0.4072842001914978,-0.017034556716680527,0.15460722148418427,0.46828994154930115,-0.009142613038420677,0.14700710773468018,0.45187908411026,-0.01323326863348484,0.14354734122753143,0.4432443380355835,-0.014104656875133514,0.14090773463249207,0.4350365400314331,-0.014730751514434814,0.4228202700614929,0.46864110231399536,-0.16506503522396088,0.9998890161514282,0.999176561832428,0.21279005706310272,0.47468167543411255,-0.16153065860271454,0.9999369978904724,0.9996119141578674,0.48164600133895874,0.780034065246582,-0.21775075793266296,0.998579204082489,0.991763710975647,0.12431327998638153,0.7764832377433777,-0.40821561217308044,0.998016357421875,0.9934931397438049,0.3417964279651642,0.8465301394462585,-0.5431916117668152,0.9956673383712769,0.9924134612083435,0.18213902413845062,0.5412262082099915,-0.9145943522453308,0.9971105456352234,0.9993658661842346,0.2770498991012573,0.21975982189178467,-0.010759996250271797,0.2664625644683838,0.23071637749671936,0.0005028555751778185,0.3499191999435425,0.21925367414951324,0.001791472197510302,0.3395320773124695,0.21074795722961426,-0.010020125657320023,0.293751984834671,0.3392082750797272,0.006601371336728334,0.32990625500679016,0.33573824167251587,0.0070892213843762875
54,5400,0.3406372666358948,0.8361188769340515,7.192057438487609e-08,0.31305962800979614,0.827821671962738,0.002246313728392124,0.29100728034973145,0.8419963121414185,0.0015313271433115005,0.2834954857826233,0.8729655742645264,0.0006063235341571271,0.2830384373664856,0.8971198201179504,-0.0007915202877484262,0.28380730748176575,0.8640318512916565,-0.005840684287250042,0.2606952488422394,0.8973236083984375,-0.009273058734834194,0.2497054785490036,0.9206508994102478,-0.01069682091474533,0.24447670578956604,0.9397165179252625,-0.011094911955296993,0.29435986280441284,0.8875505924224854,-0.008538009598851204,0.2740781605243683,0.9306408762931824,-0.011490627191960812,0.26755037903785706,0.953902006149292,-0.012041646987199783,0.2657875716686249,0.969955563545227,-0.01200858224183321,0.30582475662231445,0.9061304330825806,-0.01046111062169075,0.2863560616970062,0.9448285102844238,-0.011322005651891232,0.27802878618240356,0.9641553163528442,-0.010706826113164425,0.27396360039711,0.9774277210235596,-0.010318492539227009,0.31678351759910583,0.918994665145874,-0.01199475396424532,0.29995280504226685,0.947276771068573,-0.01203245110809803,0.29140007495880127,0.962242841720581,-0.010429341346025467,0.2856030762195587,0.9735550880432129,-0.008815670385956764,0.17644454538822174,0.5060310363769531,1.3115641195327044e-07,0.19240108132362366,0.4712846875190735,-0.007440853863954544,0.19636595249176025,0.4283859133720398,-0.009596165269613266,0.19364386796951294,0.3962836265563965,-0.011343695223331451,0.19653484225273132,0.3707836866378784,-0.013195821084082127,0.17223571240901947,0.40449896454811096,-0.002909600269049406,0.16250798106193542,0.37763115763664246,-0.007701592985540628,0.15477032959461212,0.36281660199165344,-0.012548423372209072,0.14676296710968018,0.35090315341949463,-0.01609792746603489,0.15876297652721405,0.41507619619369507,-0.003024172503501177,0.14825686812400818,0.38623592257499695,-0.006926345638930798,0.1403111219406128,0.3696594536304474,-0.011575846001505852,0.13262781500816345,0.35489577054977417,-0.014881013892591,0.14818789064884186,0.43135079741477966,-0.004299812484532595,0.13806501030921936,0.40312460064888,-0.008611292578279972,0.1314237266778946,0.38591673970222473,-0.011803483590483665,0.12526710331439972,0.36971449851989746,-0.013764698058366776,0.13984337449073792,0.4535007178783417,-0.006319141015410423,0.13225890696048737,0.42966341972351074,-0.010298111476004124,0.12807515263557434,0.41437828540802,-0.011616522446274757,0.12426074594259262,0.3993276357650757,-0.012001985684037209,0.4226406514644623,0.46913057565689087,-0.1580345332622528,0.999880850315094,0.9991907477378845,0.21258938312530518,0.4744534492492676,-0.1510772407054901,0.9999328255653381,0.9996229410171509,0.4816604554653168,0.7798389196395874,-0.1980651170015335,0.9984928369522095,0.9918113946914673,0.1241343766450882,0.7756468057632446,-0.40034812688827515,0.9977752566337585,0.9936313033103943,0.3423539400100708,0.8474267721176147,-0.5280353426933289,0.995405375957489,0.9921552538871765,0.17679613828659058,0.5386906266212463,-0.9330652356147766,0.9970045685768127,0.9993962049484253,0.27737924456596375,0.2086746245622635,-0.00718330591917038,0.2665688693523407,0.22126787900924683,0.00359137705527246,0.34901803731918335,0.21108026802539825,0.005549461580812931,0.3384149968624115,0.20074127614498138,-0.006019640248268843,0.29294127225875854,0.331611692905426,0.0038657733239233494,0.3285486698150635,0.32840287685394287,0.004734886344522238
55,5520,0.33984705805778503,0.8376445174217224,7.909979871101314e-08,0.31150761246681213,0.8301069140434265,0.0021546680945903063,0.2901230752468109,0.8452345132827759,0.0012951726093888283,0.2840609550476074,0.8767618536949158,0.00022615722264163196,0.2847396731376648,0.9006660580635071,-0.0013391985557973385,0.2834780812263489,0.8653213381767273,-0.0060302638448774815,0.26027217507362366,0.8991250395774841,-0.00959533080458641,0.24918624758720398,0.9225842356681824,-0.011046746745705605,0.2435545176267624,0.9417266845703125,-0.011450707912445068,0.2943383455276489,0.888986349105835,-0.008696128614246845,0.27384647727012634,0.9326678514480591,-0.0119021600112319,0.2671886384487152,0.9560040831565857,-0.012466211803257465,0.26510509848594666,0.9715871214866638,-0.01234477385878563,0.3058471381664276,0.9076682329177856,-0.010590259917080402,0.2861426770687103,0.9468719959259033,-0.011667660437524319,0.2776520252227783,0.966040849685669,-0.010960839688777924,0.2732835114002228,0.9786432981491089,-0.01036666240543127,0.316550076007843,0.9204081296920776,-0.012093552388250828,0.2995060086250305,0.9494079351425171,-0.012070689350366592,0.29095259308815,0.964114785194397,-0.010206546634435654,0.28521928191185,0.9748366475105286,-0.008369849994778633,0.16954666376113892,0.49871626496315,1.0118969839822967e-07,0.18485192954540253,0.46679526567459106,-0.009361033327877522,0.18893925845623016,0.4236399829387665,-0.012861055321991444,0.1837402582168579,0.3912360370159149,-0.015447724610567093,0.1860029697418213,0.36446356773376465,-0.018177740275859833,0.1625695824623108,0.3989238739013672,-0.007626299746334553,0.15113164484500885,0.37081781029701233,-0.014024985954165459,0.14260059595108032,0.35631459951400757,-0.01950214058160782,0.13411107659339905,0.3446534276008606,-0.023463185876607895,0.14889252185821533,0.4106541872024536,-0.007359111215919256,0.1366458237171173,0.3793388307094574,-0.01294237282127142,0.12783928215503693,0.3629568815231323,-0.017859790474176407,0.11910982429981232,0.3488090932369232,-0.021364986896514893,0.13886015117168427,0.4279332756996155,-0.008250460959970951,0.12688763439655304,0.39715996384620667,-0.01400113943964243,0.11961971968412399,0.3795930743217468,-0.017439844086766243,0.11254937201738358,0.36319807171821594,-0.01959851384162903,0.13110682368278503,0.4504752457141876,-0.009935358539223671,0.1214376837015152,0.42578309774398804,-0.015285173431038857,0.11666126549243927,0.4104844331741333,-0.01724543608725071,0.11223086714744568,0.39487144351005554,-0.018117152154445648,0.422301709651947,0.4701906740665436,-0.1593465805053711,0.999870777130127,0.9990549683570862,0.21160896122455597,0.47425007820129395,-0.15038563311100006,0.9999281167984009,0.9995962977409363,0.4816536009311676,0.7797026634216309,-0.19845329225063324,0.9983895421028137,0.9897117614746094,0.12452363967895508,0.7748954892158508,-0.40259671211242676,0.9974912405014038,0.9924241304397583,0.34261977672576904,0.8480210900306702,-0.5237771272659302,0.9950966238975525,0.9905096292495728,0.166392982006073,0.5367435812950134,-0.9461841583251953,0.9968647956848145,0.9993289709091187,0.2765614688396454,0.20002850890159607,-0.005401213187724352,0.26572367548942566,0.21411624550819397,0.005215019918978214,0.34824758768081665,0.2040095031261444,0.00701444037258625,0.3375522196292877,0.19252118468284607,-0.0043705664575099945,0.29213079810142517,0.3249691128730774,0.002679151250049472,0.32839226722717285,0.32223060727119446,0.0035562552511692047
56,5600,0.33957213163375854,0.8382354974746704,7.968877469011204e-08,0.311399906873703,0.8300274014472961,0.00174309394787997,0.29021549224853516,0.8444154858589172,0.0008019237429834902,0.2834608256816864,0.8752056360244751,-0.00037109246477484703,0.2830912172794342,0.8990651965141296,-0.002044391119852662,0.28343665599823,0.8674750924110413,-0.005872162524610758,0.2606106996536255,0.8998672962188721,-0.009611696936190128,0.2493588924407959,0.922451913356781,-0.01140904426574707,0.24346746504306793,0.9412076473236084,-0.012121303007006645,0.29406237602233887,0.8909403681755066,-0.008513792417943478,0.27408814430236816,0.9329732656478882,-0.01188990380614996,0.26733678579330444,0.9556818008422852,-0.012721991166472435,0.26522019505500793,0.9710468053817749,-0.012844311073422432,0.30565357208251953,0.9090328812599182,-0.010489694774150848,0.2863345146179199,0.9472531676292419,-0.011814855970442295,0.27765393257141113,0.9659469127655029,-0.01132495328783989,0.27307963371276855,0.9782232642173767,-0.010916381143033504,0.3166579008102417,0.9210838675498962,-0.012143159285187721,0.2997617721557617,0.949215292930603,-0.01245381310582161,0.2910880744457245,0.9636066555976868,-0.010840926319360733,0.28523415327072144,0.9742320775985718,-0.009187783114612103,0.16785548627376556,0.5022240281105042,7.772762700142266e-08,0.1848295032978058,0.4677983820438385,-0.00958759430795908,0.1887168288230896,0.4238397479057312,-0.013098970986902714,0.18395456671714783,0.39041203260421753,-0.015727851539850235,0.18685710430145264,0.36274048686027527,-0.018492942675948143,0.16142117977142334,0.3996700048446655,-0.006855121348053217,0.15073157846927643,0.37153878808021545,-0.012947444804012775,0.14199721813201904,0.3569933772087097,-0.01836610957980156,0.13304409384727478,0.34502601623535156,-0.02239113673567772,0.147984579205513,0.41099444031715393,-0.006345852743834257,0.1355692744255066,0.37940579652786255,-0.011651791632175446,0.12685728073120117,0.36275210976600647,-0.016634155064821243,0.11810143291950226,0.34861308336257935,-0.020179953426122665,0.13794638216495514,0.4279097318649292,-0.007007066626101732,0.12575039267539978,0.3970119059085846,-0.01246001198887825,0.11811811476945877,0.37961503863334656,-0.0156214265152812,0.1104949414730072,0.36332571506500244,-0.01762818545103073,0.13005220890045166,0.4505069851875305,-0.008534503169357777,0.12004302442073822,0.42554211616516113,-0.013434064574539661,0.11520454287528992,0.4098284840583801,-0.014984364621341228,0.11079578101634979,0.3942944407463074,-0.015649577602744102,0.4222913384437561,0.47031474113464355,-0.160772904753685,0.9998606443405151,0.9990366697311401,0.21128752827644348,0.4737074673175812,-0.14845235645771027,0.9999229907989502,0.9995750784873962,0.4816914200782776,0.7794849872589111,-0.19829390943050385,0.9982932806015015,0.989960789680481,0.12469103187322617,0.7746096849441528,-0.40114626288414,0.9972125291824341,0.9925640225410461,0.34264686703681946,0.8482444882392883,-0.5181280374526978,0.9948025345802307,0.9905836582183838,0.1644294410943985,0.5359610915184021,-0.9446325302124023,0.9967179894447327,0.9993151426315308,0.2771470546722412,0.19579854607582092,-0.005093293730169535,0.266273558139801,0.2101101577281952,0.005307181738317013,0.3479323983192444,0.20111635327339172,0.007520042359828949,0.3372717499732971,0.18893498182296753,-0.003724964102730155,0.29162395000457764,0.32133832573890686,0.002524381736293435,0.32871735095977783,0.31855762004852295,0.0036048502661287785
57,5720,0.33909592032432556,0.8386008739471436,8.34777722502622e-08,0.3110344111919403,0.8301968574523926,0.0013499836204573512,0.2901225686073303,0.8441624641418457,0.00022890880063641816,0.2835334241390228,0.8745071291923523,-0.0010750892106443644,0.28312358260154724,0.8983161449432373,-0.0028609451837837696,0.28323379158973694,0.867841362953186,-0.006283196620643139,0.26039546728134155,0.8997653722763062,-0.01012173481285572,0.24904648959636688,0.9223892688751221,-0.011993846856057644,0.24305137991905212,0.9413946270942688,-0.01277553103864193,0.29388707876205444,0.8912045955657959,-0.008766373619437218,0.27419182658195496,0.932799220085144,-0.01222099270671606,0.2675830125808716,0.9558336734771729,-0.013101874850690365,0.2655251622200012,0.9714862704277039,-0.013281425461173058,0.3054834008216858,0.9092153310775757,-0.010608351789414883,0.2863711714744568,0.9470253586769104,-0.011966148391366005,0.2778784930706024,0.9658113121986389,-0.01146782748401165,0.2733822762966156,0.9781028628349304,-0.011067471466958523,0.31650510430336,0.9212141036987305,-0.01217631809413433,0.2998540699481964,0.9491173028945923,-0.012569849379360676,0.29129478335380554,0.963823676109314,-0.011024183593690395,0.2855270802974701,0.9747142791748047,-0.009407635778188705,0.16944055259227753,0.5015772581100464,6.689185028108113e-08,0.18607820570468903,0.4647771418094635,-0.008185284212231636,0.18963943421840668,0.42019233107566833,-0.011115479283034801,0.18453052639961243,0.38813266158103943,-0.01344598550349474,0.187038853764534,0.36119788885116577,-0.015927614644169807,0.16215351223945618,0.39774632453918457,-0.005435703322291374,0.15096426010131836,0.3699988126754761,-0.011140991002321243,0.14219354093074799,0.3559037148952484,-0.016375044360756874,0.13321897387504578,0.3444942235946655,-0.020220354199409485,0.14866763353347778,0.4098358452320099,-0.005502177402377129,0.13587404787540436,0.3787386417388916,-0.01025241706520319,0.12741002440452576,0.3623918890953064,-0.014945697970688343,0.11893513798713684,0.3484674096107483,-0.01835864968597889,0.1386500746011734,0.4269695580005646,-0.00666780536994338,0.126229390501976,0.3967013657093048,-0.011491091921925545,0.11879114806652069,0.3794996440410614,-0.014370537362992764,0.11135506629943848,0.36357372999191284,-0.016297422349452972,0.13097785413265228,0.44926005601882935,-0.008618488907814026,0.12077976763248444,0.4245838522911072,-0.012803997844457626,0.11600534617900848,0.4093497693538666,-0.01395876333117485,0.11156165599822998,0.39468199014663696,-0.014451882801949978,0.421968549489975,0.47052454948425293,-0.16018562018871307,0.9998520612716675,0.9990859031677246,0.21067556738853455,0.47307467460632324,-0.1454174816608429,0.9999181628227234,0.9995654225349426,0.481717586517334,0.7788594365119934,-0.20102457702159882,0.9982051253318787,0.9900542497634888,0.12482724338769913,0.7743444442749023,-0.401030957698822,0.9969541430473328,0.9922178983688354,0.3426896035671234,0.848293125629425,-0.5303131937980652,0.9945470094680786,0.9906136989593506,0.16387870907783508,0.5356042981147766,-0.94568932056427,0.9965782761573792,0.9992648959159851,0.2774191200733185,0.1920028030872345,-0.00481197377666831,0.26653146743774414,0.20655161142349243,0.005604021716862917,0.3483806848526001,0.19702279567718506,0.0077663930132985115,0.33776363730430603,0.18453669548034668,-0.0034608629066497087,0.29159924387931824,0.3169444799423218,0.002400616416707635,0.3289302885532379,0.3142178952693939,0.0034138995688408613
58,5800,0.33926820755004883,0.8384557962417603,8.081625679778881e-08,0.3110698461532593,0.830188512802124,0.0014937478117644787,0.29001814126968384,0.8446176052093506,0.0004624348075594753,0.2833782732486725,0.875338613986969,-0.0007434252765960991,0.28311774134635925,0.8993768095970154,-0.002408282132819295,0.2833516001701355,0.8671837449073792,-0.006275530438870192,0.26056089997291565,0.899228036403656,-0.010112768039107323,0.2494133710861206,0.9222002625465393,-0.011909086257219315,0.24368461966514587,0.9413290619850159,-0.01260783988982439,0.29390785098075867,0.8907496333122253,-0.008750279434025288,0.2743108868598938,0.9328165054321289,-0.01221863366663456,0.26781806349754333,0.9558452367782593,-0.012943373061716557,0.26581642031669617,0.971361517906189,-0.012972637079656124,0.30542057752609253,0.909124493598938,-0.010567992925643921,0.2863285541534424,0.9473575353622437,-0.011922946199774742,0.2778880298137665,0.966036856174469,-0.011257116682827473,0.27343225479125977,0.9782284498214722,-0.010699504986405373,0.3163194954395294,0.9214781522750854,-0.01209034863859415,0.2996092736721039,0.9496837258338928,-0.012411024421453476,0.2911076843738556,0.9643356800079346,-0.01073032058775425,0.285460501909256,0.9751642346382141,-0.00899419840425253,0.16995880007743835,0.5007633566856384,7.329074236395172e-08,0.1862783282995224,0.46491432189941406,-0.008668312802910805,0.19039806723594666,0.4209457337856293,-0.012022036127746105,0.18595367670059204,0.38817888498306274,-0.014744930900633335,0.18806874752044678,0.3600448966026306,-0.017548706382513046,0.16306523978710175,0.3964853286743164,-0.005607279017567635,0.15236148238182068,0.36781176924705505,-0.011557030491530895,0.14393651485443115,0.35363540053367615,-0.016956128180027008,0.13527408242225647,0.34233173727989197,-0.020822439342737198,0.1495043784379959,0.4081689715385437,-0.005512777250260115,0.1372326910495758,0.3765333592891693,-0.010357154533267021,0.12903958559036255,0.3601208031177521,-0.015086558647453785,0.12083864212036133,0.34639793634414673,-0.01849345490336418,0.13939395546913147,0.42529693245887756,-0.006599524058401585,0.12751759588718414,0.39481887221336365,-0.011439647525548935,0.12021496891975403,0.3774252235889435,-0.014261563308537006,0.11294300854206085,0.36145368218421936,-0.016132475808262825,0.13159680366516113,0.4477059841156006,-0.008531291969120502,0.12165768444538116,0.4228455722332001,-0.012686297297477722,0.11699827760457993,0.40753409266471863,-0.013744618743658066,0.11269044876098633,0.3928825855255127,-0.014142698608338833,0.4215041697025299,0.47055041790008545,-0.1584559679031372,0.9998449087142944,0.9991098046302795,0.21027424931526184,0.4729969799518585,-0.14284449815750122,0.999914288520813,0.9995798468589783,0.4818081855773926,0.7784687280654907,-0.2017579823732376,0.9981207251548767,0.9899817109107971,0.12488671392202377,0.7742452025413513,-0.40118712186813354,0.9967232346534729,0.9921259880065918,0.34271350502967834,0.8482942581176758,-0.5390543341636658,0.9943190813064575,0.9906779527664185,0.16404679417610168,0.5352677702903748,-0.9506885409355164,0.9964539408683777,0.99925297498703,0.2783595025539398,0.18888458609580994,-0.005932976491749287,0.2672377824783325,0.20329195261001587,0.0043102349154651165,0.34901750087738037,0.19493958353996277,0.007815311662852764,0.33861812949180603,0.18245166540145874,-0.003656279994174838,0.2916826009750366,0.3131733238697052,0.0026170434430241585,0.3295811116695404,0.31110456585884094,0.004272682126611471
59,5920,0.3400367200374603,0.8382596373558044,7.327311379867751e-08,0.3120749890804291,0.829446017742157,0.0016195345669984818,0.29063281416893005,0.8442511558532715,0.0007996464846655726,0.2828521132469177,0.874528706073761,-0.00016851237160153687,0.28161171078681946,0.8985636234283447,-0.0015145696233958006,0.2841396629810333,0.8663578033447266,-0.006060950458049774,0.2612382769584656,0.8983414769172668,-0.009808093309402466,0.25027552247047424,0.9216572642326355,-0.011488223448395729,0.2447451949119568,0.9408870935440063,-0.012102028355002403,0.2943262457847595,0.890261709690094,-0.008474559523165226,0.27466869354248047,0.9332844614982605,-0.011717735789716244,0.2680831253528595,0.9561936259269714,-0.0122957369312644,0.26598548889160156,0.9714089632034302,-0.012251578271389008,0.30553820729255676,0.9086788892745972,-0.010227764025330544,0.2866934835910797,0.9475615620613098,-0.01141410693526268,0.2782304286956787,0.96640545129776,-0.010747741907835007,0.2736530601978302,0.9788380861282349,-0.010257949121296406,0.316120982170105,0.9208048582077026,-0.011672085151076317,0.2998184561729431,0.9493051767349243,-0.011928376741707325,0.2915472090244293,0.9642226696014404,-0.010315378196537495,0.2859778106212616,0.9754732847213745,-0.008669138886034489,0.17264598608016968,0.512252926826477,6.134702346116683e-08,0.18927264213562012,0.47786572575569153,-0.0079521294683218,0.19469857215881348,0.4353470504283905,-0.0111401891335845,0.1923234462738037,0.40209823846817017,-0.013914951123297215,0.1948976218700409,0.37400245666503906,-0.016821060329675674,0.1712176501750946,0.40774282813072205,-0.004663651809096336,0.16270381212234497,0.37688300013542175,-0.010452281683683395,0.1557953953742981,0.3605501353740692,-0.01588420383632183,0.1489138901233673,0.3470209538936615,-0.019850777462124825,0.15799859166145325,0.41733282804489136,-0.004966392647475004,0.14892594516277313,0.38373035192489624,-0.00953696109354496,0.14249753952026367,0.3654501736164093,-0.014159644022583961,0.13561882078647614,0.34957703948020935,-0.01763203926384449,0.14769449830055237,0.4327215850353241,-0.006442449986934662,0.13882970809936523,0.40066829323768616,-0.011089149862527847,0.13328860700130463,0.3822866380214691,-0.013498086482286453,0.1275787204504013,0.3651912212371826,-0.015183135867118835,0.1391071081161499,0.45353132486343384,-0.008762617595493793,0.13157576322555542,0.4278489351272583,-0.012686582282185555,0.1280921846628189,0.41155433654785156,-0.013379020616412163,0.12477433681488037,0.3958110511302948,-0.013626503758132458,0.4214951992034912,0.46999821066856384,-0.15100893378257751,0.9998397827148438,0.9992213249206543,0.21012277901172638,0.47167205810546875,-0.13688817620277405,0.999910295009613,0.9995577931404114,0.482391893863678,0.778425931930542,-0.21118661761283875,0.9980849027633667,0.9922099113464355,0.12590377032756805,0.776261568069458,-0.4013257622718811,0.9965638518333435,0.9923794269561768,0.34318581223487854,0.848025918006897,-0.5692588090896606,0.9942463040351868,0.9927091598510742,0.1645033210515976,0.5350099802017212,-0.955132782459259,0.9963898658752441,0.9992825388908386,0.2790789008140564,0.17955994606018066,-0.004116190131753683,0.26797929406166077,0.19343829154968262,0.006162990815937519,0.34979721903800964,0.18750011920928955,0.008824157528579235,0.3393027186393738,0.17522521317005157,-0.0024798631202429533,0.29150721430778503,0.30181068181991577,0.002017207210883498,0.3306610882282257,0.3006819188594818,0.003261190140619874
60,6000,0.3427779972553253,0.837365448474884,6.814322972559239e-08,0.31517720222473145,0.8286502361297607,0.0012977434089407325,0.2938005328178406,0.8434804081916809,0.00013400777243077755,0.2859744131565094,0.8737027049064636,-0.0012805493315681815,0.2845100164413452,0.8983334302902222,-0.0030994489789009094,0.2859117090702057,0.8614371418952942,-0.006085047964006662,0.26305004954338074,0.8935772180557251,-0.010514757595956326,0.2521410882472992,0.9161086082458496,-0.012746775522828102,0.2463870793581009,0.9345051646232605,-0.01366352941840887,0.2957855463027954,0.8855350613594055,-0.008729496970772743,0.2757217586040497,0.9278143644332886,-0.012781617231667042,0.26913467049598694,0.951453685760498,-0.014000955037772655,0.26694220304489136,0.9677236676216125,-0.01425811368972063,0.30686014890670776,0.9046370387077332,-0.010820879600942135,0.28750717639923096,0.9431063532829285,-0.01274221669882536,0.2792574465274811,0.9626001119613647,-0.012489440850913525,0.27485787868499756,0.9759156703948975,-0.012085623107850552,0.3175334632396698,0.9180833697319031,-0.01264948956668377,0.30065977573394775,0.9457422494888306,-0.013578392565250397,0.29231181740760803,0.9612235426902771,-0.01234314776957035,0.28685739636421204,0.9735506176948547,-0.010834000073373318,0.17395110428333282,0.5353209376335144,-1.3448381075420457e-08,0.19263947010040283,0.5161944627761841,-0.007414044812321663,0.20480644702911377,0.47650134563446045,-0.010344963520765305,0.2089291512966156,0.4439915716648102,-0.013088150881230831,0.21198680996894836,0.41712039709091187,-0.015291707590222359,0.1849926859140396,0.432481586933136,-0.0016924605006352067,0.18133458495140076,0.3946165144443512,-0.008590213023126125,0.1834343522787094,0.3869190216064453,-0.014617949724197388,0.18596069514751434,0.3921980857849121,-0.017531080171465874,0.17289051413536072,0.4362240135669708,-0.0013586404966190457,0.16936497390270233,0.3993282616138458,-0.006100161001086235,0.1725323349237442,0.39542967081069946,-0.010417991317808628,0.1754310429096222,0.4025382101535797,-0.01253561582416296,0.16252894699573517,0.44648388028144836,-0.002484730677679181,0.1588577926158905,0.41472965478897095,-0.006316125858575106,0.1614629477262497,0.40902554988861084,-0.007515855133533478,0.16380558907985687,0.4099257290363312,-0.00777154928073287,0.15297415852546692,0.46361976861953735,-0.004502648953348398,0.1498018205165863,0.4409296214580536,-0.006868596188724041,0.15211522579193115,0.4340153932571411,-0.0061334953643381596,0.15392832458019257,0.4316245913505554,-0.004953343421220779,0.4214872717857361,0.470002144575119,-0.19605377316474915,0.9998325705528259,0.9987984895706177,0.2077191174030304,0.46756473183631897,-0.17246098816394806,0.9999088644981384,0.999567449092865,0.48295193910598755,0.779270350933075,-0.26399877667427063,0.9980803728103638,0.9882163405418396,0.12168128788471222,0.7796697616577148,-0.4406128525733948,0.9964826107025146,0.9908121228218079,0.3432188034057617,0.8486464023590088,-0.6135927438735962,0.9941782355308533,0.9899419546127319,0.17186005413532257,0.551558256149292,-1.0028111934661865,0.9963566064834595,0.9991949200630188,0.28108423948287964,0.17014697194099426,-0.00370524893514812,0.2697727680206299,0.184004545211792,0.00642554322257638,0.3520139455795288,0.17942845821380615,0.009972579777240753,0.3416133522987366,0.1669551432132721,-0.0014858347130939364,0.2931174337863922,0.2911840081214905,0.0012774025090038776,0.33269262313842773,0.2910202741622925,0.002946578897535801
61,6120,0.3492121398448944,0.8306780457496643,2.7232220034534294e-08,0.3231303095817566,0.8131505250930786,0.0025082870852202177,0.2984931766986847,0.8222952485084534,0.002030884614214301,0.2812608778476715,0.8426218032836914,0.0012448129709810019,0.26875627040863037,0.8573500514030457,8.053826604736969e-05,0.2913224399089813,0.8344095349311829,-0.007554918993264437,0.26670747995376587,0.8656095266342163,-0.011784089729189873,0.25561121106147766,0.8850299119949341,-0.013125983998179436,0.24895556271076202,0.9009802341461182,-0.013303657993674278,0.29880374670028687,0.8598761558532715,-0.010520082898437977,0.273908793926239,0.8959671854972839,-0.013849914073944092,0.26380595564842224,0.9173250794410706,-0.014373592101037502,0.25857964158058167,0.9323490262031555,-0.014375167898833752,0.3074783384799957,0.8828921914100647,-0.012704815715551376,0.28393951058387756,0.9147042036056519,-0.013806290924549103,0.27292388677597046,0.9318856596946716,-0.013392455875873566,0.2662886381149292,0.9437376856803894,-0.013268393464386463,0.31624698638916016,0.9018018245697021,-0.014466899447143078,0.29648157954216003,0.9252339005470276,-0.014814503490924835,0.28600701689720154,0.9379594922065735,-0.013629259541630745,0.27797460556030273,0.9487136006355286,-0.012479668483138084,0.18193639814853668,0.619077742099762,5.6476565646335075e-08,0.2086329162120819,0.5930171012878418,-0.0013932795263826847,0.23155811429023743,0.5626901984214783,-0.0046933963894844055,0.24841459095478058,0.5414381623268127,-0.009178210981190205,0.25675588846206665,0.5268070101737976,-0.013436310924589634,0.2147158831357956,0.5086246728897095,-0.006450949236750603,0.23813027143478394,0.5163660049438477,-0.01713457703590393,0.2494504302740097,0.5390270352363586,-0.02502305805683136,0.25522249937057495,0.556003212928772,-0.029954396188259125,0.20414507389068604,0.5202713012695312,-0.01139426976442337,0.22861619293689728,0.5365503430366516,-0.020254142582416534,0.2423112690448761,0.5560787916183472,-0.02510068379342556,0.2500968873500824,0.5685843229293823,-0.02899790368974209,0.19474725425243378,0.5425350666046143,-0.016942143440246582,0.2197290062904358,0.5608193278312683,-0.02616364136338234,0.2312018722295761,0.5785015821456909,-0.027752265334129333,0.2375219762325287,0.5884943604469299,-0.028444966301321983,0.18778549134731293,0.5697636604309082,-0.022751402109861374,0.20882217586040497,0.5841638445854187,-0.02907085418701172,0.21696610748767853,0.5960151553153992,-0.02920934185385704,0.22139175236225128,0.6040014028549194,-0.028846215456724167,0.42107540369033813,0.4684903025627136,-0.19211646914482117,0.9998407959938049,0.999543309211731,0.20675726234912872,0.45465216040611267,-0.1966443955898285,0.9999139904975891,0.9998258948326111,0.4831058382987976,0.7800652384757996,-0.29608210921287537,0.9981880187988281,0.9948359727859497,0.11253408342599869,0.7816646099090576,-0.4894750118255615,0.9967107772827148,0.9969047904014587,0.343484103679657,0.8456544876098633,-0.6959778070449829,0.9944464564323425,0.9963654279708862,0.1973811239004135,0.5854172706604004,-1.0221054553985596,0.9964902997016907,0.9997105002403259,0.28587520122528076,0.156297504901886,-0.002328947652131319,0.2743915617465973,0.17026817798614502,0.0073520829901099205,0.35464298725128174,0.1686042845249176,0.01070856861770153,0.3445930778980255,0.15520219504833221,-0.00021384605497587472,0.2948860824108124,0.2763034403324127,0.00048124976456165314,0.3345927298069,0.2773929238319397,0.0022102745715528727
62,6200,0.35591909289360046,0.8192188143730164,1.7698166487889466e-08,0.3327808380126953,0.7951073050498962,0.0012728681322187185,0.30593445897102356,0.7963477373123169,-1.4577870388166048e-05,0.28468823432922363,0.8112301826477051,-0.0014996309764683247,0.2680911123752594,0.8203426599502563,-0.0033806723076850176,0.297914981842041,0.8095521330833435,-0.007470625452697277,0.27171850204467773,0.8352903723716736,-0.012153588235378265,0.2597516179084778,0.8523094654083252,-0.014187389984726906,0.2525697946548462,0.8674561381340027,-0.01490661408752203,0.30367377400398254,0.8360145092010498,-0.010184315964579582,0.2766793966293335,0.8636600971221924,-0.01366761140525341,0.26430946588516235,0.8818707466125488,-0.014961954206228256,0.25720253586769104,0.8962776064872742,-0.015843020752072334,0.3108941614627838,0.8600916266441345,-0.012346023693680763,0.28483131527900696,0.8849145174026489,-0.013999859802424908,0.2717627286911011,0.8993242383003235,-0.014105376787483692,0.26353615522384644,0.90997713804245,-0.014533421024680138,0.3184858560562134,0.8807668089866638,-0.014157389290630817,0.29636192321777344,0.8992546796798706,-0.015352503396570683,0.2843974828720093,0.9089520573616028,-0.014707568101584911,0.2748044729232788,0.9169232845306396,-0.014046946540474892,0.17963212728500366,0.6661663055419922,1.7654208761541668e-07,0.20497342944145203,0.6384046673774719,-0.002897768747061491,0.23694072663784027,0.6254171133041382,-0.006754951551556587,0.26376616954803467,0.6277438998222351,-0.010362806729972363,0.2848156690597534,0.6230199933052063,-0.01336370687931776,0.2361024022102356,0.5980594158172607,-0.012838267721235752,0.26798921823501587,0.6244927048683167,-0.020925108343362808,0.2824445068836212,0.6457443237304688,-0.024416688829660416,0.2919430136680603,0.6631945371627808,-0.026135707274079323,0.22855593264102936,0.6213423609733582,-0.01618148759007454,0.2623148560523987,0.6512892842292786,-0.022901339456439018,0.2780004143714905,0.6753110885620117,-0.024378536269068718,0.28857284784317017,0.6954774856567383,-0.025656001642346382,0.2203558385372162,0.6492204666137695,-0.019682832062244415,0.2522351145744324,0.6767410039901733,-0.025940073654055595,0.2675384283065796,0.7007980346679688,-0.025885889306664467,0.27864426374435425,0.7202785015106201,-0.025868190452456474,0.2125246375799179,0.6786566972732544,-0.023368755355477333,0.23708243668079376,0.6971471905708313,-0.028051253408193588,0.24855972826480865,0.7125164270401001,-0.027836307883262634,0.25725236535072327,0.7263259887695312,-0.02750830166041851,0.4208933413028717,0.46642062067985535,-0.19893595576286316,0.9998471140861511,0.9995560050010681,0.20364102721214294,0.4508967101573944,-0.18928292393684387,0.9999195337295532,0.999883770942688,0.48354750871658325,0.7792358994483948,-0.3325687348842621,0.9983055591583252,0.9953328967094421,0.1039266437292099,0.7754229307174683,-0.472491979598999,0.9969396591186523,0.9981252551078796,0.35322827100753784,0.8326101303100586,-0.7608066201210022,0.9948247075080872,0.9980013966560364,0.1953021138906479,0.6581240892410278,-1.0332484245300293,0.996650218963623,0.9997513890266418,0.2873140871524811,0.1489596664905548,-0.0011056445073336363,0.27570757269859314,0.16294723749160767,0.008541989140212536,0.356401264667511,0.16364985704421997,0.011949938721954823,0.34639716148376465,0.14949513971805573,0.0010805610800161958,0.2956801652908325,0.2674381732940674,-0.00017414313333574682,0.3351891338825226,0.2706776261329651,0.0014968256000429392
63,6320,0.3632489740848541,0.7944685220718384,2.016095290713338e-09,0.341663122177124,0.7728326916694641,0.0036747490521520376,0.3181428611278534,0.7693939208984375,0.004833068232983351,0.30253857374191284,0.7725977301597595,0.00454679736867547,0.2909604609012604,0.77773118019104,0.0035325640346854925,0.3033582270145416,0.7897873520851135,0.0004333088581915945,0.281341552734375,0.8017402291297913,-0.0033891634084284306,0.2681715786457062,0.8130143284797668,-0.00647713802754879,0.258521169424057,0.8249908685684204,-0.008748344145715237,0.30603867769241333,0.8108539581298828,-0.004238280467689037,0.28281885385513306,0.8263705968856812,-0.007840162143111229,0.2694191038608551,0.8410506844520569,-0.011035138741135597,0.25853052735328674,0.8558906316757202,-0.013556106947362423,0.312070369720459,0.8318924307823181,-0.008661213330924511,0.2890920042991638,0.848373532295227,-0.011969143524765968,0.27607473731040955,0.8617258667945862,-0.014398675411939621,0.2655155658721924,0.8747187256813049,-0.016388867050409317,0.3203800320625305,0.8527010083198547,-0.01270871888846159,0.30021047592163086,0.8657792210578918,-0.016512487083673477,0.2878354489803314,0.8751555681228638,-0.018108977004885674,0.27738505601882935,0.884708821773529,-0.019035449251532555,0.19606347382068634,0.7312471866607666,1.3157500688976143e-07,0.22258707880973816,0.7073679566383362,-0.0024944643955677748,0.25487661361694336,0.7065251469612122,-0.006017108913511038,0.2802310585975647,0.7148267030715942,-0.009097791276872158,0.2992241680622101,0.7131257057189941,-0.01184033416211605,0.2580118775367737,0.7073920369148254,-0.01410148199647665,0.2883896231651306,0.7304741144180298,-0.020933303982019424,0.3040810227394104,0.74777752161026,-0.02346288226544857,0.31543776392936707,0.7610735297203064,-0.024350222200155258,0.2501489520072937,0.7344658970832825,-0.016882020980119705,0.2821832001209259,0.7704343795776367,-0.021885264664888382,0.29758647084236145,0.7902494072914124,-0.022531915456056595,0.3084310293197632,0.8042656779289246,-0.023112008348107338,0.24099811911582947,0.7618911266326904,-0.019366899505257607,0.2707928419113159,0.7962554693222046,-0.023602761328220367,0.2851414084434509,0.8152844309806824,-0.023133203387260437,0.29545068740844727,0.8282310366630554,-0.02293471433222294,0.2319405972957611,0.7872839570045471,-0.021918756887316704,0.2565954327583313,0.8144668340682983,-0.02447117306292057,0.2666066288948059,0.8297336101531982,-0.02311048097908497,0.2741747796535492,0.8413046002388,-0.022037507966160774,0.421783447265625,0.4653951823711395,-0.19513635337352753,0.9998476505279541,0.9993858337402344,0.20364728569984436,0.4511653482913971,-0.15265624225139618,0.9999222755432129,0.9998157620429993,0.48484382033348083,0.7759169936180115,-0.36194056272506714,0.9983917474746704,0.9952558875083923,0.11119361966848373,0.7504790425300598,-0.4115235209465027,0.997102677822113,0.9977877140045166,0.35815703868865967,0.8232544660568237,-0.804892361164093,0.9951364994049072,0.9980594515800476,0.2120920717716217,0.7217644453048706,-0.9428225755691528,0.9966232180595398,0.9992689490318298,0.2891082167625427,0.1445234715938568,-0.0010979963699355721,0.2775370478630066,0.15822254121303558,0.008604494854807854,0.35750022530555725,0.1602618396282196,0.0113817248493433,0.34763750433921814,0.14585807919502258,0.0006892545497976243,0.2963360548019409,0.2623310387134552,0.0001476386096328497,0.3351327180862427,0.2662666141986847,0.0014285944635048509
64,6400,0.3637646436691284,0.7913416624069214,8.122470518401315e-08,0.3383235037326813,0.7689833045005798,0.0016872331034392118,0.309874951839447,0.762010931968689,0.004031972028315067,0.29096925258636475,0.7644498348236084,0.005483709741383791,0.2771185040473938,0.7721307277679443,0.007214573211967945,0.3038983643054962,0.7982622385025024,0.0060608647763729095,0.28393879532814026,0.8053191900253296,0.00414620153605938,0.2710181772708893,0.810958206653595,0.0021546201314777136,0.2606584131717682,0.8148423433303833,0.0005350731662474573,0.30731701850891113,0.8210092186927795,0.0032129480969160795,0.2874577045440674,0.8314879536628723,0.0007944160024635494,0.274319052696228,0.8389796614646912,-0.0021119466982781887,0.2612733840942383,0.8453310132026672,-0.004014769569039345,0.312764048576355,0.8399750590324402,-1.1093003195128404e-05,0.29285481572151184,0.8528817892074585,-0.0034224078990519047,0.28087979555130005,0.86015784740448,-0.004691516514867544,0.2686988115310669,0.8672640323638916,-0.005284490529447794,0.3187423646450043,0.8526878356933594,-0.0031665267888456583,0.3022432029247284,0.865385890007019,-0.0065765478648245335,0.29228466749191284,0.8729429244995117,-0.007202761247754097,0.2825011610984802,0.8789599537849426,-0.00712214782834053,0.20954066514968872,0.7598016858100891,9.857679117430962e-08,0.23253318667411804,0.7387518286705017,-0.001813274109736085,0.26203906536102295,0.7356393933296204,-0.004238191992044449,0.2841816842556,0.7414563298225403,-0.00637544970959425,0.3004703223705292,0.7462249994277954,-0.008470122702419758,0.2682628035545349,0.7489230632781982,-0.009652378968894482,0.2945110499858856,0.7668759226799011,-0.015749430283904076,0.30891746282577515,0.7800057530403137,-0.01875673048198223,0.3195827007293701,0.7903528213500977,-0.02027050405740738,0.2608630657196045,0.7746900320053101,-0.012790113687515259,0.28876474499702454,0.8055931925773621,-0.01754157431423664,0.3047012984752655,0.8246533870697021,-0.02014625258743763,0.3172151446342468,0.8404703140258789,-0.02203650213778019,0.25152716040611267,0.7993395924568176,-0.015805084258317947,0.2777213156223297,0.8318403959274292,-0.02063465490937233,0.29242029786109924,0.8523574471473694,-0.02293630689382553,0.3044651746749878,0.8682174682617188,-0.024467306211590767,0.24166184663772583,0.8211314082145691,-0.018645552918314934,0.2610698938369751,0.8465515971183777,-0.02295675501227379,0.2701515257358551,0.8621079325675964,-0.023502355441451073,0.2777720093727112,0.8752111792564392,-0.023494455963373184,0.4224034249782562,0.46418899297714233,-0.20950841903686523,0.9998452067375183,0.9992793202400208,0.20369283854961395,0.45124515891075134,-0.15322543680667877,0.9999227523803711,0.9997262358665466,0.4854215085506439,0.769734799861908,-0.3773701786994934,0.9984579086303711,0.9950788021087646,0.12308279424905777,0.7484118342399597,-0.3817160129547119,0.9972103834152222,0.996904194355011,0.37583738565444946,0.8218618631362915,-0.8294188380241394,0.9953970313072205,0.9975789189338684,0.2258603274822235,0.7704375386238098,-0.9149172902107239,0.9964814186096191,0.9983166456222534,0.2900828719139099,0.1428816318511963,-0.000983277102932334,0.2783028185367584,0.156474769115448,0.00859105959534645,0.3579634428024292,0.16121044754981995,0.011745572090148926,0.3483155369758606,0.14647847414016724,0.0010190539760515094,0.29553577303886414,0.2613726258277893,-8.366507245227695e-05,0.33520036935806274,0.2667654752731323,0.0013869061367586255
65,6520,0.3678211569786072,0.7936113476753235,9.518146271147998e-08,0.3463795781135559,0.7712131142616272,-0.002262044930830598,0.32088059186935425,0.7657884955406189,-0.0025662160478532314,0.3011407256126404,0.7725138664245605,-0.002710253931581974,0.28882479667663574,0.7857750654220581,-0.0025451560504734516,0.3126679062843323,0.7894335985183716,-0.0007274652598425746,0.29054945707321167,0.8013764023780823,-0.004483050666749477,0.2779579758644104,0.8108822703361511,-0.007414563558995724,0.2687931954860687,0.8196099996566772,-0.009334541857242584,0.31554773449897766,0.8143261671066284,-0.0014625381445512176,0.29382970929145813,0.8243228197097778,-0.004843976814299822,0.28144970536231995,0.8332667350769043,-0.00746911158785224,0.27066147327423096,0.8422337770462036,-0.009162797592580318,0.32003989815711975,0.8371114730834961,-0.002567223273217678,0.2997119426727295,0.8471822142601013,-0.005733123514801264,0.2881229817867279,0.8554461002349854,-0.006152752786874771,0.2776532471179962,0.8646851778030396,-0.006295989267528057,0.3249165415763855,0.8569003343582153,-0.003923812881112099,0.30707845091819763,0.8664200305938721,-0.006616642698645592,0.29711490869522095,0.8726605176925659,-0.0062050060369074345,0.2881676256656647,0.8799773454666138,-0.005397539120167494,0.21747854351997375,0.7877700924873352,7.34177092454047e-08,0.23971843719482422,0.7619856595993042,-0.0007239391561597586,0.2665497362613678,0.7557252049446106,-0.002596980892121792,0.28605586290359497,0.7652191519737244,-0.004382138606160879,0.29568833112716675,0.7792839407920837,-0.006272118538618088,0.27583229541778564,0.7807012796401978,-0.008501392789185047,0.3010084331035614,0.7943507432937622,-0.013722159899771214,0.31569039821624756,0.8057917952537537,-0.016721518710255623,0.32710564136505127,0.8150284886360168,-0.01868981122970581,0.2711072862148285,0.8096917271614075,-0.011790381744503975,0.2981690466403961,0.8364792466163635,-0.015341047197580338,0.3132665455341339,0.8524254560470581,-0.017202969640493393,0.3250992000102997,0.8642290234565735,-0.018763605505228043,0.26341739296913147,0.8344535827636719,-0.014812763780355453,0.28742343187332153,0.861006498336792,-0.018143512308597565,0.301791787147522,0.8766047954559326,-0.019320543855428696,0.3132224678993225,0.8873327374458313,-0.02033204212784767,0.2541493773460388,0.8542537689208984,-0.017762189731001854,0.27301105856895447,0.8756222128868103,-0.02037709765136242,0.28463175892829895,0.8867530226707458,-0.020039593800902367,0.2948438823223114,0.8946815729141235,-0.019670061767101288,0.4223879873752594,0.46390265226364136,-0.2075016051530838,0.9998446106910706,0.9993391633033752,0.20422980189323425,0.4515034556388855,-0.15167303383350372,0.999922513961792,0.9996815919876099,0.48588061332702637,0.7661596536636353,-0.37183600664138794,0.9985249042510986,0.9962756633758545,0.13025017082691193,0.7462297081947327,-0.3488481640815735,0.9972926378250122,0.9972754120826721,0.3815985918045044,0.8224515318870544,-0.8267885446548462,0.9956372976303101,0.9978269934654236,0.2352592498064041,0.7850503921508789,-0.8684940338134766,0.9962927103042603,0.9980775117874146,0.2907424569129944,0.1444530189037323,-0.001914967317134142,0.2787926197052002,0.15667939186096191,0.00789108220487833,0.35879120230674744,0.1638345569372177,0.011000567115843296,0.34923186898231506,0.14947068691253662,9.89087566267699e-05,0.29570475220680237,0.2610536217689514,0.00024802604457363486,0.33416128158569336,0.26762717962265015,0.0016800774028524756
66,6600,0.3701860010623932,0.795521080493927,8.551450747518174e-08,0.3497766852378845,0.7756955623626709,-0.002954864175990224,0.3251223862171173,0.7733211517333984,-0.003236329648643732,0.3065085709095001,0.7806400060653687,-0.003057465422898531,0.29627931118011475,0.7976343631744385,-0.0026816735044121742,0.31640321016311646,0.8048710823059082,-0.000633734802249819,0.2957364618778229,0.8197373747825623,-0.003607854014262557,0.28377488255500793,0.832588791847229,-0.006496124435216188,0.2751631736755371,0.8438040614128113,-0.00850559864193201,0.3201589584350586,0.8272629380226135,-0.0004990263259969652,0.30036661028862,0.8417072296142578,-0.00306908693164587,0.2878725528717041,0.8549115061759949,-0.005915749352425337,0.27758416533470154,0.8676797747612,-0.007990041747689247,0.3251635432243347,0.8464428782463074,-0.0006647202535532415,0.30644625425338745,0.8608992099761963,-0.0031483399216085672,0.29587024450302124,0.8722164630889893,-0.004018623381853104,0.28687340021133423,0.8843362331390381,-0.004604116547852755,0.330440491437912,0.8614209294319153,-0.0011296742595732212,0.31384244561195374,0.8748401403427124,-0.0036938346456736326,0.3045577108860016,0.8834626078605652,-0.003719922387972474,0.2964296340942383,0.892097532749176,-0.0032523423433303833,0.22262100875377655,0.8031119704246521,1.4339238418870082e-07,0.24503354728221893,0.7748160362243652,-0.0011752130230888724,0.2725268602371216,0.7671327590942383,-0.003407768439501524,0.293491393327713,0.7753853797912598,-0.00501919724047184,0.30747365951538086,0.7829111814498901,-0.006517460104078054,0.27937108278274536,0.791915237903595,-0.011277801357209682,0.30565106868743896,0.8079584240913391,-0.016669077798724174,0.3207321763038635,0.8197888731956482,-0.019211774691939354,0.3320918083190918,0.8293946385383606,-0.020454075187444687,0.2741520404815674,0.8218773603439331,-0.013434949330985546,0.301872193813324,0.8497699499130249,-0.016476426273584366,0.3172714114189148,0.8664880990982056,-0.017309103161096573,0.3287699222564697,0.8778989911079407,-0.018119685351848602,0.26672571897506714,0.8470812439918518,-0.015116510912775993,0.2921096682548523,0.8737090826034546,-0.01746697723865509,0.30589306354522705,0.8872833251953125,-0.017294159159064293,0.3164874315261841,0.8957341313362122,-0.0174047090113163,0.25852108001708984,0.86690354347229,-0.01668279431760311,0.278372198343277,0.8878191709518433,-0.018572598695755005,0.28999918699264526,0.8986248970031738,-0.017588773742318153,0.29975640773773193,0.9058283567428589,-0.01661110296845436,0.4223998486995697,0.4637651741504669,-0.20085349678993225,0.9998430609703064,0.9993571639060974,0.20439180731773376,0.4529206156730652,-0.1357138603925705,0.9999212026596069,0.9996415376663208,0.48590007424354553,0.7653132081031799,-0.37137338519096375,0.9986057281494141,0.9971753358840942,0.13357266783714294,0.7466825842857361,-0.33510977029800415,0.9973940253257751,0.9976220726966858,0.3855631947517395,0.822540819644928,-0.8331544995307922,0.9959137439727783,0.9984403252601624,0.23746366798877716,0.7943488359451294,-0.8679369688034058,0.9962461590766907,0.9982303977012634,0.29090002179145813,0.1444849818944931,-0.003041169373318553,0.27898624539375305,0.15675409138202667,0.006890266202390194,0.35879576206207275,0.16434361040592194,0.009980403818190098,0.34925606846809387,0.1499730944633484,-0.001048626727424562,0.2960297465324402,0.26302778720855713,0.0008904309943318367,0.3337136209011078,0.2687445282936096,0.0022702079731971025
